mtllib zoo_map.mtl
# vertices
v -64 -16 -960
v -64 -16 -448
v -64 0 -448
v -64 0 -960
v 448 0 -448
v 448 -16 -448
v 448 -16 -960
v 448 0 -960
v -64 0 -976
v -64 0 -960
v -64 256 -960
v -64 256 -976
v 448 256 -960
v 448 0 -960
v 448 0 -976
v 448 256 -976
v -16 6.6108145786663295 -518.6274169979697
v -16 6.610814578666313 -505.37258300203393
v -16 65.38918542132893 -505.3725830020194
v -16 65.38918542132821 -518.6274169979671
v -14.070163865147999 4 -506.1719473022473
v -14.07016386514799 4 -517.8280526977563
v -14.070163865139879 68 -517.8280526977651
v -14.070163865140712 68 -506.17194019511464
v -6.627416997987723 65.38918948423759 -496
v -6.6274169979679645 6.610814578673214 -496
v -6.6274169979692665 6.610814578665172 -528
v -6.62741699796627 65.38918542134151 -528
v -5.828053293625101 68 -497.9298230287452
v -5.828052697799002 68 -526.070163865112
v -5.8280526977521045 4 -497.92983613485126
v -5.828052697756366 4 -526.0701638651481
v -10.443258314658518 70.12835554495173 -516.3257392293575
v -10.443258314658484 70.12835554495176 -507.6742673200038
v -10.443258314658243 1.8716444550481786 -507.6742607707056
v -10.443258314658237 1.871644455048179 -516.3257392292974
v -4.325739229365293 70.12835554494656 -522.4432583146765
v -4.325739229297483 1.8716444550481794 -522.4432583146581
v -4.325739229294372 1.8716444550481788 -501.55674168534176
v -4.325732681184876 70.12835554496833 -501.55674168540025
v -5.556741685341751 71.51754096628727 -514.3016777687036
v -5.5567416853417715 71.51754096628729 -509.69832841308596
v -2.30167158756689 71.51754096628777 -506.4432583146559
v -2.30167776870364 71.51754096628724 -517.5567416853419
v 0 0 -512
v 0 72 -512
v 6.627416997971091 6.610814578673208 -496
v 5.828052697755895 4 -497.92983613485126
v 6.627410164940578 65.38918948285105 -496
v 4.325739229297087 1.8716444550481788 -501.55674168534176
v 2.301677768686204 71.51754096628724 -517.5567416853419
v 4.325739229297225 1.8716444550481794 -522.4432583146581
v 4.325739229305013 70.12835554494656 -522.4432583146765
v 5.8280526977582685 4 -526.0701638651481
v 5.827994559846532 68 -526.070163865112
v 6.627416997959633 65.38918542134151 -528
v 6.627416997968169 6.610814578665172 -528
v 2.301677768661132 71.51754096628777 -506.44325831465596
v 4.325739227735701 70.12835554601546 -501.55674168908365
v 5.828046183512501 68 -497.92982302909644
v 5.556741899349458 71.51753991640305 -514.3016827773779
v 5.556746908041635 71.51753948152788 -509.69832006801164
v 10.44325831465849 1.8716444550488838 -516.3257392292986
v 10.443258314662659 1.871644455049633 -507.67426077070246
v 10.443260375415417 70.12835554495267 -507.67426283146466
v 10.443252679170694 70.12835554494717 -516.3257448647958
v 14.070164579103682 68 -506.17194801619786
v 14.070163865148071 4 -517.8280526977575
v 14.070163865150677 4 -506.17194730224503
v 14.070212951079295 68 -517.8280273944895
v 16 6.610814578664391 -518.6274169979694
v 16 6.610814578665917 -505.37258300203
v 16 65.3891726374231 -518.6274142542678
v 16 65.38916862594355 -505.37266508519025
v 32 0 -528
v 32 0 -488
v 32 48 -488
v 32 48 -528
v 72 48 -488
v 72 0 -488
v 72 0 -528
v 72 48 -528
v 512 -8 -960
v 512 -8 -640
v 512 0 -640
v 512 0 -960
v 2336 0 -640
v 2336 -8 -640
v 2336 -8 -960
v 2336 0 -960
v 512 0 -968
v 512 0 -960
v 512 256 -960
v 512 256 -968
v 1984 256 -960
v 1984 0 -960
v 1984 0 -968
v 1984 256 -968
v 1416 6 -944
v 1416 6 -920
v 1416 114 -920
v 1416 114 -944
v 1456 114 -920
v 1456 6 -920
v 1456 6 -944
v 1456 114 -944
v 1456 6 -944
v 1456 6 -918
v 1456 116 -918
v 1456 116 -944
v 1460 116 -918
v 1460 6 -918
v 1460 6 -944
v 1460 116 -944
v 1412 6 -944
v 1412 6 -918
v 1412 116 -918
v 1412 116 -944
v 1416 116 -918
v 1416 6 -918
v 1416 6 -944
v 1416 116 -944
v 1412 0 -944
v 1412 0 -940
v 1412 6 -940
v 1412 6 -944
v 1416 6 -940
v 1416 0 -940
v 1416 0 -944
v 1416 6 -944
v 1412 0 -922
v 1412 0 -918
v 1412 6 -918
v 1412 6 -922
v 1416 6 -918
v 1416 0 -918
v 1416 0 -922
v 1416 6 -922
v 1456 0 -944
v 1456 0 -940
v 1456 6 -940
v 1456 6 -944
v 1460 6 -940
v 1460 0 -940
v 1460 0 -944
v 1460 6 -944
v 1456 0 -922
v 1456 0 -918
v 1456 6 -918
v 1456 6 -922
v 1460 6 -918
v 1460 0 -918
v 1460 0 -922
v 1460 6 -922
v 1534 42 -936
v 1534 42 -924
v 1534 58 -924
v 1534 58 -936
v 1538 58 -924
v 1538 42 -924
v 1538 42 -936
v 1538 58 -936
v 1538 42 -934
v 1538 42 -922
v 1538 58 -922
v 1538 58 -934
v 1542 58 -922
v 1542 42 -922
v 1542 42 -934
v 1542 58 -934
v 1542 42 -936
v 1542 42 -924
v 1542 58 -924
v 1542 58 -936
v 1546 58 -924
v 1546 42 -924
v 1546 42 -936
v 1546 58 -936
v 1548 42 -934
v 1548 42 -922
v 1548 58 -922
v 1548 58 -934
v 1552 58 -922
v 1552 42 -922
v 1552 42 -934
v 1552 58 -934
v 1554 42 -938
v 1554 42 -926
v 1554 58 -926
v 1554 58 -938
v 1558 58 -926
v 1558 42 -926
v 1558 42 -938
v 1558 58 -938
v 1558 42 -936
v 1558 42 -924
v 1558 58 -924
v 1558 58 -936
v 1562 58 -924
v 1562 42 -924
v 1562 42 -936
v 1562 58 -936
v 1556 62 -938
v 1556 62 -926
v 1556 78 -926
v 1556 78 -938
v 1560 78 -926
v 1560 62 -926
v 1560 62 -938
v 1560 78 -938
v 1560 62 -936
v 1560 62 -924
v 1560 78 -924
v 1560 78 -936
v 1564 78 -924
v 1564 62 -924
v 1564 62 -936
v 1564 78 -936
v 1564 62 -938
v 1564 62 -926
v 1564 78 -926
v 1564 78 -938
v 1568 78 -926
v 1568 62 -926
v 1568 62 -938
v 1568 78 -938
v 1576 62 -938
v 1576 62 -926
v 1576 78 -926
v 1576 78 -938
v 1580 78 -926
v 1580 62 -926
v 1580 62 -938
v 1580 78 -938
v 1580 62 -936
v 1580 62 -924
v 1580 78 -924
v 1580 78 -936
v 1584 78 -924
v 1584 62 -924
v 1584 62 -936
v 1584 78 -936
v 1586 62 -940
v 1586 62 -928
v 1586 78 -928
v 1586 78 -940
v 1590 78 -928
v 1590 62 -928
v 1590 62 -940
v 1590 78 -940
v 1590 62 -938
v 1590 62 -926
v 1590 78 -926
v 1590 78 -938
v 1594 78 -926
v 1594 62 -926
v 1594 62 -938
v 1594 78 -938
v 1594 62 -940
v 1594 62 -928
v 1594 78 -928
v 1594 78 -940
v 1598 78 -928
v 1598 62 -928
v 1598 62 -940
v 1598 78 -940
v 1602 62 -942
v 1602 62 -930
v 1602 78 -930
v 1602 78 -942
v 1606 78 -930
v 1606 62 -930
v 1606 62 -942
v 1606 78 -942
v 1530 82 -940
v 1530 82 -928
v 1530 98 -928
v 1530 98 -940
v 1534 98 -928
v 1534 82 -928
v 1534 82 -940
v 1534 98 -940
v 1534 82 -938
v 1534 82 -926
v 1534 98 -926
v 1534 98 -938
v 1538 98 -926
v 1538 82 -926
v 1538 82 -938
v 1538 98 -938
v 1540 82 -938
v 1540 82 -926
v 1540 98 -926
v 1540 98 -938
v 1544 98 -926
v 1544 82 -926
v 1544 82 -938
v 1544 98 -938
v 1544 82 -936
v 1544 82 -924
v 1544 98 -924
v 1544 98 -936
v 1548 98 -924
v 1548 82 -924
v 1548 82 -936
v 1548 98 -936
v 1550 82 -940
v 1550 82 -928
v 1550 98 -928
v 1550 98 -940
v 1554 98 -928
v 1554 82 -928
v 1554 82 -940
v 1554 98 -940
v 1554 82 -938
v 1554 82 -926
v 1554 98 -926
v 1554 98 -938
v 1558 98 -926
v 1558 82 -926
v 1558 82 -938
v 1558 98 -938
v 1558 82 -940
v 1558 82 -928
v 1558 98 -928
v 1558 98 -940
v 1562 98 -928
v 1562 82 -928
v 1562 82 -940
v 1562 98 -940
v 1564 82 -942
v 1564 82 -930
v 1564 98 -930
v 1564 98 -942
v 1568 98 -930
v 1568 82 -930
v 1568 82 -942
v 1568 98 -942
v 1448 6.610814578663849 -754.6274169979661
v 1448 6.610814578663849 -741.3725830020303
v 1448 65.3891854213297 -741.3725830020194
v 1448 65.389185421329 -754.627416997967
v 1449.9298361348497 4 -742.171947302243
v 1449.9298361348497 4 -753.8280526977537
v 1449.9298361348592 68 -753.8280526977653
v 1449.9298361348585 68 -742.1719401951143
v 1457.3725830020123 65.38918948423836 -732
v 1457.3725830020267 6.610814578670642 -732
v 1457.3725830020323 6.610814578662516 -764
v 1457.372583002033 65.38918542134257 -764
v 1458.1719467063667 68 -733.9298230287266
v 1458.1719473022008 68 -762.0701638651133
v 1458.171947302246 4 -762.0701638651503
v 1458.1719473022424 4 -733.9298361348502
v 1453.5567416853412 70.12835554495163 -752.3257392293575
v 1453.5567416853412 70.12835554495159 -743.6742673200035
v 1453.556741685342 1.8716444550480995 -743.6742607707031
v 1453.556741685342 1.8716444550480995 -752.3257392292937
v 1459.6742607706349 70.12835554494646 -758.443258314677
v 1459.674260770706 1.8716444550481002 -758.4432583146578
v 1459.674260770703 1.8716444550480997 -737.5567416853421
v 1459.6742673188326 70.1283555449682 -737.5567416854
v 1458.4432583146586 71.51754096628731 -750.3016777687037
v 1458.4432583146586 71.51754096628733 -745.698328413086
v 1461.6983284124433 71.51754096628781 -742.443258314656
v 1461.6983222312963 71.51754096628729 -753.5567416853416
v 1464 0 -748
v 1464 72 -748
v 1470.6274169979702 6.610814578670637 -732
v 1469.8280526977585 4 -733.9298361348502
v 1470.6274101649399 65.38918948285173 -732
v 1468.3257392292967 1.8716444550480997 -737.5567416853421
v 1466.3016777686607 71.51754096628781 -742.443258314656
v 1468.3257392277362 70.12835554601538 -737.5567416890834
v 1466.3016777686862 71.51754096628729 -753.5567416853416
v 1468.3257392292967 1.8716444550481002 -758.4432583146578
v 1468.325739229305 70.12835554494646 -758.443258314677
v 1469.8280526977592 4 -762.0701638651503
v 1469.827994559847 68 -762.0701638651133
v 1470.6274169979592 65.38918542134257 -764
v 1470.6274169979674 6.610814578662517 -764
v 1469.828046183478 68 -733.9298230291115
v 1469.5567418993496 71.51753991640042 -750.3016827773907
v 1469.556746908055 71.51753948152411 -745.6983200680062
v 1474.4432583146568 1.8716444550479174 -752.3257392292978
v 1474.443258314661 1.8716444550486928 -743.6742607707032
v 1474.4432603754153 70.12835554495273 -743.6742628314647
v 1474.443252679163 70.12835554494718 -752.3257448648036
v 1478.0701645791037 68 -742.1719480161979
v 1478.0701638651483 4 -753.8280526977575
v 1478.0701638651506 4 -742.171947302245
v 1478.0702129510726 68 -753.8280273944964
v 1480 6.6108145786640025 -754.6274169979691
v 1480 6.6108145786651535 -741.3725830020304
v 1480 65.38917263742341 -754.6274142542677
v 1480 65.38916862594371 -741.3726650851901
v 632 6.610814578669355 -880.6274169979733
v 632 6.610814578669354 -867.3725830020339
v 632 65.38918542132808 -867.3725830020267
v 632 65.38918542132738 -880.627416997967
v 633.929836134857 4 -868.1719473022492
v 633.929836134857 4 -879.828052697758
v 633.9298361348613 68 -879.8280526977646
v 633.9298361348606 68 -868.1719401951225
v 641.3725830020196 65.38918948423674 -858
v 641.3725830020343 6.610814578676254 -858
v 641.3725830020293 6.610814578668142 -890
v 641.3725830020345 65.38918542134071 -890
v 642.1719467063796 68 -859.929823028738
v 642.1719473022011 68 -888.0701638651107
v 642.1719473022528 4 -859.9298361348534
v 642.1719473022418 4 -888.0701638651431
v 637.5567416853412 70.12835554495166 -878.3257392293576
v 637.5567416853412 70.1283555449517 -869.6742673200091
v 637.5567416853419 1.871644455048159 -869.6742607707055
v 637.5567416853419 1.8716444550481595 -878.325739229301
v 643.6742607706345 70.12835554494649 -884.4432583146768
v 643.674260770699 1.8716444550481601 -884.4432583146581
v 643.6742607707055 1.8716444550481595 -863.556741685342
v 643.6742673188274 70.12835554496831 -863.5567416854004
v 642.4432583146581 71.51754096628727 -876.3016777687035
v 642.443258314658 71.51754096628727 -871.698328413091
v 645.6983284124423 71.51754096628775 -868.4432583146558
v 645.6983222312963 71.51754096628724 -879.5567416853419
v 648 0 -874
v 648 72 -874
v 654.627416997972 6.610814578676248 -858
v 653.8280526977512 4 -859.9298361348534
v 654.6274101649416 65.38918948285011 -858
v 652.325739229297 1.8716444550481595 -863.556741685342
v 650.3016777686612 71.51754096628775 -868.4432583146558
v 652.325739227736 70.1283555460155 -863.5567416890839
v 650.3016777686826 71.51754096628724 -879.5567416853419
v 652.3257392292973 1.8716444550481601 -884.4432583146581
v 652.325739229305 70.12835554494649 -884.4432583146768
v 653.8280526977563 4 -888.0701638651431
v 653.8279945598463 68 -888.0701638651107
v 654.62741699796 65.38918542134071 -890
v 654.627416997969 6.610814578668141 -890
v 653.8280461834958 68 -859.9298230291039
v 653.5567418993496 71.51753991640105 -876.3016827773872
v 653.5567469080515 71.51753948152503 -871.6983200680075
v 658.4432583146585 1.8716444550493714 -878.3257392292998
v 658.4432583146626 1.8716444550500915 -869.6742607707014
v 658.4432603754154 70.12835554495265 -869.6742628314646
v 658.4432526791658 70.12835554494693 -878.3257448648014
v 662.0701645791038 68 -868.1719480161978
v 662.0701638651473 4 -879.8280526977584
v 662.0701638651499 4 -868.1719473022442
v 662.0702129510748 68 -879.8280273944944
v 664 6.610814578665113 -880.6274169979696
v 664 6.610814578666519 -867.37258300203
v 664 65.38917263742303 -880.6274142542679
v 664 65.38916862594347 -867.3726650851902
v 1170 6.6108145786693555 -896.6274169979733
v 1170 6.610814578669355 -883.3725830020339
v 1170 65.3891854213276 -883.3725830020194
v 1170 65.3891854213269 -896.627416997967
v 1171.929836134857 4 -884.1719473022486
v 1171.929836134857 4 -895.8280526977579
v 1171.929836134862 68 -895.8280526977645
v 1171.9298361348613 68 -884.1719401951154
v 1179.3725830020123 65.38918948423625 -874
v 1179.3725830020342 6.610814578676146 -874
v 1179.372583002029 6.61081457866802 -906
v 1179.3725830020346 65.38918542134047 -906
v 1180.1719467063706 68 -875.9298230287313
v 1180.1719473022017 68 -904.0701638651109
v 1180.1719473022415 4 -904.0701638651427
v 1180.1719473022517 4 -875.9298361348536
v 1175.5567416853419 70.1283555449518 -894.3257392293575
v 1175.5567416853416 70.12835554495177 -885.6742673200038
v 1175.5567416853414 1.8716444550482372 -885.6742607707048
v 1175.5567416853414 1.8716444550482376 -894.3257392293011
v 1181.6742607706349 70.12835554494663 -900.4432583146764
v 1181.6742607706983 1.8716444550482378 -900.4432583146584
v 1181.6742607707042 1.8716444550482374 -879.5567416853418
v 1181.674267318829 70.12835554496837 -879.5567416854004
v 1180.4432583146586 71.5175409662873 -892.3016777687038
v 1180.4432583146584 71.51754096628729 -887.698328413086
v 1183.6983284124412 71.51754096628777 -884.4432583146557
v 1183.698322231296 71.51754096628727 -895.5567416853414
v 1186 0 -890
v 1186 72 -890
v 1192.6274169979722 6.610814578676139 -874
v 1191.8280526977508 4 -875.9298361348536
v 1192.6274101649421 65.38918948284963 -874
v 1190.3257392292976 1.8716444550482374 -879.5567416853418
v 1188.3016777686612 71.51754096628777 -884.4432583146557
v 1190.3257392277358 70.12835554601556 -879.5567416890839
v 1188.3016777686826 71.51754096628727 -895.5567416853414
v 1190.3257392292971 1.8716444550482378 -900.4432583146584
v 1190.325739229305 70.12835554494663 -900.4432583146764
v 1191.8280526977558 4 -904.0701638651427
v 1191.827994559846 68 -904.0701638651109
v 1192.6274169979595 65.38918542134047 -906
v 1192.6274169979688 6.610814578668019 -906
v 1191.8280461834822 68 -875.9298230291097
v 1191.5567418993498 71.51753991640095 -892.3016827773882
v 1191.5567469080524 71.51753948152486 -887.6983200680074
v 1196.4432583146584 1.8716444550493359 -894.3257392292996
v 1196.4432583146624 1.8716444550500646 -885.6742607707015
v 1196.4432603754158 70.12835554495261 -885.6742628314646
v 1196.4432526791645 70.12835554494721 -894.3257448648021
v 1200.0701645791037 68 -884.1719480161979
v 1200.0701638651472 4 -895.8280526977579
v 1200.07016386515 4 -884.1719473022442
v 1200.0702129510735 68 -895.8280273944949
v 1202 6.610814578665406 -896.6274169979695
v 1202 6.610814578666507 -883.3725830020296
v 1202 65.38917263742267 -896.6274142542677
v 1202 65.38916862594333 -883.3726650851899
v 952 112 -960
v 952 112 -956
v 952 208 -956
v 952 208 -960
v 1048 208 -956
v 1048 112 -956
v 1048 112 -960
v 1048 208 -960
v 1268 68 -938
v 1268 68 -926
v 1268 84 -926
v 1268 84 -938
v 1272 84 -926
v 1272 68 -926
v 1272 68 -938
v 1272 84 -938
v 1566 42 -768
v 1566 42 -744
v 1566 43 -744
v 1566 43 -768
v 1582 43 -744
v 1582 42 -744
v 1582 42 -768
v 1582 43 -768
v 1080 112 -960
v 1080 112 -956
v 1080 208 -956
v 1080 208 -960
v 1176 208 -956
v 1176 112 -956
v 1176 112 -960
v 1176 208 -960
v 2088 6.610814578663849 -848.6274169979697
v 2088 6.610814578663849 -835.3725830020303
v 2088 65.3891854213277 -835.3725830020194
v 2088 65.389185421327 -848.6274169979672
v 2089.9298361348497 4 -836.1719473022432
v 2089.9298361348497 4 -847.8280526977574
v 2089.929836134862 68 -847.8280526977647
v 2089.929836134861 68 -836.1719401951153
v 2097.3725830020117 65.38918948423635 -826
v 2097.3725830020267 6.610814578670641 -826
v 2097.372583002029 6.610814578662731 -858
v 2097.3725830020344 65.38918542134036 -858
v 2098.171946706366 68 -827.9298230287192
v 2098.1719473022017 68 -856.0701638651112
v 2098.171947302242 4 -856.07016386515
v 2098.171947302242 4 -827.9298361348503
v 2093.556741685342 70.12835554495172 -846.3257392293579
v 2093.5567416853423 70.12835554495186 -837.6742673200039
v 2093.5567416853414 1.8716444550482265 -837.6742607707032
v 2093.5567416853414 1.871644455048227 -846.3257392292976
v 2099.674260770635 70.12835554494654 -852.4432583146764
v 2099.674260770702 1.871644455048227 -852.4432583146587
v 2099.6742607707024 1.871644455048227 -831.5567416853419
v 2099.6742673188414 70.12835554496847 -831.556741685401
v 2098.4432583146586 71.5175409662873 -844.3016777687039
v 2098.4432583146586 71.51754096628729 -839.6983284130858
v 2101.698328412447 71.51754096628777 -836.443258314656
v 2101.6983222312956 71.51754096628727 -847.5567416853411
v 2104 0 -842
v 2104 72 -842
v 2110.62741699797 6.610814578670636 -826
v 2109.8280526977574 4 -827.9298361348503
v 2110.627410164942 65.38918948284972 -826
v 2108.325739229298 1.871644455048227 -831.5567416853419
v 2106.301677768661 71.51754096628777 -836.443258314656
v 2108.3257392277355 70.12835554601565 -831.5567416890844
v 2106.301677768686 71.51754096628727 -847.5567416853411
v 2108.3257392292967 1.871644455048227 -852.4432583146587
v 2108.3257392293053 70.12835554494654 -852.4432583146764
v 2109.828052697759 4 -856.07016386515
v 2109.827994559847 68 -856.0701638651112
v 2110.62741699796 65.38918542134036 -858
v 2110.627416997968 6.610814578662732 -858
v 2109.8280461834606 68 -827.9298230291199
v 2109.5567418993505 71.51753991639912 -844.3016827773961
v 2109.556746908061 71.51753948152235 -839.6983200680038
v 2114.443258314658 1.8716444550480986 -846.3257392292969
v 2114.4432583146595 1.8716444550483429 -837.6742607707026
v 2114.443260375416 70.12835554495248 -837.6742628314645
v 2114.4432526791607 70.12835554494687 -846.3257448648073
v 2118.0701645791037 68 -836.1719480161979
v 2118.070163865149 4 -847.8280526977566
v 2118.07016386515 4 -836.1719473022442
v 2118.0702129510696 68 -847.8280273944988
v 2120 6.610814578664616 -848.6274169979697
v 2120 6.610814578665202 -835.3725830020303
v 2120 65.38917263742246 -848.6274142542679
v 2120 65.38916862594343 -835.3726650851901
v -64 -16 -320
v -64 -16 192
v -64 0 192
v -64 0 -320
v 736 0 192
v 736 -16 192
v 736 -16 -320
v 736 0 -320
v -64 0 -320
v -64 0 -312
v -64 256 -312
v -64 256 -320
v 736 256 -312
v 736 0 -312
v 736 0 -320
v 736 256 -320
v 240 104 -312
v 240 104 -308
v 240 200 -308
v 240 200 -312
v 336 200 -308
v 336 104 -308
v 336 104 -312
v 336 200 -312
v 108 68 -296
v 108 68 -284
v 108 84 -284
v 108 84 -296
v 112 84 -284
v 112 68 -284
v 112 68 -296
v 112 84 -296
v 116 68 -296
v 116 68 -284
v 116 84 -284
v 116 84 -296
v 120 84 -284
v 120 68 -284
v 120 68 -296
v 120 84 -296
v 164 68 -296
v 164 68 -284
v 164 84 -284
v 164 84 -296
v 168 84 -284
v 168 68 -284
v 168 68 -296
v 168 84 -296
v 172 68 -296
v 172 68 -284
v 172 84 -284
v 172 84 -296
v 176 84 -284
v 176 68 -284
v 176 68 -296
v 176 84 -296
v 204 68 -296
v 204 68 -284
v 204 84 -284
v 204 84 -296
v 208 84 -284
v 208 68 -284
v 208 68 -296
v 208 84 -296
v 188 68 -292
v 188 68 -280
v 188 84 -280
v 188 84 -292
v 192 84 -280
v 192 68 -280
v 192 68 -292
v 192 84 -292
v 180 92 -296
v 180 92 -284
v 180 108 -284
v 180 108 -296
v 184 108 -284
v 184 92 -284
v 184 92 -296
v 184 108 -296
v 152 92 -296
v 152 92 -284
v 152 108 -284
v 152 108 -296
v 156 108 -284
v 156 92 -284
v 156 92 -296
v 156 108 -296
v 196 92 -296
v 196 92 -284
v 196 108 -284
v 196 108 -296
v 200 108 -284
v 200 92 -284
v 200 92 -296
v 200 108 -296
v 108 92 -296
v 108 92 -284
v 108 108 -284
v 108 108 -296
v 112 108 -284
v 112 92 -284
v 112 92 -296
v 112 108 -296
v 72 92 -300
v 72 92 -288
v 72 108 -288
v 72 108 -300
v 76 108 -288
v 76 92 -288
v 76 92 -300
v 76 108 -300
v 80 92 -296
v 80 92 -284
v 80 108 -284
v 80 108 -296
v 84 108 -284
v 84 92 -284
v 84 92 -296
v 84 108 -296
v 80 44 -296
v 80 44 -284
v 80 60 -284
v 80 60 -296
v 84 60 -284
v 84 44 -284
v 84 44 -296
v 84 60 -296
v 72 44 -300
v 72 44 -288
v 72 60 -288
v 72 60 -300
v 76 60 -288
v 76 44 -288
v 76 44 -300
v 76 60 -300
v 108 44 -296
v 108 44 -284
v 108 60 -284
v 108 60 -296
v 112 60 -284
v 112 44 -284
v 112 44 -296
v 112 60 -296
v 104 28 -296
v 104 28 -284
v 104 44 -284
v 104 44 -296
v 108 44 -284
v 108 28 -284
v 108 28 -296
v 108 44 -296
v 112 28 -296
v 112 28 -284
v 112 44 -284
v 112 44 -296
v 116 44 -284
v 116 28 -284
v 116 28 -296
v 116 44 -296
v 152 44 -296
v 152 44 -284
v 152 60 -284
v 152 60 -296
v 156 60 -284
v 156 44 -284
v 156 44 -296
v 156 60 -296
v 180 44 -296
v 180 44 -284
v 180 60 -284
v 180 60 -296
v 184 60 -284
v 184 44 -284
v 184 44 -296
v 184 60 -296
v 196 44 -296
v 196 44 -284
v 196 60 -284
v 196 60 -296
v 200 60 -284
v 200 44 -284
v 200 44 -296
v 200 60 -296
v 204 28 -296
v 204 28 -284
v 204 44 -284
v 204 44 -296
v 208 44 -284
v 208 28 -284
v 208 28 -296
v 208 44 -296
v 188 28 -292
v 188 28 -280
v 188 44 -280
v 188 44 -292
v 192 44 -280
v 192 28 -280
v 192 28 -292
v 192 44 -292
v 172 28 -296
v 172 28 -284
v 172 44 -284
v 172 44 -296
v 176 44 -284
v 176 28 -284
v 176 28 -296
v 176 44 -296
v 164 28 -296
v 164 28 -284
v 164 44 -284
v 164 44 -296
v 168 44 -284
v 168 28 -284
v 168 28 -296
v 168 44 -296
v -64 0 -312
v -64 0 192
v -64 256 192
v -64 256 -312
v -56 256 192
v -56 0 192
v -56 0 -312
v -56 256 -312
v -20 0 -656
v -20 0 -624
v -20 6 -624
v -20 6 -656
v 16 6 -624
v 16 0 -624
v 16 0 -656
v 16 6 -656
v -20 6 -652
v -20 6 -624
v -20 78 -624
v -20 78 -652
v -18 78 -624
v -18 6 -624
v -18 6 -652
v -18 78 -652
v 14 6 -652
v 14 6 -624
v 14 78 -624
v 14 78 -652
v 16 78 -624
v 16 6 -624
v 16 6 -652
v 16 78 -652
v -20 78 -656
v -20 78 -624
v -20 80 -624
v -20 80 -656
v 16 80 -624
v 16 78 -624
v 16 78 -656
v 16 80 -656
v -20 6 -656
v -20 6 -652
v -20 78 -652
v -20 78 -656
v 16 78 -652
v 16 6 -652
v 16 6 -656
v 16 78 -656
v -18 30 -626
v -18 30 -625
v -18 54 -625
v -18 54 -626
v 14 54 -625
v 14 30 -625
v 14 30 -626
v 14 54 -626
v -18 30 -648
v -18 30 -626
v -18 54 -626
v -18 54 -648
v -17 54 -626
v -17 30 -626
v -17 30 -648
v -17 54 -648
v -17 30 -648
v -17 30 -626
v -17 48 -626
v -17 52 -648
v 13 48 -626
v 13 30 -626
v 13 52 -648
v 13 30 -648
v -18 30 -649
v -18 30 -648
v -18 54 -648
v -18 54 -649
v 14 54 -648
v 14 30 -648
v 14 30 -649
v 14 54 -649
v 13 30 -648
v 13 30 -626
v 13 54 -626
v 13 54 -648
v 14 54 -626
v 14 30 -626
v 14 30 -648
v 14 54 -648
v -18 6 -578
v -18 6 -577
v -18 30 -577
v -18 30 -578
v 14 30 -577
v 14 6 -577
v 14 6 -578
v 14 30 -578
v -18 6 -600
v -18 6 -578
v -18 30 -578
v -18 30 -600
v -17 30 -578
v -17 6 -578
v -17 6 -600
v -17 30 -600
v -17 6 -600
v -17 6 -578
v -17 24 -578
v -17 28 -600
v 13 24 -578
v 13 6 -578
v 13 28 -600
v 13 6 -600
v -18 6 -601
v -18 6 -600
v -18 30 -600
v -18 30 -601
v 14 30 -600
v 14 6 -600
v 14 6 -601
v 14 30 -601
v 13 6 -600
v 13 6 -578
v 13 30 -578
v 13 30 -600
v 14 30 -578
v 14 6 -578
v 14 6 -600
v 14 30 -600
v -18 54 -626
v -18 54 -625
v -18 78 -625
v -18 78 -626
v 14 78 -625
v 14 54 -625
v 14 54 -626
v 14 78 -626
v -18 54 -648
v -18 54 -626
v -18 78 -626
v -18 78 -648
v -17 78 -626
v -17 54 -626
v -17 54 -648
v -17 78 -648
v -17 54 -648
v -17 54 -626
v -17 72 -626
v -17 76 -648
v 13 72 -626
v 13 54 -626
v 13 76 -648
v 13 54 -648
v -18 54 -649
v -18 54 -648
v -18 78 -648
v -18 78 -649
v 14 78 -648
v 14 54 -648
v 14 54 -649
v 14 78 -649
v 13 54 -648
v 13 54 -626
v 13 78 -626
v 13 78 -648
v 14 78 -626
v 14 54 -626
v 14 54 -648
v 14 78 -648
v 904 40 -760
v 904 40 -722
v 904 42 -722
v 904 42 -760
v 1032 42 -722
v 1032 40 -722
v 1032 40 -760
v 1032 42 -760
v 909 38 -745
v 909 38 -737
v 909 40 -737
v 909 40 -745
v 1027 40 -737
v 1027 38 -737
v 1027 38 -745
v 1027 40 -745
v 907 8 -747
v 907 8 -735
v 907 40 -735
v 907 40 -747
v 909 40 -735
v 909 8 -735
v 909 8 -747
v 909 40 -747
v 1027 8 -747
v 1027 8 -735
v 1027 40 -735
v 1027 40 -747
v 1029 40 -735
v 1029 8 -735
v 1029 8 -747
v 1029 40 -747
v 909 14 -753
v 909 14 -729
v 909 36 -729
v 909 36 -753
v 1027 36 -729
v 1027 14 -729
v 1027 14 -753
v 1027 36 -753
v 907 2 -758
v 907 2 -722
v 907 8 -722
v 907 8 -758
v 909 8 -722
v 909 2 -722
v 909 2 -758
v 909 8 -758
v 907 0 -758
v 907 0 -754
v 907 2 -754
v 907 2 -758
v 909 2 -754
v 909 0 -754
v 909 0 -758
v 909 2 -758
v 907 0 -726
v 907 0 -722
v 907 2 -722
v 907 2 -726
v 909 2 -722
v 909 0 -722
v 909 0 -726
v 909 2 -726
v 1027 0 -758
v 1027 0 -754
v 1027 2 -754
v 1027 2 -758
v 1029 2 -754
v 1029 0 -754
v 1029 0 -758
v 1029 2 -758
v 1027 2 -758
v 1027 2 -722
v 1027 8 -722
v 1027 8 -758
v 1029 8 -722
v 1029 2 -722
v 1029 2 -758
v 1029 8 -758
v 1027 0 -726
v 1027 0 -722
v 1027 2 -722
v 1027 2 -726
v 1029 2 -722
v 1029 0 -722
v 1029 0 -726
v 1029 2 -726
v 1830 0 -944
v 1830 0 -940
v 1830 6 -940
v 1830 6 -944
v 1834 6 -940
v 1834 0 -940
v 1834 0 -944
v 1834 6 -944
v 1940 0 -944
v 1940 0 -940
v 1940 6 -940
v 1940 6 -944
v 1944 6 -940
v 1944 0 -940
v 1944 0 -944
v 1944 6 -944
v 1720 10 -944
v 1720 10 -940
v 1720 80 -940
v 1720 80 -944
v 1944 80 -940
v 1944 10 -940
v 1944 10 -944
v 1944 80 -944
v 1720 6 -944
v 1720 6 -940
v 1720 10 -940
v 1720 10 -944
v 1944 10 -940
v 1944 6 -940
v 1944 6 -944
v 1944 10 -944
v 1720 0 -944
v 1720 0 -940
v 1720 6 -940
v 1720 6 -944
v 1724 6 -940
v 1724 0 -940
v 1724 0 -944
v 1724 6 -944
v 1720 10 -912
v 1720 10 -908
v 1720 80 -908
v 1720 80 -912
v 1880 80 -908
v 1880 10 -908
v 1880 10 -912
v 1880 80 -912
v 1720 6 -912
v 1720 6 -908
v 1720 10 -908
v 1720 10 -912
v 1880 10 -908
v 1880 6 -908
v 1880 6 -912
v 1880 10 -912
v 1798 0 -912
v 1798 0 -908
v 1798 6 -908
v 1798 6 -912
v 1802 6 -908
v 1802 0 -908
v 1802 0 -912
v 1802 6 -912
v 1876 0 -912
v 1876 0 -908
v 1876 6 -908
v 1876 6 -912
v 1880 6 -908
v 1880 0 -908
v 1880 0 -912
v 1880 6 -912
v 1720 0 -912
v 1720 0 -908
v 1720 6 -908
v 1720 6 -912
v 1724 6 -908
v 1724 0 -908
v 1724 0 -912
v 1724 6 -912
v 738 40 -775
v 738 40 -701
v 738 42 -701
v 738 42 -775
v 862 42 -701
v 862 40 -701
v 862 40 -775
v 862 42 -775
v 741 38 -744
v 741 38 -732
v 741 40 -732
v 741 40 -744
v 859 40 -732
v 859 38 -732
v 859 38 -744
v 859 40 -744
v 739 8 -746
v 739 8 -730
v 739 40 -730
v 739 40 -746
v 741 40 -730
v 741 8 -730
v 741 8 -746
v 741 40 -746
v 859 8 -746
v 859 8 -730
v 859 40 -730
v 859 40 -746
v 861 40 -730
v 861 8 -730
v 861 8 -746
v 861 40 -746
v 741 8 -762
v 741 8 -714
v 741 38 -714
v 741 38 -762
v 765 38 -714
v 765 8 -714
v 765 8 -762
v 765 38 -762
v 835 8 -762
v 835 8 -714
v 835 38 -714
v 835 38 -762
v 859 38 -714
v 859 8 -714
v 859 8 -762
v 859 38 -762
v 739 2 -774
v 739 2 -702
v 739 8 -702
v 739 8 -774
v 741 8 -702
v 741 2 -702
v 741 2 -774
v 741 8 -774
v 739 0 -706
v 739 0 -702
v 739 2 -702
v 739 2 -706
v 741 2 -702
v 741 0 -702
v 741 0 -706
v 741 2 -706
v 739 0 -774
v 739 0 -770
v 739 2 -770
v 739 2 -774
v 741 2 -770
v 741 0 -770
v 741 0 -774
v 741 2 -774
v 859 0 -706
v 859 0 -702
v 859 2 -702
v 859 2 -706
v 861 2 -702
v 861 0 -702
v 861 0 -706
v 861 2 -706
v 859 2 -774
v 859 2 -702
v 859 8 -702
v 859 8 -774
v 861 8 -702
v 861 2 -702
v 861 2 -774
v 861 8 -774
v 859 0 -774
v 859 0 -770
v 859 2 -770
v 859 2 -774
v 861 2 -770
v 861 0 -770
v 861 0 -774
v 861 2 -774
v 780 0 -814
v 780 0 -782
v 780 4 -782
v 780 4 -814
v 812 4 -782
v 812 0 -782
v 812 0 -814
v 812 4 -814
v 794 4 -800
v 794 4 -796
v 794 24 -796
v 794 24 -800
v 798 24 -796
v 798 4 -796
v 798 4 -800
v 798 24 -800
v 780 24 -814
v 780 24 -782
v 780 28 -782
v 780 28 -814
v 812 28 -782
v 812 24 -782
v 812 24 -814
v 812 28 -814
v 792 24 -816
v 792 24 -814
v 792 44 -814
v 792 44 -816
v 800 44 -814
v 800 24 -814
v 800 24 -816
v 800 44 -816
v 780 36 -814
v 780 36 -812
v 780 56 -812
v 780 56 -814
v 812 56 -812
v 812 36 -812
v 812 36 -814
v 812 56 -814
v 680 0 -952
v 680 0 -920
v 680 6 -920
v 680 6 -952
v 716 6 -920
v 716 0 -920
v 716 0 -952
v 716 6 -952
v 680 6 -948
v 680 6 -920
v 680 78 -920
v 680 78 -948
v 682 78 -920
v 682 6 -920
v 682 6 -948
v 682 78 -948
v 714 6 -948
v 714 6 -920
v 714 78 -920
v 714 78 -948
v 716 78 -920
v 716 6 -920
v 716 6 -948
v 716 78 -948
v 680 78 -952
v 680 78 -920
v 680 80 -920
v 680 80 -952
v 716 80 -920
v 716 78 -920
v 716 78 -952
v 716 80 -952
v 680 6 -952
v 680 6 -948
v 680 78 -948
v 680 78 -952
v 716 78 -948
v 716 6 -948
v 716 6 -952
v 716 78 -952
v 682 30 -922
v 682 30 -921
v 682 54 -921
v 682 54 -922
v 714 54 -921
v 714 30 -921
v 714 30 -922
v 714 54 -922
v 682 30 -944
v 682 30 -922
v 682 54 -922
v 682 54 -944
v 683 54 -922
v 683 30 -922
v 683 30 -944
v 683 54 -944
v 683 30 -944
v 683 30 -922
v 683 48 -922
v 683 52 -944
v 713 48 -922
v 713 30 -922
v 713 52 -944
v 713 30 -944
v 682 30 -945
v 682 30 -944
v 682 54 -944
v 682 54 -945
v 714 54 -944
v 714 30 -944
v 714 30 -945
v 714 54 -945
v 713 30 -944
v 713 30 -922
v 713 54 -922
v 713 54 -944
v 714 54 -922
v 714 30 -922
v 714 30 -944
v 714 54 -944
v 682 6 -922
v 682 6 -921
v 682 30 -921
v 682 30 -922
v 714 30 -921
v 714 6 -921
v 714 6 -922
v 714 30 -922
v 682 6 -944
v 682 6 -922
v 682 30 -922
v 682 30 -944
v 683 30 -922
v 683 6 -922
v 683 6 -944
v 683 30 -944
v 683 6 -944
v 683 6 -922
v 683 24 -922
v 683 28 -944
v 713 24 -922
v 713 6 -922
v 713 28 -944
v 713 6 -944
v 682 6 -945
v 682 6 -944
v 682 30 -944
v 682 30 -945
v 714 30 -944
v 714 6 -944
v 714 6 -945
v 714 30 -945
v 713 6 -944
v 713 6 -922
v 713 30 -922
v 713 30 -944
v 714 30 -922
v 714 6 -922
v 714 6 -944
v 714 30 -944
v 682 54 -922
v 682 54 -921
v 682 78 -921
v 682 78 -922
v 714 78 -921
v 714 54 -921
v 714 54 -922
v 714 78 -922
v 682 54 -944
v 682 54 -922
v 682 78 -922
v 682 78 -944
v 683 78 -922
v 683 54 -922
v 683 54 -944
v 683 78 -944
v 683 54 -944
v 683 54 -922
v 683 72 -922
v 683 76 -944
v 713 72 -922
v 713 54 -922
v 713 76 -944
v 713 54 -944
v 682 54 -945
v 682 54 -944
v 682 78 -944
v 682 78 -945
v 714 78 -944
v 714 54 -944
v 714 54 -945
v 714 78 -945
v 713 54 -944
v 713 54 -922
v 713 78 -922
v 713 78 -944
v 714 78 -922
v 714 54 -922
v 714 54 -944
v 714 78 -944
v 752 0 -944
v 752 0 -896
v 752 6 -896
v 752 6 -944
v 848 6 -896
v 848 0 -896
v 848 0 -944
v 848 6 -944
v 846 6 -940
v 846 6 -896
v 846 46 -896
v 846 46 -940
v 848 46 -896
v 848 6 -896
v 848 6 -940
v 848 46 -940
v 752 46 -944
v 752 46 -896
v 752 48 -896
v 752 48 -944
v 848 48 -896
v 848 46 -896
v 848 46 -944
v 848 48 -944
v 752 6 -940
v 752 6 -896
v 752 46 -896
v 752 46 -940
v 754 46 -896
v 754 6 -896
v 754 6 -940
v 754 46 -940
v 752 6 -944
v 752 6 -940
v 752 46 -940
v 752 46 -944
v 848 46 -940
v 848 6 -940
v 848 6 -944
v 848 46 -944
v 754 6 -940
v 754 6 -897
v 754 26 -897
v 754 26 -940
v 846 26 -897
v 846 6 -897
v 846 6 -940
v 846 26 -940
v 754 26 -940
v 754 26 -897
v 754 46 -897
v 754 46 -940
v 846 46 -897
v 846 26 -897
v 846 26 -940
v 846 46 -940
v 884 0 -952
v 884 0 -924
v 884 10 -924
v 884 10 -952
v 916 10 -924
v 916 0 -924
v 916 0 -952
v 916 10 -952
v 884 10 -952
v 884 10 -922
v 884 26 -922
v 884 26 -952
v 916 26 -922
v 916 10 -922
v 916 10 -952
v 916 26 -952
v 886 22 -922
v 887 22 -921
v 887 23 -921
v 886 24 -922
v 888 24 -921
v 913 23 -921
v 912 24 -921
v 913 22 -921
v 914 22 -922
v 914 24 -922
v 884 26 -952
v 884 26 -922
v 884 42 -922
v 884 42 -952
v 916 42 -922
v 916 26 -922
v 916 26 -952
v 916 42 -952
v 886 38 -922
v 887 38 -921
v 887 39 -921
v 886 40 -922
v 888 40 -921
v 913 39 -921
v 912 40 -921
v 913 38 -921
v 914 38 -922
v 914 40 -922
v 884 42 -952
v 884 42 -922
v 884 44 -922
v 884 44 -952
v 916 44 -922
v 916 42 -922
v 916 42 -952
v 916 44 -952
v 1067 38 -743
v 1067 38 -731
v 1067 40 -731
v 1067 40 -743
v 1163 40 -731
v 1163 38 -731
v 1163 38 -743
v 1163 40 -743
v 1065 8 -745
v 1065 8 -729
v 1065 40 -729
v 1065 40 -745
v 1067 40 -729
v 1067 8 -729
v 1067 8 -745
v 1067 40 -745
v 1163 8 -745
v 1163 8 -729
v 1163 40 -729
v 1163 40 -745
v 1165 40 -729
v 1165 8 -729
v 1165 8 -745
v 1165 40 -745
v 1139 16 -757
v 1139 16 -717
v 1139 36 -717
v 1139 36 -757
v 1163 36 -717
v 1163 16 -717
v 1163 16 -757
v 1163 36 -757
v 1064 40 -767
v 1064 40 -707
v 1064 42 -707
v 1064 42 -767
v 1166 42 -707
v 1166 40 -707
v 1166 40 -767
v 1166 42 -767
v 1065 2 -766
v 1065 2 -708
v 1065 8 -708
v 1065 8 -766
v 1067 8 -708
v 1067 2 -708
v 1067 2 -766
v 1067 8 -766
v 1065 0 -766
v 1065 0 -762
v 1065 2 -762
v 1065 2 -766
v 1067 2 -762
v 1067 0 -762
v 1067 0 -766
v 1067 2 -766
v 1065 0 -712
v 1065 0 -708
v 1065 2 -708
v 1065 2 -712
v 1067 2 -708
v 1067 0 -708
v 1067 0 -712
v 1067 2 -712
v 1163 0 -766
v 1163 0 -762
v 1163 2 -762
v 1163 2 -766
v 1165 2 -762
v 1165 0 -762
v 1165 0 -766
v 1165 2 -766
v 1163 2 -766
v 1163 2 -708
v 1163 8 -708
v 1163 8 -766
v 1165 8 -708
v 1165 2 -708
v 1165 2 -766
v 1165 8 -766
v 1163 0 -712
v 1163 0 -708
v 1163 2 -708
v 1163 2 -712
v 1165 2 -708
v 1165 0 -708
v 1165 0 -712
v 1165 2 -712
v 932 0 -790
v 932 0 -758
v 932 4 -758
v 932 4 -790
v 964 4 -758
v 964 0 -758
v 964 0 -790
v 964 4 -790
v 946 4 -776
v 946 4 -772
v 946 24 -772
v 946 24 -776
v 950 24 -772
v 950 4 -772
v 950 4 -776
v 950 24 -776
v 932 24 -790
v 932 24 -758
v 932 28 -758
v 932 28 -790
v 964 28 -758
v 964 24 -758
v 964 24 -790
v 964 28 -790
v 944 24 -792
v 944 24 -790
v 944 44 -790
v 944 44 -792
v 952 44 -790
v 952 24 -790
v 952 24 -792
v 952 44 -792
v 932 36 -790
v 932 36 -788
v 932 56 -788
v 932 56 -790
v 964 56 -788
v 964 36 -788
v 964 36 -790
v 964 56 -790
v 1396 0 -930
v 1396 0 -926
v 1396 6 -926
v 1396 6 -930
v 1400 6 -926
v 1400 0 -926
v 1400 0 -930
v 1400 6 -930
v 1396 6 -952
v 1396 6 -926
v 1396 116 -926
v 1396 116 -952
v 1400 116 -926
v 1400 6 -926
v 1400 6 -952
v 1400 116 -952
v 1396 0 -952
v 1396 0 -948
v 1396 6 -948
v 1396 6 -952
v 1400 6 -948
v 1400 0 -948
v 1400 0 -952
v 1400 6 -952
v 1330 0 -930
v 1330 0 -926
v 1330 6 -926
v 1330 6 -930
v 1334 6 -926
v 1334 0 -926
v 1334 0 -930
v 1334 6 -930
v 1330 6 -952
v 1330 6 -926
v 1330 116 -926
v 1330 116 -952
v 1334 116 -926
v 1334 6 -926
v 1334 6 -952
v 1334 116 -952
v 1330 0 -952
v 1330 0 -948
v 1330 6 -948
v 1330 6 -952
v 1334 6 -948
v 1334 0 -948
v 1334 0 -952
v 1334 6 -952
v 1334 6 -952
v 1334 6 -950
v 1334 114 -950
v 1334 114 -952
v 1396 114 -950
v 1396 6 -950
v 1396 6 -952
v 1396 114 -952
v 1334 14 -948
v 1334 14 -924
v 1334 36 -924
v 1334 36 -948
v 1396 36 -924
v 1396 14 -924
v 1396 14 -948
v 1396 36 -948
v 1334 40 -950
v 1334 40 -922
v 1334 42 -922
v 1334 42 -950
v 1396 42 -922
v 1396 40 -922
v 1396 40 -950
v 1396 42 -950
v 1334 60 -950
v 1334 60 -930
v 1334 62 -930
v 1334 62 -950
v 1396 62 -930
v 1396 60 -930
v 1396 60 -950
v 1396 62 -950
v 1334 80 -950
v 1334 80 -930
v 1334 82 -930
v 1334 82 -950
v 1396 82 -930
v 1396 80 -930
v 1396 80 -950
v 1396 82 -950
v 1334 100 -950
v 1334 100 -930
v 1334 102 -930
v 1334 102 -950
v 1396 102 -930
v 1396 100 -930
v 1396 100 -950
v 1396 102 -950
v 1334 38 -940
v 1334 38 -932
v 1334 40 -932
v 1334 40 -940
v 1396 40 -932
v 1396 38 -932
v 1396 38 -940
v 1396 40 -940
v 1472 0 -922
v 1472 0 -918
v 1472 6 -918
v 1472 6 -922
v 1476 6 -918
v 1476 0 -918
v 1476 0 -922
v 1476 6 -922
v 1472 6 -944
v 1472 6 -918
v 1472 116 -918
v 1472 116 -944
v 1476 116 -918
v 1476 6 -918
v 1476 6 -944
v 1476 116 -944
v 1476 14 -940
v 1476 14 -916
v 1476 36 -916
v 1476 36 -940
v 1602 36 -916
v 1602 14 -916
v 1602 14 -940
v 1602 36 -940
v 1472 0 -944
v 1472 0 -940
v 1472 6 -940
v 1472 6 -944
v 1476 6 -940
v 1476 0 -940
v 1476 0 -944
v 1476 6 -944
v 1476 6 -944
v 1476 6 -942
v 1476 114 -942
v 1476 114 -944
v 1602 114 -942
v 1602 6 -942
v 1602 6 -944
v 1602 114 -944
v 1668 0 -922
v 1668 0 -918
v 1668 6 -918
v 1668 6 -922
v 1672 6 -918
v 1672 0 -918
v 1672 0 -922
v 1672 6 -922
v 1668 6 -944
v 1668 6 -918
v 1668 116 -918
v 1668 116 -944
v 1672 116 -918
v 1672 6 -918
v 1672 6 -944
v 1672 116 -944
v 1668 0 -944
v 1668 0 -940
v 1668 6 -940
v 1668 6 -944
v 1672 6 -940
v 1672 0 -940
v 1672 0 -944
v 1672 6 -944
v 1602 0 -922
v 1602 0 -918
v 1602 6 -918
v 1602 6 -922
v 1606 6 -918
v 1606 0 -918
v 1606 0 -922
v 1606 6 -922
v 1602 6 -944
v 1602 6 -918
v 1602 116 -918
v 1602 116 -944
v 1606 116 -918
v 1606 6 -918
v 1606 6 -944
v 1606 116 -944
v 1602 0 -944
v 1602 0 -940
v 1602 6 -940
v 1602 6 -944
v 1606 6 -940
v 1606 0 -940
v 1606 0 -944
v 1606 6 -944
v 1606 6 -944
v 1606 6 -942
v 1606 114 -942
v 1606 114 -944
v 1668 114 -942
v 1668 6 -942
v 1668 6 -944
v 1668 114 -944
v 1606 14 -940
v 1606 14 -916
v 1606 36 -916
v 1606 36 -940
v 1668 36 -916
v 1668 14 -916
v 1668 14 -940
v 1668 36 -940
v 1606 40 -942
v 1606 40 -914
v 1606 42 -914
v 1606 42 -942
v 1668 42 -914
v 1668 40 -914
v 1668 40 -942
v 1668 42 -942
v 1606 60 -942
v 1606 60 -922
v 1606 62 -922
v 1606 62 -942
v 1668 62 -922
v 1668 60 -922
v 1668 60 -942
v 1668 62 -942
v 1606 80 -942
v 1606 80 -922
v 1606 82 -922
v 1606 82 -942
v 1668 82 -922
v 1668 80 -922
v 1668 80 -942
v 1668 82 -942
v 1606 100 -942
v 1606 100 -922
v 1606 102 -922
v 1606 102 -942
v 1668 102 -922
v 1668 100 -922
v 1668 100 -942
v 1668 102 -942
v 1606 38 -932
v 1606 38 -924
v 1606 40 -924
v 1606 40 -932
v 1668 40 -924
v 1668 38 -924
v 1668 38 -932
v 1668 40 -932
v 1476 40 -942
v 1476 40 -914
v 1476 42 -914
v 1476 42 -942
v 1602 42 -914
v 1602 40 -914
v 1602 40 -942
v 1602 42 -942
v 1476 38 -932
v 1476 38 -924
v 1476 40 -924
v 1476 40 -932
v 1602 40 -924
v 1602 38 -924
v 1602 38 -932
v 1602 40 -932
v 1476 60 -942
v 1476 60 -922
v 1476 62 -922
v 1476 62 -942
v 1602 62 -922
v 1602 60 -922
v 1602 60 -942
v 1602 62 -942
v 1476 80 -942
v 1476 80 -922
v 1476 82 -922
v 1476 82 -942
v 1602 82 -922
v 1602 80 -922
v 1602 80 -942
v 1602 82 -942
v 1476 100 -942
v 1476 100 -922
v 1476 102 -922
v 1476 102 -942
v 1602 102 -922
v 1602 100 -922
v 1602 100 -942
v 1602 102 -942
v 946 6 -952
v 946 6 -921
v 946 66 -921
v 946 66 -952
v 1054 66 -921
v 1054 6 -921
v 1054 6 -952
v 1054 66 -952
v 944 66 -952
v 944 66 -920
v 944 68 -920
v 944 68 -952
v 1056 68 -920
v 1056 66 -920
v 1056 66 -952
v 1056 68 -952
v 944 6 -952
v 944 6 -920
v 944 66 -920
v 944 66 -952
v 946 66 -920
v 946 6 -920
v 946 6 -952
v 946 66 -952
v 944 0 -952
v 944 0 -920
v 944 6 -920
v 944 6 -952
v 1056 6 -920
v 1056 0 -920
v 1056 0 -952
v 1056 6 -952
v 1054 6 -952
v 1054 6 -920
v 1054 66 -920
v 1054 66 -952
v 1056 66 -920
v 1056 6 -920
v 1056 6 -952
v 1056 66 -952
v 1222 0 -930
v 1222 0 -926
v 1222 2 -926
v 1222 2 -930
v 1224 2 -926
v 1224 0 -926
v 1224 0 -930
v 1224 2 -930
v 1222 6 -952
v 1222 6 -926
v 1222 110 -926
v 1222 110 -952
v 1224 110 -926
v 1224 6 -926
v 1224 6 -952
v 1224 110 -952
v 1224 6 -952
v 1224 6 -950
v 1224 108 -950
v 1224 108 -952
v 1296 108 -950
v 1296 6 -950
v 1296 6 -952
v 1296 108 -952
v 1222 2 -952
v 1222 2 -926
v 1222 6 -926
v 1222 6 -952
v 1224 6 -926
v 1224 2 -926
v 1224 2 -952
v 1224 6 -952
v 1222 0 -952
v 1222 0 -948
v 1222 2 -948
v 1222 2 -952
v 1224 2 -948
v 1224 0 -948
v 1224 0 -952
v 1224 2 -952
v 1296 6 -952
v 1296 6 -926
v 1296 110 -926
v 1296 110 -952
v 1298 110 -926
v 1298 6 -926
v 1298 6 -952
v 1298 110 -952
v 1296 2 -952
v 1296 2 -926
v 1296 6 -926
v 1296 6 -952
v 1298 6 -926
v 1298 2 -926
v 1298 2 -952
v 1298 6 -952
v 1296 0 -930
v 1296 0 -926
v 1296 2 -926
v 1296 2 -930
v 1298 2 -926
v 1298 0 -926
v 1298 0 -930
v 1298 2 -930
v 1296 0 -952
v 1296 0 -948
v 1296 2 -948
v 1296 2 -952
v 1298 2 -948
v 1298 0 -948
v 1298 0 -952
v 1298 2 -952
v 1224 10 -950
v 1224 10 -924
v 1224 12 -924
v 1224 12 -950
v 1296 12 -924
v 1296 10 -924
v 1296 10 -950
v 1296 12 -950
v 1224 26 -950
v 1224 26 -924
v 1224 28 -924
v 1224 28 -950
v 1296 28 -924
v 1296 26 -924
v 1296 26 -950
v 1296 28 -950
v 1224 42 -950
v 1224 42 -924
v 1224 44 -924
v 1224 44 -950
v 1296 44 -924
v 1296 42 -924
v 1296 42 -950
v 1296 44 -950
v 1224 66 -950
v 1224 66 -924
v 1224 68 -924
v 1224 68 -950
v 1296 68 -924
v 1296 66 -924
v 1296 66 -950
v 1296 68 -950
v 1224 90 -950
v 1224 90 -924
v 1224 92 -924
v 1224 92 -950
v 1296 92 -924
v 1296 90 -924
v 1296 90 -950
v 1296 92 -950
v 1216 0 -738
v 1216 0 -706
v 1216 4 -706
v 1216 4 -738
v 1248 4 -706
v 1248 0 -706
v 1248 0 -738
v 1248 4 -738
v 1230 4 -724
v 1230 4 -720
v 1230 24 -720
v 1230 24 -724
v 1234 24 -720
v 1234 4 -720
v 1234 4 -724
v 1234 24 -724
v 1216 24 -738
v 1216 24 -706
v 1216 28 -706
v 1216 28 -738
v 1248 28 -706
v 1248 24 -706
v 1248 24 -738
v 1248 28 -738
v 1228 24 -706
v 1228 24 -704
v 1228 44 -704
v 1228 44 -706
v 1236 44 -704
v 1236 24 -704
v 1236 24 -706
v 1236 44 -706
v 1216 36 -708
v 1216 36 -706
v 1216 56 -706
v 1216 56 -708
v 1248 56 -706
v 1248 36 -706
v 1248 36 -708
v 1248 56 -708
v 1197 38 -743
v 1197 38 -731
v 1197 40 -731
v 1197 40 -743
v 1293 40 -731
v 1293 38 -731
v 1293 38 -743
v 1293 40 -743
v 1195 8 -745
v 1195 8 -729
v 1195 40 -729
v 1195 40 -745
v 1197 40 -729
v 1197 8 -729
v 1197 8 -745
v 1197 40 -745
v 1269 2 -751
v 1269 2 -723
v 1269 34 -723
v 1269 34 -751
v 1293 34 -723
v 1293 2 -723
v 1293 2 -751
v 1293 34 -751
v 1194 40 -759
v 1194 40 -715
v 1194 42 -715
v 1194 42 -759
v 1296 42 -715
v 1296 40 -715
v 1296 40 -759
v 1296 42 -759
v 1195 2 -758
v 1195 2 -716
v 1195 8 -716
v 1195 8 -758
v 1197 8 -716
v 1197 2 -716
v 1197 2 -758
v 1197 8 -758
v 1195 0 -758
v 1195 0 -754
v 1195 2 -754
v 1195 2 -758
v 1197 2 -754
v 1197 0 -754
v 1197 0 -758
v 1197 2 -758
v 1195 0 -720
v 1195 0 -716
v 1195 2 -716
v 1195 2 -720
v 1197 2 -716
v 1197 0 -716
v 1197 0 -720
v 1197 2 -720
v 1293 0 -720
v 1293 0 -716
v 1293 2 -716
v 1293 2 -720
v 1295 2 -716
v 1295 0 -716
v 1295 0 -720
v 1295 2 -720
v 1293 8 -745
v 1293 8 -729
v 1293 40 -729
v 1293 40 -745
v 1295 40 -729
v 1295 8 -729
v 1295 8 -745
v 1295 40 -745
v 1293 0 -758
v 1293 0 -754
v 1293 2 -754
v 1293 2 -758
v 1295 2 -754
v 1295 0 -754
v 1295 0 -758
v 1295 2 -758
v 1293 2 -758
v 1293 2 -716
v 1293 8 -716
v 1293 8 -758
v 1295 8 -716
v 1295 2 -716
v 1295 2 -758
v 1295 8 -758
v 1269 0 -727
v 1269 0 -723
v 1269 2 -723
v 1269 2 -727
v 1271 2 -723
v 1271 0 -723
v 1271 0 -727
v 1271 2 -727
v 1269 0 -751
v 1269 0 -747
v 1269 2 -747
v 1269 2 -751
v 1271 2 -747
v 1271 0 -747
v 1271 0 -751
v 1271 2 -751
v 1291 0 -751
v 1291 0 -747
v 1291 2 -747
v 1291 2 -751
v 1293 2 -747
v 1293 0 -747
v 1293 0 -751
v 1293 2 -751
v 1291 0 -727
v 1291 0 -723
v 1291 2 -723
v 1291 2 -727
v 1293 2 -723
v 1293 0 -723
v 1293 0 -727
v 1293 2 -727
v 1504 40 -778
v 1504 40 -704
v 1504 42 -704
v 1504 42 -778
v 1628 42 -704
v 1628 40 -704
v 1628 40 -778
v 1628 42 -778
v 1507 38 -747
v 1507 38 -735
v 1507 40 -735
v 1507 40 -747
v 1625 40 -735
v 1625 38 -735
v 1625 38 -747
v 1625 40 -747
v 1505 8 -749
v 1505 8 -733
v 1505 40 -733
v 1505 40 -749
v 1507 40 -733
v 1507 8 -733
v 1507 8 -749
v 1507 40 -749
v 1625 8 -749
v 1625 8 -733
v 1625 40 -733
v 1625 40 -749
v 1627 40 -733
v 1627 8 -733
v 1627 8 -749
v 1627 40 -749
v 1507 8 -765
v 1507 8 -717
v 1507 38 -717
v 1507 38 -765
v 1531 38 -717
v 1531 8 -717
v 1531 8 -765
v 1531 38 -765
v 1601 8 -765
v 1601 8 -717
v 1601 38 -717
v 1601 38 -765
v 1625 38 -717
v 1625 8 -717
v 1625 8 -765
v 1625 38 -765
v 1505 2 -777
v 1505 2 -705
v 1505 8 -705
v 1505 8 -777
v 1507 8 -705
v 1507 2 -705
v 1507 2 -777
v 1507 8 -777
v 1505 0 -709
v 1505 0 -705
v 1505 2 -705
v 1505 2 -709
v 1507 2 -705
v 1507 0 -705
v 1507 0 -709
v 1507 2 -709
v 1505 0 -777
v 1505 0 -773
v 1505 2 -773
v 1505 2 -777
v 1507 2 -773
v 1507 0 -773
v 1507 0 -777
v 1507 2 -777
v 1625 0 -709
v 1625 0 -705
v 1625 2 -705
v 1625 2 -709
v 1627 2 -705
v 1627 0 -705
v 1627 0 -709
v 1627 2 -709
v 1625 2 -777
v 1625 2 -705
v 1625 8 -705
v 1625 8 -777
v 1627 8 -705
v 1627 2 -705
v 1627 2 -777
v 1627 8 -777
v 1625 0 -777
v 1625 0 -773
v 1625 2 -773
v 1625 2 -777
v 1627 2 -773
v 1627 0 -773
v 1627 0 -777
v 1627 2 -777
v 1568 20 -693
v 1568 20 -687
v 1568 36 -687
v 1568 36 -693
v 1570 36 -687
v 1570 20 -687
v 1570 20 -693
v 1570 36 -693
v 1567 36 -696
v 1567 36 -684
v 1567 38 -684
v 1567 38 -696
v 1571 38 -684
v 1571 36 -684
v 1571 36 -696
v 1571 38 -696
v 1572 0 -676.1666666666715
v 1572 0 -674
v 1568 20 -687
v 1568 24 -687
v 1570 24 -687
v 1574 0 -674
v 1574 0 -676.1666666666715
v 1570 20 -687
v 1572 0 -703.8333333333248
v 1568 20 -693
v 1572 0 -706
v 1568 24 -693
v 1570 24 -693
v 1570 20 -693
v 1574 0 -703.8333333333248
v 1574 0 -706
v 1536 22 -693
v 1536 22 -687
v 1536 24 -687
v 1536 24 -693
v 1568 24 -687
v 1568 22 -687
v 1568 22 -693
v 1568 24 -693
v 1534 20 -693
v 1534 20 -687
v 1534 36 -687
v 1534 36 -693
v 1536 36 -687
v 1536 20 -687
v 1536 20 -693
v 1536 36 -693
v 1530 0 -674
v 1534 24 -687
v 1530 0 -676.1666666666661
v 1534 20 -687
v 1536 24 -687
v 1532 0 -674
v 1532 0 -676.1666666666661
v 1536 20 -687
v 1530 0 -706
v 1530 0 -703.833333333343
v 1534 24 -693
v 1534 20 -693
v 1536 24 -693
v 1536 20 -693
v 1532 0 -703.833333333343
v 1532 0 -706
v 1533 36 -696
v 1533 36 -684
v 1533 38 -684
v 1533 38 -696
v 1537 38 -684
v 1537 36 -684
v 1537 36 -696
v 1537 38 -696
v 1536 28 -678
v 1536 28 -674
v 1536 30 -674
v 1536 30 -676
v 1568 30 -674
v 1568 28 -674
v 1568 28 -678
v 1568 30 -676
v 1536 30 -676
v 1536 30 -674
v 1536 52 -674
v 1536 52 -676
v 1537.3333333333353 54.666666666669045 -674
v 1537.3333333333353 54.666666666669045 -676
v 1540 56 -674
v 1540 56 -676
v 1568 52 -674
v 1566.6666666666679 54.66666666666432 -674
v 1564 56 -674
v 1568 30 -674
v 1568 30 -676
v 1564 56 -676
v 1566.6666666666679 54.66666666666432 -676
v 1568 52 -676
v 1536 24 -698
v 1536 24 -678
v 1536 28 -674
v 1536 28 -698
v 1568 28 -674
v 1568 24 -678
v 1568 24 -698
v 1568 28 -698
v 1536 28 -702
v 1536 24 -702
v 1536 24 -698
v 1536 28 -698
v 1537.3333333333323 28 -704.6666666666679
v 1537.3333333333323 25 -704.6666666666679
v 1540 26 -706
v 1540 28 -706
v 1568 28 -698
v 1568 24 -698
v 1568 24 -702
v 1568 28 -702
v 1566.6666666666665 28 -704.6666666666664
v 1564 28 -706
v 1566.6666666666636 25 -704.6666666666679
v 1564 26 -706
v 1558 20 -777
v 1558 20 -771
v 1558 36 -771
v 1558 36 -777
v 1560 36 -771
v 1560 20 -771
v 1560 20 -777
v 1560 36 -777
v 1557 36 -780
v 1557 36 -768
v 1557 38 -768
v 1557 38 -780
v 1561 38 -768
v 1561 36 -768
v 1561 36 -780
v 1561 38 -780
v 1554 0 -790
v 1554 0 -787.833333333374
v 1558 24 -777
v 1558 20 -777
v 1560 24 -777
v 1560 20 -777
v 1556 0 -787.833333333374
v 1556 0 -790
v 1554 0 -758
v 1558 24 -771
v 1554 0 -760.1666666666663
v 1558 20 -771
v 1560 24 -771
v 1556 0 -758
v 1556 0 -760.1666666666663
v 1560 20 -771
v 1560 22 -777
v 1560 22 -771
v 1560 24 -771
v 1560 24 -777
v 1592 24 -771
v 1592 22 -771
v 1592 22 -777
v 1592 24 -777
v 1592 20 -777
v 1592 20 -771
v 1592 36 -771
v 1592 36 -777
v 1594 36 -771
v 1594 20 -771
v 1594 20 -777
v 1594 36 -777
v 1596 0 -787.8333333333285
v 1592 20 -777
v 1596 0 -790
v 1592 24 -777
v 1594 24 -777
v 1594 20 -777
v 1598 0 -787.8333333333285
v 1598 0 -790
v 1596 0 -760.1666666666279
v 1596 0 -758
v 1592 20 -771
v 1592 24 -771
v 1594 24 -771
v 1598 0 -758
v 1598 0 -760.1666666666279
v 1594 20 -771
v 1591 36 -780
v 1591 36 -768
v 1591 38 -768
v 1591 38 -780
v 1595 38 -768
v 1595 36 -768
v 1595 36 -780
v 1595 38 -780
v 1560 28 -790
v 1560 28 -786
v 1560 30 -788
v 1560 30 -790
v 1592 30 -788
v 1592 28 -786
v 1592 28 -790
v 1592 30 -790
v 1560 30 -790
v 1560 30 -788
v 1560 52 -788
v 1560 52 -790
v 1561.3333333333353 54.66666666666904 -788
v 1561.3333333333353 54.66666666666904 -790
v 1564 56 -788
v 1564 56 -790
v 1592 52 -788
v 1590.666666666668 54.66666666666418 -788
v 1588 56 -788
v 1592 30 -788
v 1592 30 -790
v 1588 56 -790
v 1590.666666666668 54.66666666666418 -790
v 1592 52 -790
v 1560 24 -786
v 1560 24 -766
v 1560 28 -766
v 1560 28 -790
v 1592 28 -766
v 1592 24 -766
v 1592 24 -786
v 1592 28 -790
v 1560 24 -766
v 1560 24 -762
v 1560 28 -762
v 1560 28 -766
v 1561.3333333333371 25 -759.3333333333326
v 1561.3333333333355 28 -759.3333333333334
v 1564 26 -758
v 1564 28 -758
v 1588 28 -758
v 1588 26 -758
v 1590.6666666666677 25 -759.3333333333326
v 1592 24 -762
v 1592 24 -766
v 1592 28 -766
v 1590.6666666666674 28 -759.3333333333325
v 1592 28 -762
v 1368 2 -776
v 1368 2 -736
v 1368 32 -736
v 1368 32 -776
v 1370 32 -736
v 1370 2 -736
v 1370 2 -776
v 1370 32 -776
v 1406 2 -776
v 1406 2 -736
v 1406 32 -736
v 1406 32 -776
v 1408 32 -736
v 1408 2 -736
v 1408 2 -776
v 1408 32 -776
v 1370 2 -738
v 1370 2 -736
v 1370 32 -736
v 1370 32 -738
v 1406 32 -736
v 1406 2 -736
v 1406 2 -738
v 1406 32 -738
v 1370 2 -774
v 1370 2 -738
v 1370 4 -738
v 1370 4 -774
v 1406 4 -738
v 1406 2 -738
v 1406 2 -774
v 1406 4 -774
v 1370 2 -776
v 1370 2 -774
v 1370 32 -774
v 1370 32 -776
v 1406 32 -774
v 1406 2 -774
v 1406 2 -776
v 1406 32 -776
v 1372 0 -744
v 1372 0 -740
v 1372 2 -740
v 1372 2 -744
v 1376 2 -740
v 1376 0 -740
v 1376 0 -744
v 1376 2 -744
v 1400 0 -744
v 1400 0 -740
v 1400 2 -740
v 1400 2 -744
v 1404 2 -740
v 1404 0 -740
v 1404 0 -744
v 1404 2 -744
v 1400 0 -772
v 1400 0 -768
v 1400 2 -768
v 1400 2 -772
v 1404 2 -768
v 1404 0 -768
v 1404 0 -772
v 1404 2 -772
v 1372 0 -772
v 1372 0 -768
v 1372 2 -768
v 1372 2 -772
v 1376 2 -768
v 1376 0 -768
v 1376 0 -772
v 1376 2 -772
v 1315 0 -656
v 1315 0 -624
v 1315 4 -624
v 1315 4 -656
v 1347 4 -624
v 1347 0 -624
v 1347 0 -656
v 1347 4 -656
v 1329 4 -642
v 1329 4 -638
v 1329 24 -638
v 1329 24 -642
v 1333 24 -638
v 1333 4 -638
v 1333 4 -642
v 1333 24 -642
v 1315 24 -656
v 1315 24 -624
v 1315 28 -624
v 1315 28 -656
v 1347 28 -624
v 1347 24 -624
v 1347 24 -656
v 1347 28 -656
v 1327 24 -624
v 1327 24 -622
v 1327 44 -622
v 1327 44 -624
v 1335 44 -622
v 1335 24 -622
v 1335 24 -624
v 1335 44 -624
v 1315 36 -626
v 1315 36 -624
v 1315 56 -624
v 1315 56 -626
v 1347 56 -624
v 1347 36 -624
v 1347 36 -626
v 1347 56 -626
v 1305 38 -688
v 1305 38 -676
v 1305 40 -676
v 1305 40 -688
v 1357 40 -676
v 1357 38 -676
v 1357 38 -688
v 1357 40 -688
v 1303 8 -690
v 1303 8 -674
v 1303 40 -674
v 1303 40 -690
v 1305 40 -674
v 1305 8 -674
v 1305 8 -690
v 1305 40 -690
v 1303 2 -703
v 1303 2 -661
v 1303 8 -661
v 1303 8 -703
v 1305 8 -661
v 1305 2 -661
v 1305 2 -703
v 1305 8 -703
v 1303 0 -703
v 1303 0 -699
v 1303 2 -699
v 1303 2 -703
v 1305 2 -699
v 1305 0 -699
v 1305 0 -703
v 1305 2 -703
v 1303 0 -665
v 1303 0 -661
v 1303 2 -661
v 1303 2 -665
v 1305 2 -661
v 1305 0 -661
v 1305 0 -665
v 1305 2 -665
v 1357 0 -665
v 1357 0 -661
v 1357 2 -661
v 1357 2 -665
v 1359 2 -661
v 1359 0 -661
v 1359 0 -665
v 1359 2 -665
v 1357 8 -690
v 1357 8 -674
v 1357 40 -674
v 1357 40 -690
v 1359 40 -674
v 1359 8 -674
v 1359 8 -690
v 1359 40 -690
v 1357 0 -703
v 1357 0 -699
v 1357 2 -699
v 1357 2 -703
v 1359 2 -699
v 1359 0 -699
v 1359 0 -703
v 1359 2 -703
v 1357 2 -703
v 1357 2 -661
v 1357 8 -661
v 1357 8 -703
v 1359 8 -661
v 1359 2 -661
v 1359 2 -703
v 1359 8 -703
v 1305 20 -684
v 1305 20 -680
v 1305 38 -680
v 1305 38 -684
v 1357 38 -680
v 1357 20 -680
v 1357 20 -684
v 1357 38 -684
v 1305 19 -686
v 1305 18 -685
v 1305 18 -679
v 1305 19 -678
v 1305 20 -678
v 1305 20 -686
v 1357 20 -678
v 1357 19 -678
v 1357 18 -679
v 1357 18 -685
v 1357 20 -686
v 1357 19 -686
v 1302 40.24999999999809 -703.7500000000011
v 1302 40 -703
v 1302 40 -661
v 1302 40.25 -660.2499999999891
v 1302 41 -660
v 1302 41.75000000000047 -660.2500000000014
v 1302 42 -661
v 1302 42 -703
v 1302 41.7499999999996 -703.7500000000014
v 1302 41 -704
v 1360 41.750000000000476 -660.2500000000014
v 1360 41 -660
v 1360 40.25 -660.2499999999891
v 1360 42 -661
v 1360 40 -661
v 1360 40 -703
v 1360 42 -703
v 1360 40.24999999999809 -703.7500000000011
v 1360 41.7499999999996 -703.7500000000014
v 1360 41 -704
v 2081 38 -799
v 2081 38 -787
v 2081 40 -787
v 2081 40 -799
v 2177 40 -787
v 2177 38 -787
v 2177 38 -799
v 2177 40 -799
v 2079 8 -801
v 2079 8 -785
v 2079 40 -785
v 2079 40 -801
v 2081 40 -785
v 2081 8 -785
v 2081 8 -801
v 2081 40 -801
v 2153 2 -807
v 2153 2 -779
v 2153 34 -779
v 2153 34 -807
v 2177 34 -779
v 2177 2 -779
v 2177 2 -807
v 2177 34 -807
v 2078 40 -815
v 2078 40 -771
v 2078 42 -771
v 2078 42 -815
v 2180 42 -771
v 2180 40 -771
v 2180 40 -815
v 2180 42 -815
v 2079 2 -814
v 2079 2 -772
v 2079 8 -772
v 2079 8 -814
v 2081 8 -772
v 2081 2 -772
v 2081 2 -814
v 2081 8 -814
v 2079 0 -814
v 2079 0 -810
v 2079 2 -810
v 2079 2 -814
v 2081 2 -810
v 2081 0 -810
v 2081 0 -814
v 2081 2 -814
v 2079 0 -776
v 2079 0 -772
v 2079 2 -772
v 2079 2 -776
v 2081 2 -772
v 2081 0 -772
v 2081 0 -776
v 2081 2 -776
v 2177 0 -776
v 2177 0 -772
v 2177 2 -772
v 2177 2 -776
v 2179 2 -772
v 2179 0 -772
v 2179 0 -776
v 2179 2 -776
v 2177 8 -801
v 2177 8 -785
v 2177 40 -785
v 2177 40 -801
v 2179 40 -785
v 2179 8 -785
v 2179 8 -801
v 2179 40 -801
v 2177 0 -814
v 2177 0 -810
v 2177 2 -810
v 2177 2 -814
v 2179 2 -810
v 2179 0 -810
v 2179 0 -814
v 2179 2 -814
v 2177 2 -814
v 2177 2 -772
v 2177 8 -772
v 2177 8 -814
v 2179 8 -772
v 2179 2 -772
v 2179 2 -814
v 2179 8 -814
v 2153 0 -783
v 2153 0 -779
v 2153 2 -779
v 2153 2 -783
v 2155 2 -779
v 2155 0 -779
v 2155 0 -783
v 2155 2 -783
v 2153 0 -807
v 2153 0 -803
v 2153 2 -803
v 2153 2 -807
v 2155 2 -803
v 2155 0 -803
v 2155 0 -807
v 2155 2 -807
v 2175 0 -807
v 2175 0 -803
v 2175 2 -803
v 2175 2 -807
v 2177 2 -803
v 2177 0 -803
v 2177 0 -807
v 2177 2 -807
v 2175 0 -783
v 2175 0 -779
v 2175 2 -779
v 2175 2 -783
v 2177 2 -779
v 2177 0 -779
v 2177 0 -783
v 2177 2 -783
v 2102 0 -914
v 2102 0 -910
v 2102 2 -910
v 2102 2 -914
v 2104 2 -910
v 2104 0 -910
v 2104 0 -914
v 2104 2 -914
v 2102 6 -936
v 2102 6 -910
v 2102 110 -910
v 2102 110 -936
v 2104 110 -910
v 2104 6 -910
v 2104 6 -936
v 2104 110 -936
v 2104 6 -936
v 2104 6 -934
v 2104 108 -934
v 2104 108 -936
v 2176 108 -934
v 2176 6 -934
v 2176 6 -936
v 2176 108 -936
v 2102 2 -936
v 2102 2 -910
v 2102 6 -910
v 2102 6 -936
v 2104 6 -910
v 2104 2 -910
v 2104 2 -936
v 2104 6 -936
v 2102 0 -936
v 2102 0 -932
v 2102 2 -932
v 2102 2 -936
v 2104 2 -932
v 2104 0 -932
v 2104 0 -936
v 2104 2 -936
v 2176 6 -936
v 2176 6 -910
v 2176 110 -910
v 2176 110 -936
v 2178 110 -910
v 2178 6 -910
v 2178 6 -936
v 2178 110 -936
v 2176 2 -936
v 2176 2 -910
v 2176 6 -910
v 2176 6 -936
v 2178 6 -910
v 2178 2 -910
v 2178 2 -936
v 2178 6 -936
v 2176 0 -914
v 2176 0 -910
v 2176 2 -910
v 2176 2 -914
v 2178 2 -910
v 2178 0 -910
v 2178 0 -914
v 2178 2 -914
v 2176 0 -936
v 2176 0 -932
v 2176 2 -932
v 2176 2 -936
v 2178 2 -932
v 2178 0 -932
v 2178 0 -936
v 2178 2 -936
v 2104 10 -934
v 2104 10 -908
v 2104 12 -908
v 2104 12 -934
v 2176 12 -908
v 2176 10 -908
v 2176 10 -934
v 2176 12 -934
v 2104 26 -934
v 2104 26 -908
v 2104 28 -908
v 2104 28 -934
v 2176 28 -908
v 2176 26 -908
v 2176 26 -934
v 2176 28 -934
v 2104 42 -934
v 2104 42 -908
v 2104 44 -908
v 2104 44 -934
v 2176 44 -908
v 2176 42 -908
v 2176 42 -934
v 2176 44 -934
v 2104 66 -934
v 2104 66 -908
v 2104 68 -908
v 2104 68 -934
v 2176 68 -908
v 2176 66 -908
v 2176 66 -934
v 2176 68 -934
v 2104 90 -934
v 2104 90 -908
v 2104 92 -908
v 2104 92 -934
v 2176 92 -908
v 2176 90 -908
v 2176 90 -934
v 2176 92 -934
v 2022 0 -914
v 2022 0 -910
v 2022 2 -910
v 2022 2 -914
v 2024 2 -910
v 2024 0 -910
v 2024 0 -914
v 2024 2 -914
v 2022 6 -936
v 2022 6 -910
v 2022 110 -910
v 2022 110 -936
v 2024 110 -910
v 2024 6 -910
v 2024 6 -936
v 2024 110 -936
v 2024 6 -936
v 2024 6 -934
v 2024 108 -934
v 2024 108 -936
v 2096 108 -934
v 2096 6 -934
v 2096 6 -936
v 2096 108 -936
v 2022 2 -936
v 2022 2 -910
v 2022 6 -910
v 2022 6 -936
v 2024 6 -910
v 2024 2 -910
v 2024 2 -936
v 2024 6 -936
v 2022 0 -936
v 2022 0 -932
v 2022 2 -932
v 2022 2 -936
v 2024 2 -932
v 2024 0 -932
v 2024 0 -936
v 2024 2 -936
v 2096 6 -936
v 2096 6 -910
v 2096 110 -910
v 2096 110 -936
v 2098 110 -910
v 2098 6 -910
v 2098 6 -936
v 2098 110 -936
v 2096 2 -936
v 2096 2 -910
v 2096 6 -910
v 2096 6 -936
v 2098 6 -910
v 2098 2 -910
v 2098 2 -936
v 2098 6 -936
v 2096 0 -914
v 2096 0 -910
v 2096 2 -910
v 2096 2 -914
v 2098 2 -910
v 2098 0 -910
v 2098 0 -914
v 2098 2 -914
v 2096 0 -936
v 2096 0 -932
v 2096 2 -932
v 2096 2 -936
v 2098 2 -932
v 2098 0 -932
v 2098 0 -936
v 2098 2 -936
v 2024 10 -934
v 2024 10 -908
v 2024 12 -908
v 2024 12 -934
v 2096 12 -908
v 2096 10 -908
v 2096 10 -934
v 2096 12 -934
v 2024 26 -934
v 2024 26 -908
v 2024 28 -908
v 2024 28 -934
v 2096 28 -908
v 2096 26 -908
v 2096 26 -934
v 2096 28 -934
v 2024 42 -934
v 2024 42 -908
v 2024 44 -908
v 2024 44 -934
v 2096 44 -908
v 2096 42 -908
v 2096 42 -934
v 2096 44 -934
v 2024 66 -934
v 2024 66 -908
v 2024 68 -908
v 2024 68 -934
v 2096 68 -908
v 2096 66 -908
v 2096 66 -934
v 2096 68 -934
v 2024 90 -934
v 2024 90 -908
v 2024 92 -908
v 2024 92 -934
v 2096 92 -908
v 2096 90 -908
v 2096 90 -934
v 2096 92 -934
v 2126 20 -767
v 2126 20 -761
v 2126 36 -761
v 2126 36 -767
v 2128 36 -761
v 2128 20 -761
v 2128 20 -767
v 2128 36 -767
v 2125 36 -770
v 2125 36 -758
v 2125 38 -758
v 2125 38 -770
v 2129 38 -758
v 2129 36 -758
v 2129 36 -770
v 2129 38 -770
v 2130 0 -750.1666666666424
v 2130 0 -748
v 2126 20 -761
v 2126 24 -761
v 2128 24 -761
v 2132 0 -748
v 2132 0 -750.1666666666424
v 2128 20 -761
v 2130 0 -777.8333333333285
v 2126 20 -767
v 2130 0 -780
v 2126 24 -767
v 2128 24 -767
v 2128 20 -767
v 2132 0 -777.8333333333285
v 2132 0 -780
v 2094 22 -767
v 2094 22 -761
v 2094 24 -761
v 2094 24 -767
v 2126 24 -761
v 2126 22 -761
v 2126 22 -767
v 2126 24 -767
v 2092 20 -767
v 2092 20 -761
v 2092 36 -761
v 2092 36 -767
v 2094 36 -761
v 2094 20 -761
v 2094 20 -767
v 2094 36 -767
v 2088 0 -748
v 2092 24 -761
v 2088 0 -750.1666666666657
v 2092 20 -761
v 2094 24 -761
v 2090 0 -748
v 2090 0 -750.1666666666657
v 2094 20 -761
v 2088 0 -780
v 2088 0 -777.8333333333794
v 2092 24 -767
v 2092 20 -767
v 2094 24 -767
v 2094 20 -767
v 2090 0 -777.8333333333794
v 2090 0 -780
v 2091 36 -770
v 2091 36 -758
v 2091 38 -758
v 2091 38 -770
v 2095 38 -758
v 2095 36 -758
v 2095 36 -770
v 2095 38 -770
v 2094 28 -752
v 2094 28 -748
v 2094 30 -748
v 2094 30 -750
v 2126 30 -748
v 2126 28 -748
v 2126 28 -752
v 2126 30 -750
v 2094 30 -750
v 2094 30 -748
v 2094 52 -748
v 2094 52 -750
v 2095.3333333333335 54.66666666666727 -748
v 2095.3333333333335 54.66666666666727 -750
v 2098 56 -748
v 2098 56 -750
v 2126 52 -748
v 2124.6666666666656 54.66666666666883 -748
v 2122 56 -748
v 2126 30 -748
v 2126 30 -750
v 2122 56 -750
v 2124.6666666666656 54.66666666666883 -750
v 2126 52 -750
v 2094 24 -772
v 2094 24 -752
v 2094 28 -748
v 2094 28 -772
v 2126 28 -748
v 2126 24 -752
v 2126 24 -772
v 2126 28 -772
v 2094 28 -776
v 2094 24 -776
v 2094 24 -772
v 2094 28 -772
v 2095.3333333333326 28 -778.6666666666678
v 2095.3333333333326 25 -778.6666666666678
v 2098 26 -780
v 2098 28 -780
v 2126 28 -772
v 2126 24 -772
v 2126 24 -776
v 2126 28 -776
v 2124.666666666666 28 -778.6666666666671
v 2122 28 -780
v 2124.6666666666647 25 -778.6666666666678
v 2122 26 -780
v 2132 20 -839
v 2132 20 -833
v 2132 36 -833
v 2132 36 -839
v 2134 36 -833
v 2134 20 -833
v 2134 20 -839
v 2134 36 -839
v 2131 36 -842
v 2131 36 -830
v 2131 38 -830
v 2131 38 -842
v 2135 38 -830
v 2135 36 -830
v 2135 36 -842
v 2135 38 -842
v 2128 0 -852
v 2128 0 -849.8333333333339
v 2132 24 -839
v 2132 20 -839
v 2134 24 -839
v 2134 20 -839
v 2130 0 -849.8333333333339
v 2130 0 -852
v 2128 0 -820
v 2132 24 -833
v 2128 0 -822.166666666664
v 2132 20 -833
v 2134 24 -833
v 2130 0 -820
v 2130 0 -822.166666666664
v 2134 20 -833
v 2134 22 -839
v 2134 22 -833
v 2134 24 -833
v 2134 24 -839
v 2166 24 -833
v 2166 22 -833
v 2166 22 -839
v 2166 24 -839
v 2166 20 -839
v 2166 20 -833
v 2166 36 -833
v 2166 36 -839
v 2168 36 -833
v 2168 20 -833
v 2168 20 -839
v 2168 36 -839
v 2170 0 -849.8333333333285
v 2166 20 -839
v 2170 0 -852
v 2166 24 -839
v 2168 24 -839
v 2168 20 -839
v 2172 0 -849.8333333333285
v 2172 0 -852
v 2170 0 -822.1666666666133
v 2170 0 -820
v 2166 20 -833
v 2166 24 -833
v 2168 24 -833
v 2172 0 -820
v 2172 0 -822.1666666666133
v 2168 20 -833
v 2165 36 -842
v 2165 36 -830
v 2165 38 -830
v 2165 38 -842
v 2169 38 -830
v 2169 36 -830
v 2169 36 -842
v 2169 38 -842
v 2134 28 -852
v 2134 28 -848
v 2134 30 -850
v 2134 30 -852
v 2166 30 -850
v 2166 28 -848
v 2166 28 -852
v 2166 30 -852
v 2134 30 -852
v 2134 30 -850
v 2134 52 -850
v 2134 52 -852
v 2135.3333333333335 54.66666666666726 -850
v 2135.3333333333335 54.66666666666726 -852
v 2138 56 -850
v 2138 56 -852
v 2166 52 -850
v 2164.666666666667 54.66666666666658 -850
v 2162 56 -850
v 2166 30 -850
v 2166 30 -852
v 2162 56 -852
v 2164.666666666667 54.66666666666658 -852
v 2166 52 -852
v 2134 24 -848
v 2134 24 -828
v 2134 28 -828
v 2134 28 -852
v 2166 28 -828
v 2166 24 -828
v 2166 24 -848
v 2166 28 -852
v 2134 24 -828
v 2134 24 -824
v 2134 28 -824
v 2134 28 -828
v 2135.3333333333385 25 -821.3333333333316
v 2135.333333333337 28 -821.3333333333323
v 2138 26 -820
v 2138 28 -820
v 2162 28 -820
v 2162 26 -820
v 2164.6666666666656 25 -821.3333333333316
v 2166 24 -824
v 2166 24 -828
v 2166 28 -828
v 2164.6666666666683 28 -821.3333333333345
v 2166 28 -824
v 2161 42 -803
v 2161 42 -791
v 2160 44 -790
v 2160 44 -804
v 2170 44 -790
v 2169 42 -791
v 2169 42 -803
v 2170 44 -804
v 2160 44 -803
v 2160 44 -790
v 2160 49.57142857142911 -803
v 2162 50 -796
v 2160.2499999999995 50 -803
v 2168 50 -796
v 2170 44 -790
v 2170 44 -803
v 2169.75 50 -803
v 2170 49.571428571428555 -803
v 2160 44 -803
v 2160 49.57142857143117 -803
v 2160 44 -804
v 2161 50 -804
v 2160.2499999999986 50 -803
v 2170 49.571428571431355 -803
v 2169.75 50 -803
v 2170 44 -803
v 2170 44 -804
v 2169 50 -804
v 2158 50 -799
v 2158 52 -799
v 2158 52 -803
v 2158 50 -803
v 2165 53 -803
v 2165 53 -799
v 2165 50.750000000000384 -799
v 2165 50.750000000000455 -803
v 2154 50 -803
v 2154 50 -799
v 2154.5714285714294 51.14285714285879 -799
v 2154.5714285714294 51.14285714285879 -803
v 2158 52 -803
v 2158 52 -799
v 2158 50 -799
v 2158 50 -803
v 2154 48 -803
v 2154 48 -799
v 2154 50 -799
v 2154 50 -803
v 2156 47 -803
v 2156 47 -799
v 2158 50 -799
v 2157 47 -799
v 2158 49 -799
v 2157 47 -803
v 2158 50 -803
v 2158 49 -803
v 2162 50 -799
v 2162 50 -798
v 2162 51 -798
v 2162 51 -799
v 2163 51 -798
v 2165 50 -798
v 2165 50 -799
v 2163 51 -799
v 2165 50 -799
v 2165 50 -798
v 2167 51 -798
v 2167 51 -799
v 2168 51 -798
v 2168 50 -798
v 2168 50 -799
v 2168 51 -799
v 2165 50 -804
v 2165 50 -803
v 2167 51 -803
v 2167 51 -804
v 2168 51 -803
v 2168 50 -803
v 2168 50 -804
v 2168 51 -804
v 2162 50 -804
v 2162 50 -803
v 2162 51 -803
v 2162 51 -804
v 2163 51 -803
v 2165 50 -803
v 2165 50 -804
v 2163 51 -804
v 2172 49 -803
v 2172 49 -799
v 2172 50 -799
v 2172 50 -803
v 2173 47 -803
v 2173 47 -799
v 2176 50 -799
v 2174 47 -799
v 2176 48 -799
v 2174 47 -803
v 2176 50 -803
v 2176 48 -803
v 2172 52 -803
v 2172 50 -803
v 2172 50 -799
v 2172 52 -799
v 2175.4285714285716 51.14285714285705 -799
v 2176 50 -799
v 2176 50 -803
v 2175.4285714285716 51.14285714285709 -803
v 2165 53 -803
v 2165 50.75000000000036 -803
v 2165 50.75000000000073 -799
v 2165 53 -799
v 2172 50 -799
v 2172 50 -803
v 2172 52 -799
v 2172 52 -803
v 2114 42 -797
v 2114 42 -773
v 2114 43 -773
v 2114 43 -797
v 2130 43 -773
v 2130 42 -773
v 2130 42 -797
v 2130 43 -797
v 2139 43 -810
v 2139 43 -809
v 2139 45 -809
v 2139 45 -810
v 2150 45 -809
v 2150 43 -809
v 2150 43 -810
v 2150 45 -810
v 2139 42 -810
v 2139 42 -802
v 2139 43 -802
v 2139 43 -810
v 2150 43 -802
v 2150 42 -802
v 2150 42 -810
v 2150 43 -810
v 2139 44 -804
v 2139 44 -802
v 2139 45 -802
v 2139 45 -804
v 2141 45 -802
v 2142 44 -802
v 2142 44 -804
v 2141 45 -804
v 2139 43 -804
v 2139 43 -802
v 2139 44 -802
v 2139 44 -804
v 2150 44 -802
v 2150 43 -802
v 2150 43 -804
v 2150 44 -804
v 2143 44 -804
v 2143 44 -802
v 2144 45 -802
v 2144 45 -804
v 2145 45 -802
v 2146 44 -802
v 2146 44 -804
v 2145 45 -804
v 2147 44 -804
v 2147 44 -802
v 2148 45 -802
v 2148 45 -804
v 2150 45 -802
v 2150 44 -802
v 2150 44 -804
v 2150 45 -804
v 2083 44 -809
v 2083 42 -809
v 2083 42 -783
v 2083 44 -783
v 2084 42 -782
v 2084 44 -782
v 2084 42 -810
v 2084 44 -810
v 2102 44 -782
v 2102 42 -782
v 2103 42 -783
v 2102 42 -810
v 2103 42 -809
v 2103 44 -809
v 2102 44 -810
v 2103 44 -783
v 2084 44 -787
v 2084 44 -783
v 2084 48 -783
v 2084 48.666666666666686 -783.6666666666666
v 2084 49 -785
v 2084 48.666666666666565 -786.3333333333336
v 2084 48 -787
v 2085 48 -783
v 2085 44 -783
v 2085 48.666666666666686 -783.6666666666666
v 2085 49 -785
v 2085 44 -787
v 2085 48.666666666666565 -786.3333333333336
v 2085 48 -787
v 2084 44 -798
v 2084 44 -794
v 2084 48 -794
v 2084 48.66666666666664 -794.6666666666666
v 2084 49 -796
v 2084 48.66666666666658 -797.3333333333334
v 2084 48 -798
v 2085 48 -794
v 2085 44 -794
v 2085 48.66666666666664 -794.6666666666666
v 2085 49 -796
v 2085 44 -798
v 2085 48.66666666666658 -797.3333333333334
v 2085 48 -798
v 2084 44 -808
v 2084 44 -805
v 2084 48 -805
v 2084 48.66666666666665 -805.6666666666667
v 2084 49 -807
v 2084 49 -808
v 2085 48 -805
v 2085 44 -805
v 2085 48.66666666666665 -805.6666666666667
v 2085 49 -807
v 2085 44 -808
v 2085 49 -808
v 2101 44 -808
v 2101 44 -805
v 2101 48 -805
v 2101 48.66666666666665 -805.6666666666667
v 2101 49 -807
v 2101 49 -808
v 2102 48 -805
v 2102 44 -805
v 2102 48.66666666666665 -805.6666666666667
v 2102 49 -807
v 2102 44 -808
v 2102 49 -808
v 2101 44 -798
v 2101 44 -794
v 2101 48 -794
v 2101 48.66666666666664 -794.6666666666666
v 2101 49 -796
v 2101 48.66666666666658 -797.3333333333334
v 2101 48 -798
v 2102 48 -794
v 2102 44 -794
v 2102 48.66666666666664 -794.6666666666666
v 2102 49 -796
v 2102 44 -798
v 2102 48.66666666666658 -797.3333333333334
v 2102 48 -798
v 2101 44 -787
v 2101 44 -783
v 2101 48 -783
v 2101 48.666666666666686 -783.6666666666666
v 2101 49 -785
v 2101 48.666666666666565 -786.3333333333336
v 2101 48 -787
v 2102 48 -783
v 2102 44 -783
v 2102 48.666666666666686 -783.6666666666666
v 2102 49 -785
v 2102 44 -787
v 2102 48.666666666666565 -786.3333333333336
v 2102 48 -787
v 2096 46 -809
v 2096 46 -808
v 2097 49 -808
v 2097 49 -809
v 2102 49 -808
v 2102 46 -808
v 2101 46 -809
v 2101.666666666666 46 -808.6666666666671
v 2101.666666666668 49 -808.6666666666641
v 2101 49 -809
v 2084.333333333333 49 -808.6666666666661
v 2084.333333333333 46 -808.6666666666661
v 2084 46 -808
v 2084 49 -808
v 2085 46 -809
v 2085 49 -809
v 2089 49 -808
v 2090 46 -808
v 2090 46 -809
v 2089 49 -809
v 2084.333333333333 46 -808.6666666666661
v 2084.333333333333 44 -808.6666666666661
v 2084 44 -808
v 2084 46 -808
v 2085 44 -809
v 2085 46 -809
v 2102 46 -808
v 2102 44 -808
v 2101 44 -809
v 2101.666666666666 44 -808.6666666666673
v 2101.666666666666 46 -808.6666666666675
v 2101 46 -809
v 336 10 -310
v 336 10 -306
v 336 80 -306
v 336 80 -310
v 496 80 -306
v 496 10 -306
v 496 10 -310
v 496 80 -310
v 336 6 -310
v 336 6 -306
v 336 10 -306
v 336 10 -310
v 496 10 -306
v 496 6 -306
v 496 6 -310
v 496 10 -310
v 414 0 -310
v 414 0 -306
v 414 6 -306
v 414 6 -310
v 418 6 -306
v 418 0 -306
v 418 0 -310
v 418 6 -310
v 492 0 -310
v 492 0 -306
v 492 6 -306
v 492 6 -310
v 496 6 -306
v 496 0 -306
v 496 0 -310
v 496 6 -310
v 336 0 -310
v 336 0 -306
v 336 6 -306
v 336 6 -310
v 340 6 -306
v 340 0 -306
v 340 0 -310
v 340 6 -310
v 44 0 -98
v 44 0 -94
v 44 6 -94
v 44 6 -98
v 48 6 -94
v 48 0 -94
v 48 0 -98
v 48 6 -98
v 44 0 -208
v 44 0 -204
v 44 6 -204
v 44 6 -208
v 48 6 -204
v 48 0 -204
v 48 0 -208
v 48 6 -208
v 44 10 -208
v 44 10 16
v 44 80 16
v 44 80 -208
v 48 80 16
v 48 10 16
v 48 10 -208
v 48 80 -208
v 44 6 -208
v 44 6 16
v 44 10 16
v 44 10 -208
v 48 10 16
v 48 6 16
v 48 6 -208
v 48 10 -208
v 44 0 12
v 44 0 16
v 44 6 16
v 44 6 12
v 48 6 16
v 48 0 16
v 48 0 12
v 48 6 12
v 192 20 -131
v 192 20 -125
v 192 36 -125
v 192 36 -131
v 194 36 -125
v 194 20 -125
v 194 20 -131
v 194 36 -131
v 191 36 -134
v 191 36 -122
v 191 38 -122
v 191 38 -134
v 195 38 -122
v 195 36 -122
v 195 36 -134
v 195 38 -134
v 196 0 -114.1666666666606
v 196 0 -112
v 192 20 -125
v 192 24 -125
v 194 24 -125
v 198 0 -112
v 198 0 -114.1666666666606
v 194 20 -125
v 196 0 -141.83333333332484
v 192 20 -131
v 196 0 -144
v 192 24 -131
v 194 24 -131
v 194 20 -131
v 198 0 -141.83333333332484
v 198 0 -144
v 160 22 -131
v 160 22 -125
v 160 24 -125
v 160 24 -131
v 192 24 -125
v 192 22 -125
v 192 22 -131
v 192 24 -131
v 158 20 -131
v 158 20 -125
v 158 36 -125
v 158 36 -131
v 160 36 -125
v 160 20 -125
v 160 20 -131
v 160 36 -131
v 154 0 -112
v 158 24 -125
v 154 0 -114.16666666666941
v 158 20 -125
v 160 24 -125
v 156 0 -112
v 156 0 -114.16666666666941
v 160 20 -125
v 154 0 -144
v 154 0 -141.8333333333121
v 158 24 -131
v 158 20 -131
v 160 24 -131
v 160 20 -131
v 156 0 -141.8333333333121
v 156 0 -144
v 157 36 -134
v 157 36 -122
v 157 38 -122
v 157 38 -134
v 161 38 -122
v 161 36 -122
v 161 36 -134
v 161 38 -134
v 160 28 -116
v 160 28 -112
v 160 30 -112
v 160 30 -114
v 192 30 -112
v 192 28 -112
v 192 28 -116
v 192 30 -114
v 160 30 -114
v 160 30 -112
v 160 52 -112
v 160 52 -114
v 161.33333333333363 54.666666666667275 -112
v 161.33333333333363 54.666666666667275 -114
v 164 56 -112
v 164 56 -114
v 192 52 -112
v 190.6666666666655 54.666666666668974 -112
v 188 56 -112
v 192 30 -112
v 192 30 -114
v 188 56 -114
v 190.66666666666552 54.666666666668974 -114
v 192 52 -114
v 160 24 -136
v 160 24 -116
v 160 28 -112
v 160 28 -136
v 192 28 -112
v 192 24 -116
v 192 24 -136
v 192 28 -136
v 160 28 -140
v 160 24 -140
v 160 24 -136
v 160 28 -136
v 161.33333333333076 28 -142.666666666666
v 161.33333333333076 25 -142.666666666666
v 164 26 -144
v 164 28 -144
v 192 28 -136
v 192 24 -136
v 192 24 -140
v 192 28 -140
v 190.66666666666603 28 -142.66666666666669
v 188 28 -144
v 190.66666666666777 25 -142.666666666666
v 188 26 -144
v 180 42 -161
v 180 42 -137
v 180 43 -137
v 180 43 -161
v 196 43 -137
v 196 42 -137
v 196 42 -161
v 196 43 -161
v 149 44 -173
v 149 42 -173
v 149 42 -147
v 149 44 -147
v 150 42 -146
v 150 44 -146
v 150 42 -174
v 150 44 -174
v 168 44 -146
v 168 42 -146
v 169 42 -147
v 168 42 -174
v 169 42 -173
v 169 44 -173
v 168 44 -174
v 169 44 -147
v 150 44 -151
v 150 44 -147
v 150 48 -147
v 150 48.666666666666664 -147.66666666666666
v 150 49 -149
v 150 48.666666666666664 -150.33333333333334
v 150 48 -151
v 151 48 -147
v 151 44 -147
v 151 48.666666666666664 -147.66666666666666
v 151 49 -149
v 151 44 -151
v 151 48.666666666666664 -150.33333333333334
v 151 48 -151
v 150 44 -162
v 150 44 -158
v 150 48 -158
v 150 48.66666666666666 -158.66666666666666
v 150 49 -160
v 150 48.66666666666669 -161.3333333333333
v 150 48 -162
v 151 48 -158
v 151 44 -158
v 151 48.66666666666666 -158.66666666666666
v 151 49 -160
v 151 44 -162
v 151 48.66666666666669 -161.3333333333333
v 151 48 -162
v 150 44 -172
v 150 44 -169
v 150 48 -169
v 150 48.66666666666666 -169.66666666666674
v 150 49 -171
v 150 49 -172
v 151 48 -169
v 151 44 -169
v 151 48.66666666666666 -169.66666666666674
v 151 49 -171
v 151 44 -172
v 151 49 -172
v 167 44 -172
v 167 44 -169
v 167 48 -169
v 167 48.66666666666666 -169.66666666666674
v 167 49 -171
v 167 49 -172
v 168 48 -169
v 168 44 -169
v 168 48.66666666666666 -169.66666666666674
v 168 49 -171
v 168 44 -172
v 168 49 -172
v 167 44 -162
v 167 44 -158
v 167 48 -158
v 167 48.66666666666666 -158.66666666666666
v 167 49 -160
v 167 48.66666666666669 -161.3333333333333
v 167 48 -162
v 168 48 -158
v 168 44 -158
v 168 48.66666666666666 -158.66666666666666
v 168 49 -160
v 168 44 -162
v 168 48.66666666666669 -161.3333333333333
v 168 48 -162
v 167 44 -151
v 167 44 -147
v 167 48 -147
v 167 48.666666666666664 -147.66666666666666
v 167 49 -149
v 167 48.666666666666664 -150.33333333333334
v 167 48 -151
v 168 48 -147
v 168 44 -147
v 168 48.666666666666664 -147.66666666666666
v 168 49 -149
v 168 44 -151
v 168 48.666666666666664 -150.33333333333334
v 168 48 -151
v 162 46 -173
v 162 46 -172
v 163 49 -172
v 163 49 -173
v 168 49 -172
v 168 46 -172
v 167 46 -173
v 167.66666666666663 46 -172.66666666666669
v 167.66666666666703 49 -172.6666666666659
v 167 49 -173
v 150.33333333333394 49 -172.66666666666788
v 150.33333333333394 46 -172.66666666666788
v 150 46 -172
v 150 49 -172
v 151 46 -173
v 151 49 -173
v 155 49 -172
v 156 46 -172
v 156 46 -173
v 155 49 -173
v 150.33333333333303 46 -172.66666666666606
v 150.33333333333303 44 -172.66666666666606
v 150 44 -172
v 150 46 -172
v 151 44 -173
v 151 46 -173
v 168 46 -172
v 168 44 -172
v 167 44 -173
v 167.66666666666652 44 -172.666666666667
v 167.66666666666544 46 -172.6666666666691
v 167 46 -173
v 147 38 -163
v 147 38 -151
v 147 40 -151
v 147 40 -163
v 243 40 -151
v 243 38 -151
v 243 38 -163
v 243 40 -163
v 145 8 -165
v 145 8 -149
v 145 40 -149
v 145 40 -165
v 147 40 -149
v 147 8 -149
v 147 8 -165
v 147 40 -165
v 219 2 -171
v 219 2 -143
v 219 34 -143
v 219 34 -171
v 243 34 -143
v 243 2 -143
v 243 2 -171
v 243 34 -171
v 144 40 -179
v 144 40 -135
v 144 42 -135
v 144 42 -179
v 246 42 -135
v 246 40 -135
v 246 40 -179
v 246 42 -179
v 145 2 -178
v 145 2 -136
v 145 8 -136
v 145 8 -178
v 147 8 -136
v 147 2 -136
v 147 2 -178
v 147 8 -178
v 145 0 -178
v 145 0 -174
v 145 2 -174
v 145 2 -178
v 147 2 -174
v 147 0 -174
v 147 0 -178
v 147 2 -178
v 145 0 -140
v 145 0 -136
v 145 2 -136
v 145 2 -140
v 147 2 -136
v 147 0 -136
v 147 0 -140
v 147 2 -140
v 243 0 -140
v 243 0 -136
v 243 2 -136
v 243 2 -140
v 245 2 -136
v 245 0 -136
v 245 0 -140
v 245 2 -140
v 243 8 -165
v 243 8 -149
v 243 40 -149
v 243 40 -165
v 245 40 -149
v 245 8 -149
v 245 8 -165
v 245 40 -165
v 243 0 -178
v 243 0 -174
v 243 2 -174
v 243 2 -178
v 245 2 -174
v 245 0 -174
v 245 0 -178
v 245 2 -178
v 243 2 -178
v 243 2 -136
v 243 8 -136
v 243 8 -178
v 245 8 -136
v 245 2 -136
v 245 2 -178
v 245 8 -178
v 219 0 -147
v 219 0 -143
v 219 2 -143
v 219 2 -147
v 221 2 -143
v 221 0 -143
v 221 0 -147
v 221 2 -147
v 219 0 -171
v 219 0 -167
v 219 2 -167
v 219 2 -171
v 221 2 -167
v 221 0 -167
v 221 0 -171
v 221 2 -171
v 241 0 -171
v 241 0 -167
v 241 2 -167
v 241 2 -171
v 243 2 -167
v 243 0 -167
v 243 0 -171
v 243 2 -171
v 241 0 -147
v 241 0 -143
v 241 2 -143
v 241 2 -147
v 243 2 -143
v 243 0 -143
v 243 0 -147
v 243 2 -147
v 205 43 -174
v 205 43 -173
v 205 45 -173
v 205 45 -174
v 216 45 -173
v 216 43 -173
v 216 43 -174
v 216 45 -174
v 205 42 -174
v 205 42 -166
v 205 43 -166
v 205 43 -174
v 216 43 -166
v 216 42 -166
v 216 42 -174
v 216 43 -174
v 205 44 -168
v 205 44 -166
v 205 45 -166
v 205 45 -168
v 207 45 -166
v 208 44 -166
v 208 44 -168
v 207 45 -168
v 205 43 -168
v 205 43 -166
v 205 44 -166
v 205 44 -168
v 216 44 -166
v 216 43 -166
v 216 43 -168
v 216 44 -168
v 209 44 -168
v 209 44 -166
v 210 45 -166
v 210 45 -168
v 211 45 -166
v 212 44 -166
v 212 44 -168
v 211 45 -168
v 213 44 -168
v 213 44 -166
v 214 45 -166
v 214 45 -168
v 216 45 -166
v 216 44 -166
v 216 44 -168
v 216 45 -168
v 227 42 -167
v 227 42 -155
v 226 44 -154
v 226 44 -168
v 236 44 -154
v 235 42 -155
v 235 42 -167
v 236 44 -168
v 226 44 -167
v 226 44 -154
v 226 49.571428571420775 -167
v 228 50 -160
v 226.25000000000455 50 -167
v 234 50 -160
v 236 44 -154
v 236 44 -167
v 235.74999999999636 50 -167
v 236 49.57142857142277 -167
v 226 44 -167
v 226 49.571428571438446 -167
v 226 44 -168
v 227 50 -168
v 226.2499999999944 50 -167
v 236 49.571428571420654 -167
v 235.75 50 -167
v 236 44 -167
v 236 44 -168
v 235 50 -168
v 224 50 -163
v 224 52 -163
v 224 52 -167
v 224 50 -167
v 231 53 -167
v 231 53 -163
v 231 50.750000000000384 -163
v 231 50.750000000000455 -167
v 220 50 -167
v 220 50 -163
v 220.57142857142935 51.14285714285872 -163
v 220.57142857142935 51.14285714285872 -167
v 224 52 -167
v 224 52 -163
v 224 50 -163
v 224 50 -167
v 220 48 -167
v 220 48 -163
v 220 50 -163
v 220 50 -167
v 222 47 -167
v 222 47 -163
v 224 50 -163
v 223 47 -163
v 224 49 -163
v 223 47 -167
v 224 50 -167
v 224 49 -167
v 228 50 -163
v 228 50 -162
v 228 51 -162
v 228 51 -163
v 229 51 -162
v 231 50 -162
v 231 50 -163
v 229 51 -163
v 231 50 -163
v 231 50 -162
v 233 51 -162
v 233 51 -163
v 234 51 -162
v 234 50 -162
v 234 50 -163
v 234 51 -163
v 231 50 -168
v 231 50 -167
v 233 51 -167
v 233 51 -168
v 234 51 -167
v 234 50 -167
v 234 50 -168
v 234 51 -168
v 228 50 -168
v 228 50 -167
v 228 51 -167
v 228 51 -168
v 229 51 -167
v 231 50 -167
v 231 50 -168
v 229 51 -168
v 238 49 -167
v 238 49 -163
v 238 50 -163
v 238 50 -167
v 239 47 -167
v 239 47 -163
v 242 50 -163
v 240 47 -163
v 242 48 -163
v 240 47 -167
v 242 50 -167
v 242 48 -167
v 238 52 -167
v 238 50 -167
v 238 50 -163
v 238 52 -163
v 241.42857142857142 51.14285714285715 -163
v 242 50 -163
v 242 50 -167
v 241.42857142857142 51.142857142857146 -167
v 231 53 -167
v 231 50.749999999999126 -167
v 231 50.749999999999496 -163
v 231 53 -163
v 238 50 -163
v 238 50 -167
v 238 52 -163
v 238 52 -167
v 198 20 -203
v 198 20 -197
v 198 36 -197
v 198 36 -203
v 200 36 -197
v 200 20 -197
v 200 20 -203
v 200 36 -203
v 197 36 -206
v 197 36 -194
v 197 38 -194
v 197 38 -206
v 201 38 -194
v 201 36 -194
v 201 36 -206
v 201 38 -206
v 194 0 -216
v 194 0 -213.83333333331575
v 198 24 -203
v 198 20 -203
v 200 24 -203
v 200 20 -203
v 196 0 -213.83333333331575
v 196 0 -216
v 194 0 -184
v 198 24 -197
v 194 0 -186.16666666666669
v 198 20 -197
v 200 24 -197
v 196 0 -184
v 196 0 -186.16666666666669
v 200 20 -197
v 200 22 -203
v 200 22 -197
v 200 24 -197
v 200 24 -203
v 232 24 -197
v 232 22 -197
v 232 22 -203
v 232 24 -203
v 232 20 -203
v 232 20 -197
v 232 36 -197
v 232 36 -203
v 234 36 -197
v 234 20 -197
v 234 20 -203
v 234 36 -203
v 236 0 -213.83333333332848
v 232 20 -203
v 236 0 -216
v 232 24 -203
v 234 24 -203
v 234 20 -203
v 238 0 -213.83333333332848
v 238 0 -216
v 236 0 -186.16666666662059
v 236 0 -184
v 232 20 -197
v 232 24 -197
v 234 24 -197
v 238 0 -184
v 238 0 -186.16666666662059
v 234 20 -197
v 231 36 -206
v 231 36 -194
v 231 38 -194
v 231 38 -206
v 235 38 -194
v 235 36 -194
v 235 36 -206
v 235 38 -206
v 200 28 -216
v 200 28 -212
v 200 30 -214
v 200 30 -216
v 232 30 -214
v 232 28 -212
v 232 28 -216
v 232 30 -216
v 200 30 -216
v 200 30 -214
v 200 52 -214
v 200 52 -216
v 201.33333333333545 54.66666666666908 -214
v 201.33333333333545 54.66666666666908 -216
v 204 56 -214
v 204 56 -216
v 232 52 -214
v 230.66666666666782 54.66666666666437 -214
v 228 56 -214
v 232 30 -214
v 232 30 -216
v 228 56 -216
v 230.66666666666782 54.66666666666437 -216
v 232 52 -216
v 200 24 -212
v 200 24 -192
v 200 28 -192
v 200 28 -216
v 232 28 -192
v 232 24 -192
v 232 24 -212
v 232 28 -216
v 200 24 -192
v 200 24 -188
v 200 28 -188
v 200 28 -192
v 201.33333333333553 25 -185.3333333333322
v 201.33333333333402 28 -185.33333333333297
v 204 26 -184
v 204 28 -184
v 228 28 -184
v 228 26 -184
v 230.66666666666723 25 -185.3333333333322
v 232 24 -188
v 232 24 -192
v 232 28 -192
v 230.66666666666708 28 -185.33333333333232
v 232 28 -188
v 64 0 -282
v 64 0 -278
v 64 2 -278
v 64 2 -282
v 66 2 -278
v 66 0 -278
v 66 0 -282
v 66 2 -282
v 64 6 -304
v 64 6 -278
v 64 110 -278
v 64 110 -304
v 66 110 -278
v 66 6 -278
v 66 6 -304
v 66 110 -304
v 66 6 -304
v 66 6 -302
v 66 108 -302
v 66 108 -304
v 138 108 -302
v 138 6 -302
v 138 6 -304
v 138 108 -304
v 64 2 -304
v 64 2 -278
v 64 6 -278
v 64 6 -304
v 66 6 -278
v 66 2 -278
v 66 2 -304
v 66 6 -304
v 64 0 -304
v 64 0 -300
v 64 2 -300
v 64 2 -304
v 66 2 -300
v 66 0 -300
v 66 0 -304
v 66 2 -304
v 138 6 -304
v 138 6 -278
v 138 110 -278
v 138 110 -304
v 140 110 -278
v 140 6 -278
v 140 6 -304
v 140 110 -304
v 138 2 -304
v 138 2 -278
v 138 6 -278
v 138 6 -304
v 140 6 -278
v 140 2 -278
v 140 2 -304
v 140 6 -304
v 138 0 -282
v 138 0 -278
v 138 2 -278
v 138 2 -282
v 140 2 -278
v 140 0 -278
v 140 0 -282
v 140 2 -282
v 138 0 -304
v 138 0 -300
v 138 2 -300
v 138 2 -304
v 140 2 -300
v 140 0 -300
v 140 0 -304
v 140 2 -304
v 66 10 -302
v 66 10 -276
v 66 12 -276
v 66 12 -302
v 138 12 -276
v 138 10 -276
v 138 10 -302
v 138 12 -302
v 66 26 -302
v 66 26 -276
v 66 28 -276
v 66 28 -302
v 138 28 -276
v 138 26 -276
v 138 26 -302
v 138 28 -302
v 66 42 -302
v 66 42 -276
v 66 44 -276
v 66 44 -302
v 138 44 -276
v 138 42 -276
v 138 42 -302
v 138 44 -302
v 66 66 -302
v 66 66 -276
v 66 68 -276
v 66 68 -302
v 138 68 -276
v 138 66 -276
v 138 66 -302
v 138 68 -302
v 66 90 -302
v 66 90 -276
v 66 92 -276
v 66 92 -302
v 138 92 -276
v 138 90 -276
v 138 90 -302
v 138 92 -302
v 144 0 -282
v 144 0 -278
v 144 2 -278
v 144 2 -282
v 146 2 -278
v 146 0 -278
v 146 0 -282
v 146 2 -282
v 144 6 -304
v 144 6 -278
v 144 110 -278
v 144 110 -304
v 146 110 -278
v 146 6 -278
v 146 6 -304
v 146 110 -304
v 146 6 -304
v 146 6 -302
v 146 108 -302
v 146 108 -304
v 218 108 -302
v 218 6 -302
v 218 6 -304
v 218 108 -304
v 144 2 -304
v 144 2 -278
v 144 6 -278
v 144 6 -304
v 146 6 -278
v 146 2 -278
v 146 2 -304
v 146 6 -304
v 144 0 -304
v 144 0 -300
v 144 2 -300
v 144 2 -304
v 146 2 -300
v 146 0 -300
v 146 0 -304
v 146 2 -304
v 218 6 -304
v 218 6 -278
v 218 110 -278
v 218 110 -304
v 220 110 -278
v 220 6 -278
v 220 6 -304
v 220 110 -304
v 218 2 -304
v 218 2 -278
v 218 6 -278
v 218 6 -304
v 220 6 -278
v 220 2 -278
v 220 2 -304
v 220 6 -304
v 218 0 -282
v 218 0 -278
v 218 2 -278
v 218 2 -282
v 220 2 -278
v 220 0 -278
v 220 0 -282
v 220 2 -282
v 218 0 -304
v 218 0 -300
v 218 2 -300
v 218 2 -304
v 220 2 -300
v 220 0 -300
v 220 0 -304
v 220 2 -304
v 146 10 -302
v 146 10 -276
v 146 12 -276
v 146 12 -302
v 218 12 -276
v 218 10 -276
v 218 10 -302
v 218 12 -302
v 146 26 -302
v 146 26 -276
v 146 28 -276
v 146 28 -302
v 218 28 -276
v 218 26 -276
v 218 26 -302
v 218 28 -302
v 146 42 -302
v 146 42 -276
v 146 44 -276
v 146 44 -302
v 218 44 -276
v 218 42 -276
v 218 42 -302
v 218 44 -302
v 146 66 -302
v 146 66 -276
v 146 68 -276
v 146 68 -302
v 218 68 -276
v 218 66 -276
v 218 66 -302
v 218 68 -302
v 146 90 -302
v 146 90 -276
v 146 92 -276
v 146 92 -302
v 218 92 -276
v 218 90 -276
v 218 90 -302
v 218 92 -302
v 374 40 -212
v 374 40 -88
v 374 42 -88
v 374 42 -212
v 448 42 -88
v 448 40 -88
v 448 40 -212
v 448 42 -212
v 405 38 -209
v 405 38 -91
v 405 40 -91
v 405 40 -209
v 417 40 -91
v 417 38 -91
v 417 38 -209
v 417 40 -209
v 403 8 -91
v 403 8 -89
v 403 40 -89
v 403 40 -91
v 419 40 -89
v 419 8 -89
v 419 8 -91
v 419 40 -91
v 403 8 -211
v 403 8 -209
v 403 40 -209
v 403 40 -211
v 419 40 -209
v 419 8 -209
v 419 8 -211
v 419 40 -211
v 387 8 -115
v 387 8 -91
v 387 38 -91
v 387 38 -115
v 435 38 -91
v 435 8 -91
v 435 8 -115
v 435 38 -115
v 387 8 -209
v 387 8 -185
v 387 38 -185
v 387 38 -209
v 435 38 -185
v 435 8 -185
v 435 8 -209
v 435 38 -209
v 375 2 -91
v 375 2 -89
v 375 8 -89
v 375 8 -91
v 447 8 -89
v 447 2 -89
v 447 2 -91
v 447 8 -91
v 443 0 -91
v 443 0 -89
v 443 2 -89
v 443 2 -91
v 447 2 -89
v 447 0 -89
v 447 0 -91
v 447 2 -91
v 375 0 -91
v 375 0 -89
v 375 2 -89
v 375 2 -91
v 379 2 -89
v 379 0 -89
v 379 0 -91
v 379 2 -91
v 443 0 -211
v 443 0 -209
v 443 2 -209
v 443 2 -211
v 447 2 -209
v 447 0 -209
v 447 0 -211
v 447 2 -211
v 375 2 -211
v 375 2 -209
v 375 8 -209
v 375 8 -211
v 447 8 -209
v 447 2 -209
v 447 2 -211
v 447 8 -211
v 375 0 -211
v 375 0 -209
v 375 2 -209
v 375 2 -211
v 379 2 -209
v 379 0 -209
v 379 0 -211
v 379 2 -211
v 461 20 -164
v 461 20 -162
v 461 36 -162
v 461 36 -164
v 467 36 -162
v 467 20 -162
v 467 20 -164
v 467 36 -164
v 458 36 -165
v 458 36 -161
v 458 38 -161
v 458 38 -165
v 470 38 -161
v 470 36 -161
v 470 36 -165
v 470 38 -165
v 467 24 -164
v 467 20 -164
v 467 20 -162
v 467 24 -162
v 477.83333333333576 0 -166
v 477.83333333333576 0 -168
v 480 0 -166
v 480 0 -168
v 461 24 -164
v 448 0 -168
v 448 0 -166
v 461 24 -162
v 461 20 -162
v 450.1666666666144 0 -166
v 450.1666666666124 0 -168
v 461 20 -164
v 461 22 -162
v 461 22 -130
v 461 24 -130
v 461 24 -162
v 467 24 -130
v 467 22 -130
v 467 22 -162
v 467 24 -162
v 461 20 -130
v 461 20 -128
v 461 36 -128
v 461 36 -130
v 467 36 -128
v 467 20 -128
v 467 20 -130
v 467 36 -130
v 467 24 -130
v 467 20 -130
v 467 20 -128
v 467 24 -128
v 477.8333333333285 0 -126
v 477.8333333333285 0 -124
v 480 0 -124
v 480 0 -126
v 461 24 -130
v 448 0 -126
v 448 0 -124
v 461 24 -128
v 461 20 -130
v 450.1666666666297 0 -124
v 450.1666666666297 0 -126
v 461 20 -128
v 458 36 -131
v 458 36 -127
v 458 38 -127
v 458 38 -131
v 470 38 -127
v 470 36 -127
v 470 36 -131
v 470 38 -131
v 476 28 -162
v 476 28 -130
v 478 30 -130
v 478 30 -162
v 480 30 -130
v 480 28 -130
v 480 28 -162
v 480 30 -162
v 478 30 -162
v 478 30 -130
v 478 52 -130
v 478 54.66666666666667 -131.33333333333334
v 478 56 -134
v 478 56 -158
v 478 54.66666666666683 -160.66666666666657
v 478 52 -162
v 480 52 -130
v 480 30 -130
v 480 54.66666666666667 -131.33333333333334
v 480 56 -134
v 480 30 -162
v 480 56 -158
v 480 54.66666666666683 -160.66666666666657
v 480 52 -162
v 456 24 -162
v 456 24 -130
v 456 28 -130
v 456 28 -162
v 480 28 -130
v 476 24 -130
v 476 24 -162
v 480 28 -162
v 448 28 -158
v 448 26 -158
v 448 26 -134
v 448 28 -134
v 449.3333333333334 25 -131.3333333333325
v 449.3333333333334 28 -131.3333333333325
v 449.333333333333 28 -160.66666666666592
v 449.3333333333321 25 -160.66666666666424
v 452 24 -162
v 452 28 -162
v 452 24 -130
v 452 28 -130
v 456 28 -130
v 456 24 -130
v 456 24 -162
v 456 28 -162
v 368 0 -300
v 368 0 -252
v 368 6 -252
v 368 6 -300
v 464 6 -252
v 464 0 -252
v 464 0 -300
v 464 6 -300
v 462 6 -296
v 462 6 -252
v 462 46 -252
v 462 46 -296
v 464 46 -252
v 464 6 -252
v 464 6 -296
v 464 46 -296
v 368 46 -300
v 368 46 -252
v 368 48 -252
v 368 48 -300
v 464 48 -252
v 464 46 -252
v 464 46 -300
v 464 48 -300
v 368 6 -296
v 368 6 -252
v 368 46 -252
v 368 46 -296
v 370 46 -252
v 370 6 -252
v 370 6 -296
v 370 46 -296
v 368 6 -300
v 368 6 -296
v 368 46 -296
v 368 46 -300
v 464 46 -296
v 464 6 -296
v 464 6 -300
v 464 46 -300
v 370 6 -296
v 370 6 -253
v 370 26 -253
v 370 26 -296
v 462 26 -253
v 462 6 -253
v 462 6 -296
v 462 26 -296
v 370 26 -296
v 370 26 -253
v 370 46 -253
v 370 46 -296
v 462 46 -253
v 462 26 -253
v 462 26 -296
v 462 46 -296
v 401 42 -123
v 401 42 -115
v 400 44 -114
v 400 44 -124
v 414 44 -114
v 413 42 -115
v 413 42 -123
v 414 44 -124
v 401 49.571428571428555 -124
v 401 44 -124
v 401 44 -114
v 401 49.571428571428555 -114
v 401 50 -114.25000000000001
v 401 50 -123.74999999999999
v 414 44 -114
v 414 44 -124
v 408 50 -122
v 408 50 -116
v 400 50 -123
v 400 44 -124
v 400 44 -114
v 400 50 -115
v 401 49.57142857143117 -114
v 401 49.57142857143053 -124
v 401 50 -114.24999999999888
v 401 50 -123.74999999999831
v 401 44 -114
v 401 44 -124
v 401 50.749999999999545 -119
v 401 50 -112
v 401 52 -112
v 401 53 -119
v 405 50 -112
v 405 50.749999999999176 -119
v 405 52 -112
v 405 53 -119
v 401 50 -112
v 401 50 -108
v 401 51.14285714286234 -108.57142857143117
v 401 52 -112
v 405 51.14285714286234 -108.57142857143117
v 405 50 -108
v 405 52 -112
v 405 50 -112
v 401 49 -112
v 401 47 -111
v 401 47 -110
v 401 48 -108
v 401 50 -108
v 401 50 -112
v 405 50 -108
v 405 48 -108
v 405 47 -110
v 405 47 -111
v 405 50 -112
v 405 49 -112
v 405 50 -119
v 405 50 -116
v 405 51 -116
v 405 51 -117
v 406 51 -116
v 406 50 -116
v 406 50 -119
v 406 51 -117
v 405 50 -122
v 405 50 -119
v 405 51 -121
v 405 51 -122
v 406 51 -121
v 406 50 -119
v 406 50 -122
v 406 51 -122
v 400 50 -122
v 400 50 -119
v 400 51 -121
v 400 51 -122
v 401 51 -121
v 401 50 -119
v 401 50 -122
v 401 51 -122
v 400 50 -119
v 400 50 -116
v 400 51 -116
v 400 51 -117
v 401 51 -116
v 401 50 -116
v 401 50 -119
v 401 51 -117
v 401 48 -130
v 401 47 -128
v 401 47 -127
v 401 49 -126
v 401 50 -126
v 401 50 -130
v 405 50 -126
v 405 49 -126
v 405 47 -127
v 405 47 -128
v 405 50 -130
v 405 48 -130
v 401 50 -130
v 401 50 -126
v 401 52 -126
v 401 51.14285714285715 -129.42857142857142
v 405 52 -126
v 405 50 -126
v 405 50 -130
v 405 51.14285714285715 -129.42857142857142
v 401 50.75 -119
v 401 53 -119
v 401 52 -126
v 401 50 -126
v 405 53 -119
v 405 50.75000000000037 -119
v 405 52 -126
v 405 50 -126
v 420 42 -156
v 420 42 -140
v 420 43 -140
v 420 43 -156
v 444 43 -140
v 444 42 -140
v 444 42 -156
v 444 43 -156
v 436 50 -287
v 436 48 -287
v 436 48 -261
v 436 50 -261
v 437 48 -260
v 437 50 -260
v 437 48 -288
v 437 50 -288
v 455 50 -260
v 455 48 -260
v 456 48 -261
v 455 48 -288
v 456 48 -287
v 456 50 -287
v 455 50 -288
v 456 50 -261
v 437 50 -265
v 437 50 -261
v 437 54 -261
v 437 54.666666666666664 -261.6666666666667
v 437 55 -263
v 437 54.66666666666668 -264.3333333333333
v 437 54 -265
v 438 54 -261
v 438 50 -261
v 438 54.666666666666664 -261.6666666666667
v 438 55 -263
v 438 50 -265
v 438 54.66666666666668 -264.3333333333333
v 438 54 -265
v 437 50 -276
v 437 50 -272
v 437 54 -272
v 437 54.666666666666664 -272.6666666666667
v 437 55 -274
v 437 54.666666666666664 -275.33333333333337
v 437 54 -276
v 438 54 -272
v 438 50 -272
v 438 54.666666666666664 -272.6666666666667
v 438 55 -274
v 438 50 -276
v 438 54.666666666666664 -275.33333333333337
v 438 54 -276
v 437 50 -286
v 437 50 -283
v 437 54 -283
v 437 54.66666666666667 -283.66666666666674
v 437 55 -285
v 437 55 -286
v 438 54 -283
v 438 50 -283
v 438 54.66666666666667 -283.66666666666674
v 438 55 -285
v 438 50 -286
v 438 55 -286
v 454 50 -286
v 454 50 -283
v 454 54 -283
v 454 54.66666666666667 -283.66666666666674
v 454 55 -285
v 454 55 -286
v 455 54 -283
v 455 50 -283
v 455 54.66666666666667 -283.66666666666674
v 455 55 -285
v 455 50 -286
v 455 55 -286
v 454 50 -276
v 454 50 -272
v 454 54 -272
v 454 54.666666666666664 -272.6666666666667
v 454 55 -274
v 454 54.666666666666664 -275.33333333333337
v 454 54 -276
v 455 54 -272
v 455 50 -272
v 455 54.666666666666664 -272.6666666666667
v 455 55 -274
v 455 50 -276
v 455 54.666666666666664 -275.33333333333337
v 455 54 -276
v 454 50 -265
v 454 50 -261
v 454 54 -261
v 454 54.666666666666664 -261.6666666666667
v 454 55 -263
v 454 54.66666666666668 -264.3333333333333
v 454 54 -265
v 455 54 -261
v 455 50 -261
v 455 54.666666666666664 -261.6666666666667
v 455 55 -263
v 455 50 -265
v 455 54.66666666666668 -264.3333333333333
v 455 54 -265
v 449 52 -287
v 449 52 -286
v 450 55 -286
v 450 55 -287
v 455 55 -286
v 455 52 -286
v 454 52 -287
v 454.6666666666666 52 -286.6666666666667
v 454.6666666666667 55 -286.6666666666667
v 454 55 -287
v 437.3333333333321 55 -286.66666666666424
v 437.3333333333321 52 -286.66666666666424
v 437 52 -286
v 437 55 -286
v 438 52 -287
v 438 55 -287
v 442 55 -286
v 443 52 -286
v 443 52 -287
v 442 55 -287
v 437.3333333333321 52 -286.66666666666424
v 437.3333333333321 50 -286.66666666666424
v 437 50 -286
v 437 52 -286
v 438 50 -287
v 438 52 -287
v 455 52 -286
v 455 50 -286
v 454 50 -287
v 454.6666666666664 50 -286.6666666666671
v 454.6666666666663 52 -286.6666666666675
v 454 52 -287

# texture coordinates
vt 15 -0
vt 7 -0
vt 7 0.25
vt 15 0.25
vt -1 0.25
vt -1 -0
vt 7 7
vt -1 7
vt -1 15
vt 7 15
vt 15.25 -0.25
vt 15 -0.25
vt 15 3.75
vt 15.25 3.75
vt 7 1
vt -1 1
vt -1 15.25
vt 7 15.25
vt 7 -0.25
vt -1 -0.25
vt -1 3.75
vt 7 3.75
vt 32.414215 0.4131759
vt 31.585787 0.4131759
vt 31.585787 4.086824
vt 32.414215 4.086824
vt 31.635746 0.25
vt 32.364254 0.25
vt 32.364254 4.25
vt 31.635746 4.25
vt 30.834879 4.0868244
vt 31.420666 4.086824
vt 31.420666 0.4131759
vt 30.834879 0.4131759
vt -0.41421357 0.4131759
vt -1 0.4131759
vt -1 4.086824
vt -0.41421357 4.086824
vt -0.36425334 31.120613
vt -0.87938523 31.635746
vt -1 31.585787
vt -0.41421357 31
vt -0.41421357 33
vt -1 32.414215
vt -0.87938523 32.364254
vt -0.36425328 32.879387
vt -0.36425328 31.120615
vt -0.65270364 32.27036
vt -0.65270364 31.729641
vt -0.2703587 32.652702
vt -0.2703587 31.347296
vt -0.2703583 31.347296
vt -0.34729636 32.143856
vt -0.34729636 31.856146
vt -0.14385447 31.652704
vt -0.14385486 32.347298
vt 0 32
vt 0 31.000002
vt -0.65270364 31.27036
vt -0.2703587 31.652704
vt -0.14385486 31.3473
vt -0.34729636 31.143858
vt 0.41421357 0.4131759
vt -0.36425328 0.25
vt 0.36425328 0.25
vt 0.41421312 4.0868244
vt -0.41421357 4.0868244
vt 0.36425328 31.120615
vt 0.2703587 31.347296
vt 0.14385486 31.3473
vt 0.2703587 32.652702
vt 0.14385486 32.347298
vt 0.36425328 32.879387
vt 0.36424965 32.879387
vt 0.41421357 4.086824
vt -0.36425328 4.25
vt 0.36424965 4.25
vt 0.14385486 31.652704
vt 0.3642529 4.25
vt -0.36425334 4.25
vt 0.3642529 31.120613
vt 1.1438549 31.3473
vt 0.99999994 31.000002
vt 1.3472962 31.143858
vt 0.34729668 31.856146
vt 0.34729636 32.143856
vt 1.6527035 31.27036
vt 1.2703587 31.652704
vt 1.2703587 31.347296
vt 0.99999994 32
vt 1.6527035 31.729641
vt 0.65270364 31.729641
vt 0.65270364 32.27036
vt 0.65270376 31.729641
vt 0.6527033 32.27036
vt 0.8793853 31.635746
vt 0.87938523 32.364254
vt 0.87938523 31.635746
vt 0.87938833 32.36425
vt 0.41421357 33
vt 1 32.414215
vt 1 31.585787
vt 0.41421357 31
vt 0.41421312 31
vt 1 31.58579
vt 31.582329 0.4131759
vt 32.168114 0.4131759
vt 32.168114 4.086824
vt 31.582329 4.0868235
vt 31.58579 4.086823
vt 31 4.0868244
vt 31 0.4131759
vt 32.414215 4.0868235
vt 32.36425 4.25
vt 31.414217 0.4131759
vt 31.414217 4.0868235
vt 30.585793 4.086823
vt 30.585789 0.4131759
vt 16.5 -0
vt 15.25 -0
vt 15.25 1.5
vt 16.5 1.5
vt 2.25 1.5
vt 1 1.5
vt 1 -0
vt 2.25 -0
vt 2.25 15.25
vt 1 15.25
vt 1 16.5
vt 2.25 16.5
vt 15 -0.125
vt 10 -0.125
vt 10 -0
vt 36.5 -0
vt 8 -0
vt 8 -0.125
vt 36.5 -0.125
vt 36.5 10
vt 8 10
vt 8 15
vt 36.5 15
vt 15.125 -0
vt 15 4
vt 15.125 4
vt 31 1
vt 8 1
vt 31 -0
vt 31 15
vt 8 15.125
vt 31 15.125
vt 8 4
vt 31 4
vt 29.5 0.1875
vt 28.75 0.1875
vt 28.75 3.5625
vt 29.5 3.5625
vt 114 -1456
vt 114 -1416
vt 6 -1416
vt 6 -1456
vt 44.8125 28.75
vt 43.5625 28.75
vt 43.5625 29.5
vt 44.8125 29.5
vt 1456 944
vt 1416 944
vt 1416 920
vt 1456 920
vt 1456 6
vt 1416 6
vt 1416 114
vt 1456 114
vt 944 6
vt 918 6
vt 918 116
vt 944 116
vt 1460 116
vt 1456 116
vt 1460 6
vt 45 28.5
vt 44.875 28.5
vt 44.875 29.3125
vt 45 29.3125
vt 1460 944
vt 1456 918
vt 1460 918
vt 1416 116
vt 1412 116
vt 1412 6
vt 44 28.5
vt 43.875 28.5
vt 43.875 29.3125
vt 44 29.3125
vt 1412 944
vt 1412 918
vt 1416 918
vt 944 -0
vt 940 -0
vt 940 6
vt 1412 -0
vt 1416 -0
vt 1416 940
vt 1412 940
vt 922 -0
vt 918 -0
vt 922 6
vt 1412 922
vt 1416 922
vt 1456 -0
vt 1460 -0
vt 1460 940
vt 1456 940
vt 1456 922
vt 1460 922
vt 117 42
vt 115.5 42
vt 115.5 58
vt 117 58
vt 1538 58
vt 1534 58
vt 1534 42
vt 1538 42
vt 1538 924
vt 1534 924
vt 1534 936
vt 1538 936
vt 116 42
vt 114.5 42
vt 114.5 58
vt 116 58
vt 1542 58
vt 1542 42
vt 1542 922
vt 1538 922
vt 1538 934
vt 1542 934
vt 1546 58
vt 1546 42
vt 1546 924
vt 1542 924
vt 1542 936
vt 1546 936
vt 1552 58
vt 1548 58
vt 1548 42
vt 1552 42
vt 1552 922
vt 1548 922
vt 1548 934
vt 1552 934
vt 1558 58
vt 1554 58
vt 1554 42
vt 1558 42
vt 1558 926
vt 1554 926
vt 1554 938
vt 1558 938
vt 1562 58
vt 1562 42
vt 1562 924
vt 1558 924
vt 1558 936
vt 1562 936
vt 117 62
vt 115.5 62
vt 115.5 78
vt 117 78
vt 1560 78
vt 1556 78
vt 1556 62
vt 1560 62
vt 1560 926
vt 1556 926
vt 1556 938
vt 1560 938
vt 1564 78
vt 1564 62
vt 1564 924
vt 1560 924
vt 1560 936
vt 1564 936
vt 1568 78
vt 1568 62
vt 1568 926
vt 1564 926
vt 1564 938
vt 1568 938
vt 1580 78
vt 1576 78
vt 1576 62
vt 1580 62
vt 1580 926
vt 1576 926
vt 1576 938
vt 1580 938
vt 1584 78
vt 1584 62
vt 1584 924
vt 1580 924
vt 1580 936
vt 1584 936
vt 1590 78
vt 1586 78
vt 1586 62
vt 1590 62
vt 1590 928
vt 1586 928
vt 1586 940
vt 1590 940
vt 1594 78
vt 1594 62
vt 1594 926
vt 1590 926
vt 1590 938
vt 1594 938
vt 1598 78
vt 1598 62
vt 1598 928
vt 1594 928
vt 1594 940
vt 1598 940
vt 1606 78
vt 1602 78
vt 1602 62
vt 1606 62
vt 1606 930
vt 1602 930
vt 1602 942
vt 1606 942
vt 117 82
vt 115.5 82
vt 115.5 98
vt 117 98
vt 1534 98
vt 1530 98
vt 1530 82
vt 1534 82
vt 1534 928
vt 1530 928
vt 1530 940
vt 1534 940
vt 1538 98
vt 1538 82
vt 1538 926
vt 1534 926
vt 1534 938
vt 1538 938
vt 1544 98
vt 1540 98
vt 1540 82
vt 1544 82
vt 1544 926
vt 1540 926
vt 1540 938
vt 1544 938
vt 1548 98
vt 1548 82
vt 1548 924
vt 1544 924
vt 1544 936
vt 1548 936
vt 1554 98
vt 1550 98
vt 1550 82
vt 1554 82
vt 1554 928
vt 1550 928
vt 1550 940
vt 1554 940
vt 1558 98
vt 1558 82
vt 1562 98
vt 1562 82
vt 1562 928
vt 1558 928
vt 1558 940
vt 1562 940
vt 1568 98
vt 1564 98
vt 1564 82
vt 1568 82
vt 1568 930
vt 1564 930
vt 1564 942
vt 1568 942
vt 46.414215 0.4131759
vt 45.585785 0.4131759
vt 45.585785 4.086824
vt 46.414215 4.086824
vt 45.635746 0.25
vt 46.364254 0.25
vt 46.364254 4.25
vt 45.635746 4.25
vt 44.834877 4.0868244
vt 45.420662 4.086824
vt 45.420662 0.4131759
vt 44.834877 0.4131759
vt 90.585785 0.4131759
vt 90 0.4131759
vt 90 4.086824
vt 90.585785 4.086824
vt 90.63575 45.120613
vt 90.12061 45.635746
vt 90 45.585785
vt 90.585785 45
vt 90.585785 47
vt 90 46.414215
vt 90.12061 46.364254
vt 90.63575 46.879387
vt 90.3473 46.27036
vt 90.3473 45.72964
vt 90.729645 46.652702
vt 90.729645 45.347298
vt 90.6527 46.143856
vt 90.6527 45.856144
vt 90.85615 45.652702
vt 90.85615 46.347298
vt 91 46
vt 91.00001 45.999996
vt 90.65271 45.85614
vt 90.856155 45.6527
vt 90.856155 46.3473
vt 90.65271 46.14386
vt 91.00001 46.000004
vt 91.414215 0.4131759
vt 90.63575 0.25
vt 91.36425 0.25
vt 91.414215 4.0868244
vt 90.585785 4.0868244
vt 91.36425 45.120613
vt 91.270355 45.347298
vt 91.14385 45.652702
vt 91.14385 46.347298
vt 91.270355 46.652702
vt 91.36425 46.879387
vt 91.414215 4.086824
vt 90.63575 4.25
vt 91.36425 4.25
vt 91.14385 46.3473
vt 91 46.000004
vt 91.3473 46.14386
vt 91.3473 45.85614
vt 91 45.999996
vt 91.14385 45.6527
vt 91.3473 46.143856
vt 91.3473 45.856144
vt 91.6527 46.27036
vt 91.6527 45.72964
vt 91.87939 45.635746
vt 91.87939 46.364254
vt 91.87939 46.36425
vt 91.414215 47
vt 92 46.414215
vt 92 45.585785
vt 91.414215 45
vt 92 45.585793
vt 46.58233 0.4131759
vt 47.168114 0.4131759
vt 47.168114 4.086824
vt 46.58233 4.0868235
vt 45.58579 4.086823
vt 44.999996 4.0868244
vt 44.999996 0.4131759
vt 45.58578 0.4131759
vt 46.414215 4.0868235
vt 46.36425 4.25
vt 45.585793 4.086823
vt 54.414215 0.4131759
vt 53.585785 0.4131759
vt 53.585785 4.086824
vt 54.414215 4.086824
vt 53.635746 0.25
vt 54.364254 0.25
vt 54.364254 4.25
vt 53.635746 4.25
vt 52.834877 4.0868244
vt 53.420662 4.086824
vt 53.420662 0.4131759
vt 52.834877 0.4131759
vt 40.585785 0.4131759
vt 40 0.4131759
vt 40 4.086824
vt 40.585785 4.086824
vt 40.635746 53.120613
vt 40.120613 53.635746
vt 40 53.585785
vt 40.585785 53
vt 40.585785 55
vt 40 54.414215
vt 40.120613 54.364254
vt 40.635746 54.879387
vt 40.347298 54.27036
vt 40.347298 53.72964
vt 40.72964 54.652702
vt 40.72964 53.347298
vt 40.652702 54.143856
vt 40.652702 53.856144
vt 40.856144 53.652702
vt 40.856144 54.347298
vt 41 54
vt 41 53.999996
vt 40.652702 53.85614
vt 40.856144 53.6527
vt 40.856144 54.3473
vt 40.652702 54.14386
vt 41 54.000004
vt 41.414215 0.4131759
vt 40.635746 0.25
vt 41.364254 0.25
vt 41.41421 4.0868244
vt 40.585785 4.0868244
vt 41.364254 53.120613
vt 41.27036 53.347298
vt 41.143856 53.652702
vt 41.143856 54.347298
vt 41.27036 54.652702
vt 41.364254 54.879387
vt 41.36425 54.879387
vt 41.414215 4.086824
vt 40.635746 4.25
vt 41.36425 4.25
vt 41.364254 4.25
vt 41.143856 54.3473
vt 41.347298 54.14386
vt 41.347298 53.85614
vt 41.143856 53.6527
vt 41.347298 54.143856
vt 41.347298 53.856144
vt 41.652702 54.27036
vt 41.652702 53.72964
vt 41.879387 53.635746
vt 41.879387 54.364254
vt 41.879387 54.36425
vt 41.414215 55
vt 42 54.414215
vt 42 53.585785
vt 41.414215 53
vt 41.879387 53.63575
vt 41.364254 53.120617
vt 41.41421 53.000004
vt 42 53.585796
vt 54.58233 0.4131759
vt 55.168114 0.4131759
vt 55.168114 4.086824
vt 54.58233 4.0868235
vt 53.58579 4.086823
vt 52.999996 4.0868244
vt 52.999996 0.4131759
vt 53.58578 0.4131759
vt 54.414215 4.0868235
vt 54.36425 4.25
vt 53.585793 4.086823
vt 55.414215 0.4131759
vt 54.585785 0.4131759
vt 54.585785 4.086824
vt 55.414215 4.086824
vt 54.635746 0.25
vt 55.364254 0.25
vt 55.364254 4.25
vt 54.635746 4.25
vt 53.834877 4.0868244
vt 54.420662 4.086824
vt 54.420662 0.4131759
vt 53.834877 0.4131759
vt 74.585785 0.4131759
vt 74 0.4131759
vt 74 4.086824
vt 74.585785 4.086824
vt 74.63575 54.120613
vt 74.12061 54.635746
vt 74 54.585785
vt 74.585785 54
vt 74.585785 56
vt 74 55.414215
vt 74.12061 55.364254
vt 74.63575 55.879387
vt 74.3473 55.27036
vt 74.3473 54.72964
vt 74.729645 55.652702
vt 74.729645 54.347298
vt 74.6527 55.143856
vt 74.6527 54.856144
vt 74.85615 54.652702
vt 74.85615 55.347298
vt 75 55
vt 75 54.999996
vt 74.6527 54.85614
vt 74.85615 54.6527
vt 74.85615 55.3473
vt 74.6527 55.14386
vt 75 55.000004
vt 75.414215 0.4131759
vt 74.63575 0.25
vt 75.36425 0.25
vt 75.414215 4.0868244
vt 74.585785 4.0868244
vt 75.36425 54.120613
vt 75.270355 54.347298
vt 75.14385 54.652702
vt 75.14385 55.347298
vt 75.270355 55.652702
vt 75.36425 55.879387
vt 75.414215 4.086824
vt 74.63575 4.25
vt 75.36425 4.25
vt 75.14385 55.3473
vt 75.3473 55.14386
vt 75.3473 54.85614
vt 75.14385 54.6527
vt 75.3473 55.143856
vt 75.3473 54.856144
vt 75.6527 55.27036
vt 75.6527 54.72964
vt 75.87939 54.635746
vt 75.87939 55.364254
vt 75.87939 55.36425
vt 75.414215 56
vt 76 55.414215
vt 76 54.585785
vt 75.414215 54
vt 75.87939 54.63575
vt 75.36425 54.120617
vt 75.414215 54.000004
vt 76 54.585796
vt 55.58233 0.4131759
vt 56.168114 0.4131759
vt 56.168114 4.086824
vt 55.58233 4.0868235
vt 54.58579 4.086823
vt 53.999996 4.0868244
vt 53.999996 0.4131759
vt 54.58578 0.4131759
vt 55.414215 4.0868235
vt 55.36425 4.25
vt 54.585793 4.086823
vt 10 1.4166666
vt 9.958333 1.4166666
vt 9.958333 2.4166667
vt 10 2.4166667
vt 11 2
vt 10 2
vt 10 1
vt 11 1
vt 11.40625 9.958333
vt 10.40625 9.958333
vt 10.40625 10
vt 11.40625 10
vt 11.5 10
vt 10.5 10
vt 10.5 9.958333
vt 11.5 9.958333
vt 17 2
vt 15.5 2
vt 15.5 3.5
vt 17 3.5
vt 9.041667 2.4375
vt 9 2.4375
vt 9 1.4375
vt 9.041667 1.4375
vt 117 68
vt 115.5 68
vt 115.5 84
vt 117 84
vt 1272 84
vt 1268 84
vt 1268 68
vt 1272 68
vt 1272 926
vt 1268 926
vt 1268 938
vt 1272 938
vt 23.0625 1.3125
vt 22.3125 1.3125
vt 22.3125 1.34375
vt 23.0625 1.34375
vt 49.375 1.34375
vt 48.875 1.34375
vt 48.875 1.3125
vt 49.375 1.3125
vt 49.375 22.3125
vt 48.875 22.3125
vt 48.875 23.0625
vt 49.375 23.0625
vt 12 2
vt 12 1
vt 12.40625 9.958333
vt 12.40625 10
vt 12.5 10
vt 12.5 9.958333
vt 18 2
vt 16.5 2
vt 16.5 3.5
vt 18 3.5
vt 52.414215 0.4131759
vt 51.585785 0.4131759
vt 51.585785 4.086824
vt 52.414215 4.086824
vt 51.635746 0.25
vt 52.364254 0.25
vt 52.364254 4.25
vt 51.635746 4.25
vt 50.834877 4.0868244
vt 51.420662 4.086824
vt 51.420662 0.4131759
vt 50.834877 0.4131759
vt 130.58578 0.4131759
vt 130 0.4131759
vt 130 4.086824
vt 130.58578 4.086824
vt 130.63574 51.120613
vt 130.12062 51.635746
vt 130 51.585785
vt 130.58578 51
vt 130.58578 53
vt 130 52.414215
vt 130.12062 52.364254
vt 130.63574 52.879387
vt 130.34729 52.27036
vt 130.34729 51.72964
vt 130.72964 52.652702
vt 130.72964 51.347298
vt 130.65271 52.143856
vt 130.65271 51.856144
vt 130.85614 51.652702
vt 130.85614 52.347298
vt 131 52
vt 130.72966 51.347298
vt 130.3473 51.72964
vt 131.00002 52
vt 130.3473 52.27036
vt 130.72966 52.652702
vt 131 51.999996
vt 130.65271 51.85614
vt 130.85614 51.6527
vt 130.85614 52.3473
vt 130.65271 52.14386
vt 131 52.000004
vt 131.41422 0.4131759
vt 130.63574 0.25
vt 131.36426 0.25
vt 131.41422 4.0868244
vt 130.58578 4.0868244
vt 131.36426 51.120613
vt 131.27036 51.347298
vt 131.14386 51.652702
vt 131.14386 52.347298
vt 131.27036 52.652702
vt 131.36426 52.879387
vt 131.36424 52.879387
vt 131.41422 4.086824
vt 130.63574 4.25
vt 131.36424 4.25
vt 131.36426 4.25
vt 131.14388 52.3473
vt 131.00002 52.000004
vt 131.3473 52.14386
vt 131.3473 51.85614
vt 131.00002 51.999996
vt 131.14388 51.6527
vt 131.34729 52.143856
vt 131.34729 51.856144
vt 131.65271 52.27036
vt 131.65271 51.72964
vt 131.87938 51.635746
vt 131.87938 52.364254
vt 131.8794 52.36425
vt 131.8794 51.635746
vt 131.65273 51.72964
vt 131.65273 52.27036
vt 131.8794 52.364254
vt 131.41422 53
vt 132 52.414215
vt 132 51.585785
vt 131.41422 51
vt 131.87938 51.63575
vt 131.36426 51.120617
vt 131.41422 51.000004
vt 132 51.585796
vt 52.58233 0.4131759
vt 53.168114 0.4131759
vt 53.168114 4.086824
vt 52.58233 4.0868235
vt 51.58579 4.086823
vt 50.999996 4.0868244
vt 50.999996 0.4131759
vt 51.58578 0.4131759
vt 52.414215 4.0868235
vt 52.36425 4.25
vt 51.585793 4.086823
vt -6 -0
vt -6 0.5
vt 10 0.5
vt 23 0.5
vt -2 0.5
vt -2 -0
vt 23 -0
vt 23 -6
vt -2 -6
vt -2 10
vt 23 10
vt 9.25 -0
vt 9 -0
vt 9 8
vt 9.25 8
vt 23.5 8
vt -1.5 8
vt -1.5 -0
vt 23.5 -0
vt 23.5 9
vt -1.5 9
vt -1.5 9.25
vt 23.5 9.25
vt 4 1.4166666
vt 3.9583333 1.4166666
vt 3.9583333 2.4166667
vt 4 2.4166667
vt 3 2
vt 2 2
vt 2 1
vt 3 1
vt 3.40625 3.9583333
vt 2.40625 3.9583333
vt 2.40625 4
vt 3.40625 4
vt 3.5 4
vt 2.5 4
vt 2.5 3.9583333
vt 3.5 3.9583333
vt 5 2
vt 3.5 2
vt 3.5 3.5
vt 5 3.5
vt 4.0416665 2.4375
vt 4 2.4375
vt 4 1.4375
vt 4.0416665 1.4375
vt 1.15625 2.125
vt 1.109375 2.125
vt 1.109375 2.625
vt 1.15625 2.625
vt 3.5 2.625
vt 3.375 2.625
vt 3.375 2.125
vt 3.5 2.125
vt 3.5 8.875
vt 3.375 8.875
vt 3.375 9.25
vt 3.5 9.25
vt 3.75 2.625
vt 3.625 2.625
vt 3.625 2.125
vt 3.75 2.125
vt 3.75 8.875
vt 3.625 8.875
vt 3.625 9.25
vt 3.75 9.25
vt 5.25 2.625
vt 5.125 2.625
vt 5.125 2.125
vt 5.25 2.125
vt 5.25 8.875
vt 5.125 8.875
vt 5.125 9.25
vt 5.25 9.25
vt 5.5 2.625
vt 5.375 2.625
vt 5.375 2.125
vt 5.5 2.125
vt 5.5 8.875
vt 5.375 8.875
vt 5.375 9.25
vt 5.5 9.25
vt 6.5 2.625
vt 6.375 2.625
vt 6.375 2.125
vt 6.5 2.125
vt 6.5 8.875
vt 6.375 8.875
vt 6.375 9.25
vt 6.5 9.25
vt 1.125 2.125
vt 1.078125 2.125
vt 1.078125 2.625
vt 1.125 2.625
vt 6 2.625
vt 5.875 2.625
vt 5.875 2.125
vt 6 2.125
vt 6 8.75
vt 5.875 8.75
vt 5.875 9.125
vt 6 9.125
vt 1.15625 2.875
vt 1.109375 2.875
vt 1.109375 3.375
vt 1.15625 3.375
vt 5.75 3.375
vt 5.625 3.375
vt 5.625 2.875
vt 5.75 2.875
vt 5.75 8.875
vt 5.625 8.875
vt 5.625 9.25
vt 5.75 9.25
vt 4.875 3.375
vt 4.75 3.375
vt 4.75 2.875
vt 4.875 2.875
vt 4.875 8.875
vt 4.75 8.875
vt 4.75 9.25
vt 4.875 9.25
vt 6.25 3.375
vt 6.125 3.375
vt 6.125 2.875
vt 6.25 2.875
vt 6.25 8.875
vt 6.125 8.875
vt 6.125 9.25
vt 6.25 9.25
vt 3.5 3.375
vt 3.375 3.375
vt 3.375 2.875
vt 3.5 2.875
vt 2.375 3.375
vt 2.25 3.375
vt 2.25 2.875
vt 2.375 2.875
vt 2.375 9
vt 2.25 9
vt 2.25 9.375
vt 2.375 9.375
vt 2.625 3.375
vt 2.5 3.375
vt 2.5 2.875
vt 2.625 2.875
vt 2.625 8.875
vt 2.5 8.875
vt 2.5 9.25
vt 2.625 9.25
vt 1.15625 1.375
vt 1.109375 1.375
vt 1.109375 1.875
vt 1.15625 1.875
vt 2.625 1.875
vt 2.5 1.875
vt 2.5 1.375
vt 2.625 1.375
vt 2.375 1.875
vt 2.25 1.875
vt 2.25 1.375
vt 2.375 1.375
vt 3.5 1.875
vt 3.375 1.875
vt 3.375 1.375
vt 3.5 1.375
vt 1.15625 0.875
vt 1.109375 0.875
vt 3.25 1.375
vt 3.25 0.875
vt 3.375 0.875
vt 3.25 8.875
vt 3.25 9.25
vt 3.625 1.375
vt 3.5 0.875
vt 3.625 0.875
vt 4.875 1.875
vt 4.75 1.875
vt 4.75 1.375
vt 4.875 1.375
vt 5.75 1.875
vt 5.625 1.875
vt 5.625 1.375
vt 5.75 1.375
vt 6.25 1.875
vt 6.125 1.875
vt 6.125 1.375
vt 6.25 1.375
vt 6.5 1.375
vt 6.375 1.375
vt 6.375 0.875
vt 6.5 0.875
vt 1.125 0.875
vt 1.078125 0.875
vt 1.078125 1.375
vt 1.125 1.375
vt 6 1.375
vt 5.875 1.375
vt 5.875 0.875
vt 6 0.875
vt 5.5 1.375
vt 5.375 1.375
vt 5.375 0.875
vt 5.5 0.875
vt 5.25 1.375
vt 5.125 1.375
vt 5.125 0.875
vt 5.25 0.875
vt 9.75 -0
vt -6 8
vt 9.75 8
vt 2 8
vt 2.25 8
vt 2 -0
vt -6 2
vt -6 2.25
vt 9.75 2.25
vt 9.75 2
vt 656 -0
vt 624 -0
vt 624 6
vt 656 6
vt -16 6
vt 20 6
vt 20 -0
vt -16 -0
vt 624 -16
vt 624 20
vt 656 20
vt 656 -16
vt 652 6
vt 624 78
vt 652 78
vt 18 78
vt 20 78
vt 18 6
vt 624 18
vt 652 20
vt 652 18
vt -16 78
vt -14 78
vt -14 6
vt 624 -14
vt 652 -14
vt 652 -16
vt 656 78
vt 624 80
vt 656 80
vt -16 80
vt 20 80
vt 626 30
vt 625 30
vt 625 54
vt 626 54
vt -1 3
vt 0 3
vt 0 2
vt -1 2
vt 625 -14
vt 625 18
vt 626 18
vt 626 -14
vt 14 30
vt -18 30
vt -18 54
vt 14 54
vt 648 30
vt 648 54
vt 17 54
vt 18 54
vt 18 30
vt 17 30
vt 626 17
vt 648 18
vt 648 17
vt -648 -30
vt -626 -30
vt -626 -48
vt -648 -52
vt -13 48
vt 17 48
vt -13 30
vt -1 -64.2
vt 0 -64.2
vt 0 -62
vt -1 -62
vt 626 -13
vt 648 -13
vt 17 52
vt -13 52
vt 649 30
vt 649 54
vt 648 -14
vt 649 18
vt 649 -14
vt -14 30
vt -14 54
vt -13 54
vt 578 6
vt 577 6
vt 577 30
vt 578 30
vt 0 1
vt 577 -14
vt 577 18
vt 578 18
vt 578 -14
vt 14 6
vt -18 6
vt 600 6
vt 600 30
vt 17 6
vt 578 17
vt 600 18
vt 600 17
vt -600 -6
vt -578 -6
vt -578 -24
vt -600 -28
vt -13 24
vt 17 24
vt -13 6
vt -1 -59.2
vt 0 -59.2
vt 0 -57
vt -1 -57
vt 578 -13
vt 600 -13
vt 17 28
vt -13 28
vt 601 6
vt 601 30
vt 600 -14
vt 601 18
vt 601 -14
vt 625 78
vt 626 78
vt -1 4
vt 0 4
vt -18 78
vt 14 78
vt 648 78
vt 17 78
vt -648 -54
vt -626 -54
vt -626 -72
vt -648 -76
vt -13 72
vt 17 72
vt 17 76
vt -13 76
vt 649 78
vt -13 78
vt 760 40
vt 722 40
vt 722 42
vt 760 42
vt 1032 42
vt 904 42
vt 904 40
vt 1032 40
vt 1032 722
vt 904 722
vt 904 760
vt 1032 760
vt 745 38
vt 737 38
vt 737 40
vt 745 40
vt 1027 40
vt 909 40
vt 909 38
vt 1027 38
vt 1027 737
vt 909 737
vt 909 745
vt 1027 745
vt 747 8
vt 735 8
vt 735 40
vt 747 40
vt 907 40
vt 907 8
vt 909 8
vt 909 735
vt 907 735
vt 907 747
vt 909 747
vt 1029 40
vt 1027 8
vt 1029 8
vt 1029 735
vt 1027 735
vt 1027 747
vt 1029 747
vt -753 14
vt -729 14
vt -729 36
vt -753 36
vt 1027 36
vt 909 36
vt 909 14
vt 1027 14
vt -1027 -729
vt -909 -729
vt -909 -753
vt -1027 -753
vt -1027 14
vt -909 14
vt -909 36
vt -1027 36
vt 758 2
vt 722 2
vt 722 8
vt 758 8
vt 907 2
vt 909 2
vt -722 909
vt -722 907
vt -758 907
vt -758 909
vt 758 -0
vt 754 -0
vt 754 2
vt 907 -0
vt 909 -0
vt -754 909
vt -754 907
vt 726 -0
vt 722 -0
vt 726 2
vt -726 907
vt -726 909
vt 1029 2
vt 1027 2
vt 1027 -0
vt 1029 -0
vt -754 1029
vt -754 1027
vt -758 1027
vt -758 1029
vt 1029 758
vt 1027 758
vt 1027 754
vt 1029 754
vt 1029 722
vt 1027 722
vt -722 1027
vt -722 1029
vt -726 1027
vt -726 1029
vt 1029 726
vt 1027 726
vt 1834 6
vt 1830 6
vt 1830 -0
vt 1834 -0
vt 1834 940
vt 1830 940
vt 1830 944
vt 1834 944
vt 1944 6
vt 1940 6
vt 1940 -0
vt 1944 -0
vt 1944 940
vt 1940 940
vt 1940 944
vt 1944 944
vt 944 10
vt 940 10
vt 940 80
vt 944 80
vt 1944 80
vt 1720 80
vt 1720 10
vt 1944 10
vt 1720 940
vt 1720 944
vt 118 6
vt 117.5 6
vt 117.5 10
vt 118 10
vt 243 10
vt 215 10
vt 215 6
vt 243 6
vt 243 940
vt 215 940
vt 215 944
vt 243 944
vt 1724 6
vt 1720 6
vt 1720 -0
vt 1724 -0
vt 1724 940
vt 1724 944
vt 912 10
vt 908 10
vt 908 80
vt 912 80
vt -1880 80
vt -1720 80
vt -1720 10
vt -1880 10
vt -1880 -908
vt -1720 -908
vt -1720 -912
vt -1880 -912
vt 912 -1880
vt 912 -1720
vt 908 -1720
vt 908 -1880
vt -113.5 6
vt -113 6
vt -113 10
vt -113.5 10
vt -235 10
vt -215 10
vt -215 6
vt -235 6
vt -235 -908
vt -215 -908
vt -215 -912
vt -235 -912
vt 912 -0
vt 908 -0
vt 908 6
vt 912 6
vt -1802 6
vt -1798 6
vt -1798 -0
vt -1802 -0
vt 908 -1802
vt 908 -1798
vt 912 -1798
vt 912 -1802
vt -1880 6
vt -1876 6
vt -1876 -0
vt -1880 -0
vt 908 -1876
vt 912 -1876
vt -1724 6
vt -1720 6
vt -1720 -0
vt -1724 -0
vt 908 -1724
vt 912 -1724
vt 775 40
vt 701 40
vt 701 42
vt 775 42
vt 862 42
vt 738 42
vt 738 40
vt 862 40
vt 862 701
vt 738 701
vt 738 775
vt 862 775
vt 744 38
vt 732 38
vt 732 40
vt 744 40
vt 859 40
vt 741 40
vt 741 38
vt 859 38
vt 859 732
vt 741 732
vt 741 744
vt 859 744
vt 746 8
vt 730 8
vt 730 40
vt 746 40
vt 739 40
vt 739 8
vt 741 8
vt 741 730
vt 739 730
vt 739 746
vt 741 746
vt 861 40
vt 859 8
vt 861 8
vt 861 730
vt 859 730
vt 859 746
vt 861 746
vt -762 8
vt -714 8
vt -714 38
vt -762 38
vt 765 38
vt 765 8
vt -765 -714
vt -741 -714
vt -741 -762
vt -765 -762
vt -765 8
vt -741 8
vt -741 38
vt -765 38
vt 835 38
vt 835 8
vt -859 -714
vt -835 -714
vt -835 -762
vt -859 -762
vt -859 8
vt -835 8
vt -835 38
vt -859 38
vt 774 2
vt 702 2
vt 702 8
vt 774 8
vt 739 2
vt 741 2
vt -702 741
vt -702 739
vt -774 739
vt -774 741
vt 706 -0
vt 702 -0
vt 706 2
vt 739 -0
vt 741 -0
vt -706 739
vt -706 741
vt 774 -0
vt 770 -0
vt 770 2
vt -770 741
vt -770 739
vt 861 2
vt 859 2
vt 859 -0
vt 861 -0
vt -702 861
vt -702 859
vt -706 859
vt -706 861
vt 861 706
vt 859 706
vt 859 702
vt 861 702
vt 859 774
vt 861 774
vt -774 861
vt -774 859
vt -770 861
vt -770 859
vt 859 770
vt 861 770
vt 25.375 0.125
vt 24.375 0.125
vt 24.375 0.25
vt 25.375 0.25
vt 25.125 0.25
vt 24.125 0.25
vt 24.125 0.125
vt 25.125 0.125
vt 25.125 24.375
vt 24.125 24.375
vt 24.125 25.375
vt 25.125 25.375
vt 24.9375 0.125
vt 24.8125 0.125
vt 24.8125 0.75
vt 24.9375 0.75
vt 24.6875 0.75
vt 24.5625 0.75
vt 24.5625 0.125
vt 24.6875 0.125
vt 24.6875 24.8125
vt 24.5625 24.8125
vt 24.5625 24.9375
vt 24.6875 24.9375
vt 25.4375 0.75
vt 25.375 0.75
vt 25.375 1.375
vt 25.4375 1.375
vt 24.25 1.375
vt 24 1.375
vt 24 0.75
vt 24.25 0.75
vt 24.25 25.375
vt 24 25.375
vt 24 25.4375
vt 24.25 25.4375
vt 24.5 0.875
vt 24.4375 0.875
vt 24.4375 1.5
vt 24.5 1.5
vt 25.125 1.5
vt 24.125 1.5
vt 24.125 0.875
vt 25.125 0.875
vt 25.125 24.4375
vt 24.125 24.4375
vt 24.125 24.5
vt 25.125 24.5
vt 952 -0
vt 920 -0
vt 920 6
vt 952 6
vt -716 6
vt -680 6
vt -680 -0
vt -716 -0
vt 920 -716
vt 920 -680
vt 952 -680
vt 952 -716
vt 948 6
vt 920 78
vt 948 78
vt -682 78
vt -680 78
vt -682 6
vt 920 -682
vt 948 -680
vt 948 -682
vt -716 78
vt -714 78
vt -714 6
vt 920 -714
vt 948 -714
vt 948 -716
vt 952 78
vt 920 80
vt 952 80
vt -716 80
vt -680 80
vt 922 30
vt 921 30
vt 921 54
vt 922 54
vt -714 54
vt -682 54
vt -682 30
vt -714 30
vt 921 -714
vt 921 -682
vt 922 -682
vt 922 -714
vt 714 30
vt 682 30
vt 682 54
vt 714 54
vt 944 30
vt 944 54
vt -683 54
vt -683 30
vt 922 -683
vt 944 -682
vt 944 -683
vt -944 -30
vt -922 -30
vt -922 -48
vt -944 -52
vt -713 48
vt -683 48
vt -713 30
vt -713 -944
vt -683 -944
vt -683 -922
vt -713 -922
vt 922 -713
vt 944 -713
vt -683 52
vt -713 52
vt 945 30
vt 945 54
vt 944 -714
vt 945 -682
vt 945 -714
vt -713 54
vt 921 6
vt 714 6
vt 682 6
vt -683 6
vt -944 -6
vt -922 -6
vt -922 -24
vt -944 -28
vt -713 24
vt -683 24
vt -713 6
vt -683 28
vt -713 28
vt 945 6
vt 921 78
vt 922 78
vt 682 78
vt 714 78
vt 944 78
vt -683 78
vt -944 -54
vt -922 -54
vt -922 -72
vt -944 -76
vt -713 72
vt -683 72
vt -683 76
vt -713 76
vt 945 78
vt -713 78
vt 29.5 -0
vt 28 -0
vt 28 0.1875
vt 26.5 0.1875
vt 23.5 0.1875
vt 26.5 -0
vt 26.5 28
vt 23.5 28
vt 23.5 29.5
vt 26.5 29.5
vt 29.375 0.1875
vt 28 1.4375
vt 29.375 1.4375
vt 26.5 1.4375
vt 26.4375 1.4375
vt 26.4375 0.1875
vt 26.4375 28
vt 26.4375 29.375
vt 26.5 29.375
vt 29.5 1.1875
vt 28 1.1875
vt 28 1.25
vt 29.5 1.25
vt 26.5 1.25
vt 23.5 1.25
vt 23.5 1.1875
vt 26.5 1.1875
vt 23.5625 1.4375
vt 23.5 1.4375
vt 23.5625 0.1875
vt 23.5625 28
vt 23.5 29.375
vt 23.5625 29.375
vt 29.125 0.1875
vt 29 0.1875
vt 29 1.4375
vt 29.125 1.4375
vt 26.5 29
vt 23.5 29
vt 23.5 29.125
vt 26.5 29.125
vt 28.46875 0.1875
vt 27.125 0.1875
vt 27.125 0.8125
vt 28.46875 0.8125
vt 26.4375 0.8125
vt 23.5625 0.8125
vt 26.4375 27.125
vt 23.5625 27.125
vt 23.5625 28.46875
vt 26.4375 28.46875
vt 28.875 -0
vt 28 0.3125
vt 28.875 0.3125
vt 28.3125 0.3125
vt 27.3125 0.3125
vt 27.3125 -0
vt 28.3125 -0
vt 28.3125 28
vt 27.3125 28
vt 27.3125 28.875
vt 28.3125 28.875
vt 28.875 -0.0625
vt 27.9375 -0.0625
vt 27.9375 0.4375
vt 28.875 0.4375
vt 28.3125 0.4375
vt 27.3125 0.4375
vt 27.3125 -0.0625
vt 28.3125 -0.0625
vt 28.3125 27.9375
vt 27.3125 27.9375
vt 27.875 -0.0625
vt 27.84375 -0.0625
vt 27.84375 -0.03125
vt 27.875 -0
vt 27.9375 -0
vt 27.96875 -0.03125
vt 28.28125 -0.03125
vt 28.25 -0
vt 27.5 -0
vt 27.46875 -0.03125
vt 27.46875 -0.0625
vt 28.28125 -0.0625
vt 28.28125 27.84375
vt 27.46875 27.84375
vt 27.4375 27.875
vt 28.3125 27.875
vt 27.5 27.84375
vt 28.25 27.84375
vt 27.4375 -0.0625
vt 27.4375 -0
vt 28.8125 -0
vt 28.84375 -0.03125
vt 27.875 0.9375
vt 27.84375 0.9375
vt 27.84375 0.96875
vt 27.875 1
vt 27.9375 0.99999994
vt 27.96875 0.96874994
vt 28 0.99999994
vt 28.28125 0.96875
vt 28.25 1
vt 27.5 1
vt 27.46875 0.96875
vt 27.46875 0.9375
vt 28.28125 0.9375
vt 28.3125 0.9375
vt 27.4375 0.9375
vt 27.4375 1
vt 28.3125 1
vt 28.875 0.99999994
vt 28.8125 0.99999994
vt 28.84375 0.96874994
vt 29.5 1.375
vt 28.5625 1.375
vt 28.5625 1.4375
vt 29.5 1.4375
vt 28.625 1.4375
vt 27.625 1.4375
vt 27.625 1.375
vt 28.625 1.375
vt 28.625 28.5625
vt 27.625 28.5625
vt 27.625 29.5
vt 28.625 29.5
vt 743 38
vt 731 38
vt 731 40
vt 743 40
vt 1163 40
vt 1067 40
vt 1067 38
vt 1163 38
vt 1163 731
vt 1067 731
vt 1067 743
vt 1163 743
vt 745 8
vt 729 8
vt 729 40
vt 1065 40
vt 1065 8
vt 1067 8
vt 1067 729
vt 1065 729
vt 1065 745
vt 1067 745
vt 1165 40
vt 1163 8
vt 1165 8
vt 1165 729
vt 1163 729
vt 1163 745
vt 1165 745
vt -757 16
vt -717 16
vt -717 36
vt -757 36
vt 1163 36
vt 1139 36
vt 1139 16
vt 1163 16
vt -1163 -717
vt -1139 -717
vt -1139 -757
vt -1163 -757
vt -1163 16
vt -1139 16
vt -1139 36
vt -1163 36
vt 767 40
vt 707 40
vt 707 42
vt 767 42
vt 1166 42
vt 1064 42
vt 1064 40
vt 1166 40
vt 1166 707
vt 1064 707
vt 1064 767
vt 1166 767
vt 766 2
vt 708 2
vt 708 8
vt 766 8
vt 1065 2
vt 1067 2
vt 1067 708
vt 1065 708
vt 1065 766
vt 1067 766
vt -766 1067
vt -766 1065
vt -708 1065
vt -708 1067
vt 766 -0
vt 762 -0
vt 762 2
vt 1065 -0
vt 1067 -0
vt -762 1067
vt -762 1065
vt 1065 762
vt 1067 762
vt 712 -0
vt 708 -0
vt 712 2
vt -712 1065
vt -712 1067
vt 1067 712
vt 1065 712
vt 1165 2
vt 1163 2
vt 1163 -0
vt 1165 -0
vt -762 1165
vt -762 1163
vt -766 1163
vt -766 1165
vt 1165 766
vt 1163 766
vt 1163 762
vt 1165 762
vt 1165 708
vt 1163 708
vt -708 1163
vt -708 1165
vt -712 1163
vt -712 1165
vt 1165 712
vt 1163 712
vt 23.375 0.125
vt 23.375 0.25
vt 30.125 0.25
vt 29.125 0.25
vt 29.125 0.125
vt 30.125 0.125
vt 30.125 23.375
vt 29.125 23.375
vt 29.125 24.375
vt 30.125 24.375
vt 23.9375 0.125
vt 23.8125 0.125
vt 23.8125 0.75
vt 23.9375 0.75
vt 29.6875 0.75
vt 29.5625 0.75
vt 29.5625 0.125
vt 29.6875 0.125
vt 29.6875 23.8125
vt 29.5625 23.8125
vt 29.5625 23.9375
vt 29.6875 23.9375
vt 24.4375 0.75
vt 24.375 0.75
vt 24.375 1.375
vt 24.4375 1.375
vt 29.25 1.375
vt 29 1.375
vt 29 0.75
vt 29.25 0.75
vt 29.25 24.375
vt 29 24.375
vt 29 24.4375
vt 29.25 24.4375
vt 30.125 1.5
vt 29.125 1.5
vt 29.125 0.875
vt 30.125 0.875
vt 30.125 24.4375
vt 29.125 24.4375
vt 29.125 24.5
vt 30.125 24.5
vt 930 -0
vt 926 -0
vt 926 6
vt 930 6
vt 1400 6
vt 1396 6
vt 1396 -0
vt 1400 -0
vt 1400 926
vt 1396 926
vt 1396 930
vt 1400 930
vt 926 116
vt 952 116
vt 1400 116
vt 1396 116
vt 43 28.5
vt 42.875 28.5
vt 42.875 29.3125
vt 43 29.3125
vt 1400 952
vt 1396 952
vt 948 -0
vt 1400 948
vt 1396 948
vt 1334 6
vt 1330 6
vt 1330 -0
vt 1334 -0
vt 1334 926
vt 1330 926
vt 1330 930
vt 1334 930
vt 1334 116
vt 1330 116
vt 41 28.5
vt 40.875 28.5
vt 40.875 29.3125
vt 41 29.3125
vt 1334 952
vt 1330 952
vt 1334 948
vt 1330 948
vt 29.4375 0.1875
vt 29.4375 3.5625
vt 1396 114
vt 1334 114
vt 43.25 29.4375
vt 41.3125 29.4375
vt 41.3125 29.5
vt 43.25 29.5
vt 1334 950
vt 1396 950
vt -948 14
vt -924 14
vt -924 36
vt -948 36
vt 1396 36
vt 1334 36
vt 1334 14
vt 1396 14
vt -1396 -924
vt -1334 -924
vt -1334 -948
vt -1396 -948
vt -1396 14
vt -1334 14
vt -1334 36
vt -1396 36
vt 950 40
vt 922 40
vt 922 42
vt 950 42
vt 1396 42
vt 1334 42
vt 1334 40
vt 1396 40
vt 1396 922
vt 1334 922
vt 950 60
vt 930 60
vt 930 62
vt 950 62
vt 1396 62
vt 1334 62
vt 1334 60
vt 1396 60
vt 950 80
vt 930 80
vt 930 82
vt 950 82
vt 1396 82
vt 1334 82
vt 1334 80
vt 1396 80
vt 950 100
vt 930 100
vt 930 102
vt 950 102
vt 1396 102
vt 1334 102
vt 1334 100
vt 1396 100
vt 940 38
vt 932 38
vt 932 40
vt 940 40
vt 1334 38
vt 1396 38
vt 1396 932
vt 1334 932
vt 1334 940
vt 1396 940
vt 1476 6
vt 1472 6
vt 1472 -0
vt 1476 -0
vt 1476 918
vt 1472 918
vt 1472 922
vt 1476 922
vt 1476 116
vt 1472 116
vt 46 28.5
vt 45.875 28.5
vt 45.875 29.3125
vt 46 29.3125
vt 1476 944
vt 1472 944
vt -940 14
vt -916 14
vt -916 36
vt -940 36
vt 1602 36
vt 1476 36
vt 1476 14
vt 1602 14
vt -1602 -916
vt -1476 -916
vt -1476 -940
vt -1602 -940
vt -1602 14
vt -1476 14
vt -1476 36
vt -1602 36
vt 1476 940
vt 1472 940
vt 1602 114
vt 1476 114
vt 1602 6
vt 49.1875 29.4375
vt 45.25 29.4375
vt 45.25 29.5
vt 49.1875 29.5
vt 1602 944
vt 1476 942
vt 1672 6
vt 1668 6
vt 1668 -0
vt 1672 -0
vt 1672 918
vt 1668 918
vt 1668 922
vt 1672 922
vt 1672 116
vt 1668 116
vt 52 28.5
vt 51.875 28.5
vt 51.875 29.3125
vt 52 29.3125
vt 1672 944
vt 1668 944
vt 1672 940
vt 1668 940
vt 1606 6
vt 1602 -0
vt 1606 -0
vt 1606 918
vt 1602 918
vt 1602 922
vt 1606 922
vt 1606 116
vt 1602 116
vt 50 28.5
vt 49.875 28.5
vt 49.875 29.3125
vt 50 29.3125
vt 1606 944
vt 1606 940
vt 1602 940
vt 1668 114
vt 1606 114
vt 51.25 29.4375
vt 49.3125 29.4375
vt 49.3125 29.5
vt 51.25 29.5
vt 1668 942
vt 1668 36
vt 1606 36
vt 1606 14
vt 1668 14
vt -1668 -916
vt -1606 -916
vt -1606 -940
vt -1668 -940
vt -1668 14
vt -1606 14
vt -1606 36
vt -1668 36
vt 942 40
vt 914 40
vt 914 42
vt 942 42
vt 1668 42
vt 1606 42
vt 1606 40
vt 1668 40
vt 1668 914
vt 1606 914
vt 942 60
vt 922 60
vt 922 62
vt 942 62
vt 1668 62
vt 1606 60
vt 1668 60
vt 942 80
vt 922 80
vt 922 82
vt 942 82
vt 1668 82
vt 1606 82
vt 1606 80
vt 1668 80
vt 942 100
vt 922 100
vt 922 102
vt 942 102
vt 1668 102
vt 1606 102
vt 1606 100
vt 1668 100
vt 924 38
vt 924 40
vt 1606 38
vt 1668 38
vt 1668 924
vt 1606 924
vt 1606 932
vt 1668 932
vt 1602 42
vt 1476 42
vt 1476 40
vt 1602 40
vt 1602 914
vt 1476 914
vt 1476 38
vt 1602 38
vt 1602 924
vt 1476 924
vt 1476 932
vt 1602 932
vt 1476 62
vt 1476 60
vt 1602 60
vt 1602 82
vt 1476 82
vt 1476 80
vt 1602 80
vt 1602 102
vt 1476 102
vt 1476 100
vt 1602 100
vt 921 66
vt 952 66
vt 1054 66
vt 946 66
vt 946 6
vt 1054 6
vt 1054 921
vt 946 921
vt 946 952
vt 1054 952
vt 119 66
vt 115 66
vt 115 68
vt 119 68
vt 132 68
vt 118 68
vt 118 66
vt 132 66
vt 1056 920
vt 944 920
vt 944 952
vt 1056 952
vt 920 66
vt 944 66
vt 946 920
vt 1056 6
vt 1056 -0
vt 1056 66
vt 1054 920
vt 29.0625 -0
vt 28.9375 -0
vt 28.9375 0.0625
vt 29.0625 0.0625
vt 38.625 0.0625
vt 38.5625 0.0625
vt 38.5625 -0
vt 38.625 -0
vt 38.625 28.9375
vt 38.5625 28.9375
vt 38.5625 29.0625
vt 38.625 29.0625
vt 29.75 0.25
vt 28.9375 0.25
vt 28.9375 3.5
vt 29.75 3.5
vt 38.625 3.5
vt 38.5625 3.5
vt 38.5625 0.25
vt 38.625 0.25
vt 38.9375 28.5
vt 38.875 28.5
vt 38.875 29.3125
vt 38.9375 29.3125
vt 38.625 29.75
vt 38.5625 29.75
vt 29.5 0.125
vt 29.4375 0.125
vt 29.4375 3.3125
vt 29.5 3.3125
vt 40.5625 3.3125
vt 38.3125 3.3125
vt 38.3125 0.125
vt 40.5625 0.125
vt 40.1875 29.4375
vt 37.9375 29.4375
vt 37.9375 29.5
vt 40.1875 29.5
vt 40.5625 29.75
vt 38.3125 29.75
vt 38.3125 29.6875
vt 40.5625 29.6875
vt 29.75 0.125
vt 28.9375 0.125
vt 38.5625 0.125
vt 38.625 0.125
vt 29.75 -0
vt 29.625 -0
vt 29.625 0.0625
vt 29.75 0.0625
vt 38.625 29.625
vt 38.5625 29.625
vt 39.625 3.5
vt 39.5625 3.5
vt 39.5625 0.25
vt 39.625 0.25
vt 39.9375 28.5
vt 39.875 28.5
vt 39.875 29.3125
vt 39.9375 29.3125
vt 39.625 29.75
vt 39.5625 29.75
vt 39.5625 28.9375
vt 39.625 28.9375
vt 39.5625 0.125
vt 39.625 0.125
vt 39.625 0.0625
vt 39.5625 0.0625
vt 39.5625 -0
vt 39.625 -0
vt 39.5625 29.0625
vt 39.625 29.0625
vt 39.625 29.625
vt 39.5625 29.625
vt 28.6875 0.125
vt 28.6875 0.1875
vt 40.5625 0.1875
vt 38.3125 0.1875
vt 40.1875 28.6875
vt 37.9375 28.6875
vt 40.5625 28.75
vt 38.3125 28.75
vt 38.3125 27.9375
vt 40.5625 27.9375
vt 29.5 1.125
vt 28.6875 1.125
vt 28.6875 1.1875
vt 40.5625 1.1875
vt 38.3125 1.1875
vt 38.3125 1.125
vt 40.5625 1.125
vt 29.5 2.125
vt 28.6875 2.125
vt 28.6875 2.1875
vt 29.5 2.1875
vt 40.5625 2.1875
vt 38.3125 2.1875
vt 38.3125 2.125
vt 40.5625 2.125
vt -22.625 0.125
vt -21.625 0.125
vt -21.625 0.25
vt -22.625 0.25
vt -38.875 0.25
vt -37.875 0.25
vt -37.875 0.125
vt -38.875 0.125
vt -38.875 -21.625
vt -37.875 -21.625
vt -37.875 -22.625
vt -38.875 -22.625
vt -22.1875 0.125
vt -22.0625 0.125
vt -22.0625 0.75
vt -22.1875 0.75
vt -38.4375 0.75
vt -38.3125 0.75
vt -38.3125 0.125
vt -38.4375 0.125
vt -38.4375 -22.0625
vt -38.3125 -22.0625
vt -38.3125 -22.1875
vt -38.4375 -22.1875
vt -21.625 0.75
vt -21.5625 0.75
vt -21.5625 1.375
vt -21.625 1.375
vt -38 1.375
vt -37.75 1.375
vt -37.75 0.75
vt -38 0.75
vt -38 -21.5625
vt -37.75 -21.5625
vt -37.75 -21.625
vt -38 -21.625
vt -21.5625 0.875
vt -21.5 0.875
vt -21.5 1.5
vt -21.5625 1.5
vt -38.875 1.5
vt -37.875 1.5
vt -37.875 0.875
vt -38.875 0.875
vt -38.875 -21.5
vt -37.875 -21.5
vt -37.875 -21.5625
vt -38.875 -21.5625
vt 1293 40
vt 1197 40
vt 1197 38
vt 1293 38
vt 1293 731
vt 1197 731
vt 1197 743
vt 1293 743
vt 1195 40
vt 1195 8
vt 1197 8
vt 1197 729
vt 1195 729
vt 1195 745
vt 1197 745
vt -751 2
vt -723 2
vt -723 34
vt -751 34
vt 1293 34
vt 1269 34
vt 1269 2
vt 1293 2
vt -1293 -723
vt -1269 -723
vt -1269 -751
vt -1293 -751
vt -1293 2
vt -1269 2
vt -1269 34
vt -1293 34
vt 759 40
vt 715 40
vt 715 42
vt 759 42
vt 1296 42
vt 1194 42
vt 1194 40
vt 1296 40
vt 1296 715
vt 1194 715
vt 1194 759
vt 1296 759
vt 716 2
vt 716 8
vt 1195 2
vt 1197 2
vt 1197 716
vt 1195 716
vt 1195 758
vt 1197 758
vt -758 1197
vt -758 1195
vt -716 1195
vt -716 1197
vt 1195 -0
vt 1197 -0
vt -754 1197
vt -754 1195
vt 1195 754
vt 1197 754
vt 720 -0
vt 716 -0
vt 720 2
vt -720 1195
vt -720 1197
vt 1197 720
vt 1195 720
vt 1295 2
vt 1293 -0
vt 1295 -0
vt -716 1295
vt -716 1293
vt -720 1293
vt -720 1295
vt 1295 720
vt 1293 720
vt 1293 716
vt 1295 716
vt 1295 40
vt 1293 8
vt 1295 8
vt 1295 729
vt 1293 729
vt 1293 745
vt 1295 745
vt -754 1295
vt -754 1293
vt -758 1293
vt -758 1295
vt 1295 758
vt 1293 758
vt 1293 754
vt 1295 754
vt 727 -0
vt 723 -0
vt 723 2
vt 727 2
vt 1271 2
vt 1269 -0
vt 1271 -0
vt -723 1271
vt -723 1269
vt -727 1269
vt -727 1271
vt 1271 727
vt 1269 727
vt 1269 723
vt 1271 723
vt 751 -0
vt 747 -0
vt 747 2
vt 751 2
vt -747 1271
vt -747 1269
vt -751 1269
vt -751 1271
vt 1271 751
vt 1269 751
vt 1269 747
vt 1271 747
vt 1291 2
vt 1291 -0
vt -747 1293
vt -747 1291
vt -751 1291
vt -751 1293
vt 1293 751
vt 1291 751
vt 1291 747
vt 1293 747
vt -723 1293
vt -723 1291
vt -727 1291
vt -727 1293
vt 1293 727
vt 1291 727
vt 1291 723
vt 1293 723
vt 778 40
vt 704 40
vt 704 42
vt 778 42
vt 1628 42
vt 1504 42
vt 1504 40
vt 1628 40
vt 1628 704
vt 1504 704
vt 1504 778
vt 1628 778
vt 747 38
vt 735 38
vt 1625 40
vt 1507 40
vt 1507 38
vt 1625 38
vt 1625 735
vt 1507 735
vt 1507 747
vt 1625 747
vt 749 8
vt 733 8
vt 733 40
vt 749 40
vt 1505 40
vt 1505 8
vt 1507 8
vt 1507 733
vt 1505 733
vt 1505 749
vt 1507 749
vt 1627 40
vt 1625 8
vt 1627 8
vt 1627 733
vt 1625 733
vt 1625 749
vt 1627 749
vt -717 8
vt -717 38
vt 1531 38
vt 1531 8
vt -1531 -717
vt -1507 -717
vt -1507 -765
vt -1531 -765
vt -1531 8
vt -1507 8
vt -1507 38
vt -1531 38
vt 1601 38
vt 1601 8
vt -1625 -717
vt -1601 -717
vt -1601 -765
vt -1625 -765
vt -1625 8
vt -1601 8
vt -1601 38
vt -1625 38
vt 777 2
vt 705 2
vt 705 8
vt 777 8
vt 1505 2
vt 1507 2
vt -705 1507
vt -705 1505
vt -777 1505
vt -777 1507
vt 709 -0
vt 705 -0
vt 709 2
vt 1505 -0
vt 1507 -0
vt -709 1505
vt -709 1507
vt 777 -0
vt 773 -0
vt 773 2
vt -773 1507
vt -773 1505
vt 1627 2
vt 1625 2
vt 1625 -0
vt 1627 -0
vt -705 1627
vt -705 1625
vt -709 1625
vt -709 1627
vt 1627 709
vt 1625 709
vt 1625 705
vt 1627 705
vt 1625 777
vt 1627 777
vt -777 1627
vt -777 1625
vt -773 1627
vt -773 1625
vt 1625 773
vt 1627 773
vt -20.84375 0.125
vt -20.65625 0.125
vt -20.65625 0.625
vt -20.84375 0.625
vt -48.9375 0.625
vt -48.875 0.625
vt -48.875 0.125
vt -48.9375 0.125
vt -48.9375 -20.65625
vt -48.875 -20.65625
vt -48.875 -20.84375
vt -48.9375 -20.84375
vt -20.9375 1.125
vt -20.5625 1.125
vt -20.5625 1.1875
vt -20.9375 1.1875
vt -49 1.1875
vt -48.875 1.1875
vt -48.875 1.125
vt -49 1.125
vt -49 -20.5625
vt -48.875 -20.5625
vt -48.875 -20.9375
vt -49 -20.9375
vt -20.505209 0.124999985
vt -20.4375 0.124999985
vt -20.84375 0.75
vt -20.4375 0.12500003
vt -20.84375 0.875
vt -48.9375 -0.84375
vt -48.875 -0.84375
vt -49 -0.09375
vt -49.0625 -0.09375
vt -49 -20.34375
vt -48.9375 -20.34375
vt -48.9375 -20.411459
vt -49 -20.411459
vt -49 -0.28125
vt -48.9375 -0.28125
vt -48.8125 -0.90625
vt -48.875 -0.90625
vt -48.9375 0.75
vt -48.875 0.75
vt -48.875 0.875
vt -48.9375 0.875
vt -20.505209 0.12500003
vt -20.4375 0.125
vt -20.505209 0.125
vt 21.494791 0.124999985
vt 21.15625 0.75
vt 21.5625 0.124999985
vt 21.5625 0.12500003
vt 21.15625 0.875
vt 48.125 0.875
vt 48.0625 0.875
vt 48.0625 0.75
vt 48.125 0.75
vt 48.1875 -0.90625
vt 48.125 -0.90625
vt 48.25 -0.28125
vt 48.3125 -0.28125
vt -48.9375 -21.151041
vt -48.875 -21.151041
vt -48.875 -21.21875
vt -48.9375 -21.21875
vt 48.25 -0.09375
vt 48.1875 -0.09375
vt 48.0625 -0.84375
vt 48.125 -0.84375
vt 21.494791 0.12500003
vt 21.5625 0.125
vt 21.494791 0.125
vt -20.65625 0.1875
vt -20.84375 0.1875
vt -48.9375 0.1875
vt -47.9375 0.1875
vt -47.9375 0.125
vt -47.9375 -20.65625
vt -47.9375 -20.84375
vt -47.9375 0.625
vt -47.875 0.625
vt -47.875 0.125
vt -47.875 -20.65625
vt -47.875 -20.84375
vt -47.9375 -0.84375
vt -47.875 -0.84375
vt -47.75 -0.09375
vt -47.8125 -0.09375
vt 48.125 20.78125
vt 48.0625 20.78125
vt 48.0625 20.848959
vt 48.125 20.848959
vt -47.75 -0.28125
vt -47.6875 -0.28125
vt -47.8125 -0.90625
vt -47.875 -0.90625
vt -47.9375 0.75
vt -47.875 0.75
vt -47.875 0.875
vt -47.9375 0.875
vt 48 -0.28125
vt 48.0625 -0.28125
vt -48.6875 -21.151041
vt -48.625 -21.151041
vt -48.625 -21.21875
vt -48.6875 -21.21875
vt 48 -0.09375
vt 47.9375 -0.09375
vt -48 1.1875
vt -47.875 1.1875
vt -47.875 1.125
vt -48 1.125
vt -48 -20.5625
vt -47.875 -20.5625
vt -47.875 -20.9375
vt -48 -20.9375
vt -20.625 0.625
vt -20.5 0.625
vt -20.5 0.6875
vt -20.5625 0.6875
vt -48.875 0.6875
vt -47.875 0.6875
vt -48.875 -20.5
vt -47.875 -20.5
vt -47.875 -20.625
vt -48.875 -20.625
vt -48.875 20.75
vt -47.875 20.75
vt -47.875 20.6875
vt -48.875 20.6875
vt -20.5 1.375
vt -20.5625 1.375
vt -20.5 1.4583334
vt -20.5625 1.4583334
vt -47.916668 -20.5625
vt -47.916668 -20.5
vt -48 -20.5
vt -48.875 1.375
vt -48.833332 1.4583334
vt -48.75 1.5
vt -48 1.5
vt -47.916668 1.4583334
vt -47.875 1.375
vt -48.75 -20.5625
vt -48.75 -20.5
vt -48.833332 -20.5625
vt -48.833332 -20.5
vt -21.375 0.125
vt -20.75 0.125
vt -20.625 0.25
vt -21.375 0.25
vt -48.875 20.4375
vt -47.875 20.4375
vt -47.875 20.5625
vt -48.875 20.5625
vt -48.875 -20.75
vt -47.875 -20.75
vt -47.875 -21.375
vt -48.875 -21.375
vt -47.875 0.25
vt -48.875 0.25
vt -21.5 0.25
vt -21.5 0.125
vt -21.525002 0.5
vt -21.525002 0.625
vt -21.608335 0.625
vt -21.608335 0.53125
vt -47.600002 0.53125
vt -47.51667 0.5
vt -47.51667 0.59375
vt -47.600002 0.59375
vt -47.875 -21.5
vt -48.875 -21.5
vt -48.833332 -21.583334
vt -48.75 -21.625
vt -48 -21.625
vt -47.916668 -21.583334
vt -48.833332 -21.597876
vt -47.916668 -21.597876
vt -48 -21.639542
vt -48.75 -21.639542
vt -48.75 0.1875
vt -48 0.1875
vt -48 0.25
vt -48.75 0.25
vt -47.964153 1.26334
vt -47.88082 1.29459
vt -47.88082 1.35709
vt -47.964153 1.35709
vt -21.20226 1.1863098
vt -21.285593 1.2175598
vt -21.285593 1.3113098
vt -21.20226 1.3113098
vt 23.34375 0.125
vt 23.15625 0.125
vt 23.15625 0.625
vt 23.34375 0.625
vt 48.125 0.625
vt 48.0625 0.625
vt 48.0625 0.125
vt 48.125 0.125
vt 48.125 23.15625
vt 48.0625 23.15625
vt 48.0625 23.34375
vt 48.125 23.34375
vt 23.4375 1.125
vt 23.0625 1.125
vt 23.0625 1.1875
vt 23.4375 1.1875
vt 48.125 1.1875
vt 48 1.1875
vt 48 1.125
vt 48.125 1.125
vt 48.125 23.0625
vt 48 23.0625
vt 48 23.4375
vt 48.125 23.4375
vt 24.494791 0.125
vt 24.15625 0.875
vt 24.15625 0.75
vt 24.494791 0.12500003
vt -47.6875 -24.15104
vt -47.625 -24.15104
vt -47.625 -24.218748
vt -47.6875 -24.218748
vt 24.562502 0.12500003
vt 24.156252 0.875
vt 24.156252 0.75
vt 24.494791 0.124999985
vt 24.5625 0.124999985
vt -23.4375 0.125
vt -23.84375 0.875
vt -23.505209 0.125
vt -23.84375 0.75
vt -23.505209 0.12500003
vt 48.125 22.781252
vt 48.0625 22.781252
vt 48.0625 22.84896
vt 48.125 22.84896
vt -23.843748 0.75
vt -23.843748 0.875
vt -23.437498 0.12500003
vt -23.4375 0.124999985
vt -23.505209 0.124999985
vt 23.15625 0.1875
vt 23.34375 0.1875
vt 49.0625 0.1875
vt 48.0625 0.1875
vt 49.0625 0.125
vt 49.0625 23.15625
vt 49.0625 23.34375
vt 49.125 0.625
vt 49.0625 0.625
vt 49.125 0.125
vt 49.125 23.15625
vt 49.125 23.34375
vt 49.125 0.875
vt 49.0625 0.875
vt 49.0625 0.75
vt 49.125 0.75
vt 49.1875 -0.90625
vt 49.125 -0.90625
vt 49.25 -0.28125
vt 49.3125 -0.28125
vt -49.9375 -24.15104
vt -49.875 -24.15104
vt -49.875 -24.218748
vt -49.9375 -24.218748
vt 49.25 -0.09375
vt 49.1875 -0.09375
vt 49.0625 -0.84375
vt 49.125 -0.84375
vt 49.375 22.781252
vt 49.3125 22.781252
vt 49.3125 22.84896
vt 49.375 22.84896
vt 49.125 1.1875
vt 49 1.1875
vt 49 1.125
vt 49.125 1.125
vt 49.125 23.0625
vt 49 23.0625
vt 49 23.4375
vt 49.125 23.4375
vt 24.5 0.625
vt 24.375 0.625
vt 24.4375 0.6875
vt 24.5 0.6875
vt 49.125 -24.3125
vt 48.125 -24.3125
vt 48.125 -24.25
vt 49.125 -24.25
vt 49.125 24.375
vt 48.125 24.375
vt 48.125 24.5
vt 49.125 24.5
vt -48.875 -24.375
vt -47.875 -24.375
vt -47.875 -24.3125
vt -48.875 -24.3125
vt 48.125 0.6875
vt 49.125 0.6875
vt 24.5 1.375
vt -24.375 -1.875
vt -24.3125 -1.875
vt -24.3125 -1.9583334
vt -24.375 -1.9583334
vt -47.916668 -24.375
vt -47.916668 -24.3125
vt -48 -24.3125
vt -48 -24.375
vt 49.125 1.375
vt 49.083332 1.4583334
vt 49 1.5
vt 48.25 1.5
vt 48.166668 1.4583334
vt 48.125 1.375
vt 49 24.5
vt 48.25 24.5
vt 48.25 24.4375
vt 49 24.4375
vt -48.833332 -24.375
vt -48.75 -24.375
vt -48.75 -24.3125
vt -48.833332 -24.3125
vt 24.25 0.125
vt 23.625 0.125
vt 23.625 0.25
vt -48.875 -1.5
vt -47.875 -1.5
vt -47.875 -1.375
vt -48.875 -1.375
vt 49.125 23.625
vt 48.125 23.625
vt 48.125 24.25
vt 49.125 24.25
vt -48.875 24.1875
vt -47.875 24.1875
vt -47.875 24.3125
vt -48.875 24.3125
vt 23.5 0.125
vt 23.5 0.25
vt 23.797743 1.3113098
vt 23.797743 1.1863098
vt 23.714409 1.2175598
vt 23.714409 1.3113098
vt 48.035847 1.35709
vt 48.035847 1.26334
vt 48.11918 1.29459
vt 48.11918 1.35709
vt 49 0.25
vt 48.25 0.25
vt 48.25 0.1875
vt 49 0.1875
vt 49 23.360456
vt 48.25 23.360456
vt 48.166668 23.402122
vt 49.083332 23.402122
vt 49.083332 23.416664
vt 48.166668 23.416664
vt 48.125 23.499998
vt 49.125 23.499998
vt 49.125 23.5
vt 48.125 23.5
vt 49.125 23.625002
vt 48.125 23.625002
vt 48.125 23.500002
vt 48.166668 23.416668
vt 48.25 23.375002
vt 49 23.375002
vt 49.083332 23.416668
vt 49.125 23.500002
vt 49.48333 0.59375
vt 49.399998 0.59375
vt 49.399998 0.53125
vt 49.48333 0.5
vt 23.474997 0.625
vt 23.391663 0.625
vt 23.391663 0.53125
vt 23.474997 0.5
vt 24.25 -0
vt 23 0.9375
vt 24.25 0.9375
vt 42.8125 0.9375
vt 42.75 0.9375
vt 42.75 -0
vt 42.8125 -0
vt 42.8125 23
vt 42.75 23
vt 42.75 24.25
vt 42.8125 24.25
vt 44 0.9375
vt 43.9375 0.9375
vt 43.9375 -0
vt 44 -0
vt 44 23
vt 43.9375 23
vt 43.9375 24.25
vt 44 24.25
vt 23.0625 -0
vt 23.0625 0.9375
vt 42.8125 23.0625
vt 43.9375 23.0625
vt 24.1875 -0
vt 23.0625 0.0625
vt 24.1875 0.0625
vt 43.9375 0.0625
vt 42.8125 0.0625
vt 42.8125 24.1875
vt 43.9375 24.1875
vt 24.1875 0.9375
vt 23.25 0.0625
vt 23.125 0.0625
vt 23.125 0.125
vt 23.25 0.125
vt 43 0.125
vt 42.875 0.125
vt 42.875 0.0625
vt 43 0.0625
vt 43 23.125
vt 42.875 23.125
vt 42.875 23.25
vt 43 23.25
vt -19.625 0.125
vt -18.625 0.125
vt -18.625 0.25
vt -19.625 0.25
vt -42.875 0.25
vt -41.875 0.25
vt -41.875 0.125
vt -42.875 0.125
vt -42.875 -18.625
vt -41.875 -18.625
vt -41.875 -19.625
vt -42.875 -19.625
vt -19.1875 0.125
vt -19.0625 0.125
vt -19.0625 0.75
vt -19.1875 0.75
vt -42.4375 0.75
vt -42.3125 0.75
vt -42.3125 0.125
vt -42.4375 0.125
vt -42.4375 -19.0625
vt -42.3125 -19.0625
vt -42.3125 -19.1875
vt -42.4375 -19.1875
vt -18.625 0.75
vt -18.5625 0.75
vt -18.5625 1.375
vt -18.625 1.375
vt -42 1.375
vt -41.75 1.375
vt -41.75 0.75
vt -42 0.75
vt -42 -18.5625
vt -41.75 -18.5625
vt -41.75 -18.625
vt -42 -18.625
vt -19.5625 0.875
vt -19.5 0.875
vt -19.5 1.5
vt -19.5625 1.5
vt -42.875 1.5
vt -41.875 1.5
vt -41.875 0.875
vt -42.875 0.875
vt -42.875 -19.5
vt -41.875 -19.5
vt -41.875 -19.5625
vt -42.875 -19.5625
vt 688 38
vt 676 38
vt 676 40
vt 688 40
vt 1357 40
vt 1305 40
vt 1305 38
vt 1357 38
vt 1357 676
vt 1305 676
vt 1305 688
vt 1357 688
vt 690 8
vt 674 8
vt 674 40
vt 690 40
vt 1303 40
vt 1303 8
vt 1305 8
vt 1305 674
vt 1303 674
vt 1303 690
vt 1305 690
vt 703 2
vt 661 2
vt 661 8
vt 703 8
vt 1303 2
vt 1305 2
vt 1305 661
vt 1303 661
vt 1303 703
vt 1305 703
vt -703 1305
vt -703 1303
vt -661 1303
vt -661 1305
vt 703 -0
vt 699 -0
vt 699 2
vt 1303 -0
vt 1305 -0
vt -699 1305
vt -699 1303
vt 1303 699
vt 1305 699
vt 665 -0
vt 661 -0
vt 665 2
vt -665 1303
vt -665 1305
vt 1305 665
vt 1303 665
vt 1359 2
vt 1357 2
vt 1357 -0
vt 1359 -0
vt -661 1359
vt -661 1357
vt -665 1357
vt -665 1359
vt 1359 665
vt 1357 665
vt 1357 661
vt 1359 661
vt 1359 40
vt 1357 8
vt 1359 8
vt 1359 674
vt 1357 674
vt 1357 690
vt 1359 690
vt -699 1359
vt -699 1357
vt -703 1357
vt -703 1359
vt 1359 703
vt 1357 703
vt 1357 699
vt 1359 699
vt 684 20
vt 680 20
vt 680 38
vt 684 38
vt 1305 20
vt 1357 20
vt 1357 680
vt 1305 680
vt 1305 684
vt 1357 684
vt 686 19
vt 685 18
vt 679 18
vt 678 19
vt 678 20
vt 686 20
vt 1305 19
vt 1357 19
vt 1357 678
vt 1305 678
vt 1305 679
vt 1357 679
vt 1305 685
vt 1357 685
vt 1357 686
vt 1305 686
vt 703.75 40.25
vt 703 40
vt 661 40
vt 660.25 40.25
vt 660 41
vt 660.25 41.75
vt 661 42
vt 703 42
vt 703.75 41.75
vt 704 41
vt 42.5 1.3046875
vt 40.6875 1.3046875
vt 40.6875 1.28125
vt 42.5 1.28125
vt 42.5 -0.71875
vt 40.6875 -0.71875
vt 40.6875 -0.6953125
vt 42.5 -0.6953125
vt 42.5 20.65625
vt 40.6875 20.65625
vt 40.6875 20.632812
vt 42.5 20.632812
vt 1360 661
vt 1302 661
vt 1302 703
vt 1360 703
vt 42.5 -21.34375
vt 40.6875 -21.34375
vt 40.6875 -21.367188
vt 42.5 -21.367188
vt 799 38
vt 787 38
vt 787 40
vt 799 40
vt 2177 40
vt 2081 40
vt 2081 38
vt 2177 38
vt 2177 787
vt 2081 787
vt 2081 799
vt 2177 799
vt 801 8
vt 785 8
vt 785 40
vt 801 40
vt 2079 40
vt 2079 8
vt 2081 8
vt 2081 785
vt 2079 785
vt 2079 801
vt 2081 801
vt -807 2
vt -779 2
vt -779 34
vt -807 34
vt 2177 34
vt 2153 34
vt 2153 2
vt 2177 2
vt -2177 -779
vt -2153 -779
vt -2153 -807
vt -2177 -807
vt -2177 2
vt -2153 2
vt -2153 34
vt -2177 34
vt 815 40
vt 771 40
vt 771 42
vt 815 42
vt 2180 42
vt 2078 42
vt 2078 40
vt 2180 40
vt 2180 771
vt 2078 771
vt 2078 815
vt 2180 815
vt 814 2
vt 772 2
vt 772 8
vt 814 8
vt 2079 2
vt 2081 2
vt 2081 772
vt 2079 772
vt 2079 814
vt 2081 814
vt -814 2081
vt -814 2079
vt -772 2079
vt -772 2081
vt 814 -0
vt 810 -0
vt 810 2
vt 2079 -0
vt 2081 -0
vt -810 2081
vt -810 2079
vt 2079 810
vt 2081 810
vt 776 -0
vt 772 -0
vt 776 2
vt -776 2079
vt -776 2081
vt 2081 776
vt 2079 776
vt 2179 2
vt 2177 -0
vt 2179 -0
vt -772 2179
vt -772 2177
vt -776 2177
vt -776 2179
vt 2179 776
vt 2177 776
vt 2177 772
vt 2179 772
vt 2179 40
vt 2177 8
vt 2179 8
vt 2179 785
vt 2177 785
vt 2177 801
vt 2179 801
vt -810 2179
vt -810 2177
vt -814 2177
vt -814 2179
vt 2179 814
vt 2177 814
vt 2177 810
vt 2179 810
vt 783 -0
vt 779 -0
vt 779 2
vt 783 2
vt 2155 2
vt 2153 -0
vt 2155 -0
vt -779 2155
vt -779 2153
vt -783 2153
vt -783 2155
vt 2155 783
vt 2153 783
vt 2153 779
vt 2155 779
vt 807 -0
vt 803 -0
vt 803 2
vt 807 2
vt -803 2155
vt -803 2153
vt -807 2153
vt -807 2155
vt 2155 807
vt 2153 807
vt 2153 803
vt 2155 803
vt 2175 2
vt 2175 -0
vt -803 2177
vt -803 2175
vt -807 2175
vt -807 2177
vt 2177 807
vt 2175 807
vt 2175 803
vt 2177 803
vt -779 2177
vt -779 2175
vt -783 2175
vt -783 2177
vt 2177 783
vt 2175 783
vt 2175 779
vt 2177 779
vt 28.0625 -0
vt 27.9375 0.0625
vt 28.0625 0.0625
vt 65.625 0.0625
vt 65.5625 0.0625
vt 65.5625 -0
vt 65.625 -0
vt 65.625 27.9375
vt 65.5625 27.9375
vt 65.5625 28.0625
vt 65.625 28.0625
vt 28.75 0.25
vt 27.9375 0.25
vt 27.9375 3.5
vt 28.75 3.5
vt 65.625 3.5
vt 65.5625 3.5
vt 65.5625 0.25
vt 65.625 0.25
vt 64.9375 27.5
vt 64.875 27.5
vt 64.875 28.3125
vt 64.9375 28.3125
vt 65.625 28.75
vt 65.5625 28.75
vt 28.5 0.125
vt 28.4375 0.125
vt 28.4375 3.3125
vt 28.5 3.3125
vt 67.5625 3.3125
vt 65.3125 3.3125
vt 65.3125 0.125
vt 67.5625 0.125
vt 67.1875 28.4375
vt 64.9375 28.4375
vt 64.9375 28.5
vt 67.1875 28.5
vt 67.5625 28.75
vt 65.3125 28.75
vt 65.3125 28.6875
vt 67.5625 28.6875
vt 28.75 0.125
vt 27.9375 0.125
vt 65.5625 0.125
vt 65.625 0.125
vt 28.75 -0
vt 28.625 -0
vt 28.625 0.0625
vt 28.75 0.0625
vt 65.625 28.625
vt 65.5625 28.625
vt 67.625 3.5
vt 67.5625 3.5
vt 67.5625 0.25
vt 67.625 0.25
vt 67.9375 27.5
vt 67.875 27.5
vt 67.875 28.3125
vt 67.9375 28.3125
vt 67.625 28.75
vt 67.5625 27.9375
vt 67.625 27.9375
vt 67.625 0.125
vt 67.625 0.0625
vt 67.5625 0.0625
vt 67.5625 -0
vt 67.625 -0
vt 67.5625 28.0625
vt 67.625 28.0625
vt 67.625 28.625
vt 67.5625 28.625
vt 27.6875 0.125
vt 27.6875 0.1875
vt 28.5 0.1875
vt 67.5625 0.1875
vt 65.3125 0.1875
vt 67.1875 27.6875
vt 64.9375 27.6875
vt 65.3125 27.9375
vt 28.5 1.125
vt 27.6875 1.125
vt 27.6875 1.1875
vt 28.5 1.1875
vt 67.5625 1.1875
vt 65.3125 1.1875
vt 65.3125 1.125
vt 67.5625 1.125
vt 28.5 2.125
vt 27.6875 2.125
vt 27.6875 2.1875
vt 28.5 2.1875
vt 67.5625 2.1875
vt 65.3125 2.1875
vt 65.3125 2.125
vt 67.5625 2.125
vt 63.625 0.0625
vt 63.5625 0.0625
vt 63.5625 -0
vt 63.625 -0
vt 63.625 27.9375
vt 63.5625 27.9375
vt 63.5625 28.0625
vt 63.625 28.0625
vt 63.625 3.5
vt 63.5625 3.5
vt 63.5625 0.25
vt 63.625 0.25
vt 63.9375 27.5
vt 63.875 27.5
vt 63.875 28.3125
vt 63.9375 28.3125
vt 63.625 28.75
vt 63.5625 28.75
vt 65.5625 3.3125
vt 63.3125 3.3125
vt 63.3125 0.125
vt 66.1875 28.4375
vt 63.9375 28.4375
vt 63.9375 28.5
vt 66.1875 28.5
vt 63.3125 28.75
vt 63.3125 28.6875
vt 65.5625 28.6875
vt 63.5625 0.125
vt 63.625 0.125
vt 63.625 28.625
vt 63.5625 28.625
vt 65.9375 27.5
vt 65.875 27.5
vt 65.875 28.3125
vt 65.9375 28.3125
vt 65.5625 0.1875
vt 63.3125 0.1875
vt 66.1875 27.6875
vt 63.9375 27.6875
vt 63.3125 27.9375
vt 65.5625 1.1875
vt 63.3125 1.1875
vt 63.3125 1.125
vt 65.5625 1.125
vt 65.5625 2.1875
vt 63.3125 2.1875
vt 63.3125 2.125
vt 65.5625 2.125
vt -23.84375 0.125
vt -23.65625 0.125
vt -23.65625 0.625
vt -23.84375 0.625
vt -66.9375 0.625
vt -66.875 0.625
vt -66.875 0.125
vt -66.9375 0.125
vt -66.9375 -23.65625
vt -66.875 -23.65625
vt -66.875 -23.84375
vt -66.9375 -23.84375
vt -23.9375 1.125
vt -23.5625 1.125
vt -23.5625 1.1875
vt -23.9375 1.1875
vt -67 1.1875
vt -66.875 1.1875
vt -66.875 1.125
vt -67 1.125
vt -67 -23.5625
vt -66.875 -23.5625
vt -66.875 -23.9375
vt -67 -23.9375
vt -22.505209 0.124999985
vt -22.4375 0.124999985
vt -22.84375 0.75
vt -22.4375 0.12500003
vt -22.84375 0.875
vt -66.9375 -0.84375
vt -66.875 -0.84375
vt -67 -0.09375
vt -67.0625 -0.09375
vt -67 -23.34375
vt -66.9375 -23.34375
vt -66.9375 -23.411459
vt -67 -23.411459
vt -67 -0.28125
vt -66.9375 -0.28125
vt -66.8125 -0.90625
vt -66.875 -0.90625
vt -66.9375 0.75
vt -66.875 0.75
vt -66.875 0.875
vt -66.9375 0.875
vt -22.505209 0.12500003
vt -22.4375 0.125
vt -22.505209 0.125
vt 23.494791 0.124999985
vt 23.15625 0.75
vt 23.5625 0.124999985
vt 23.5625 0.12500003
vt 23.15625 0.875
vt 67.125 0.875
vt 67.0625 0.875
vt 67.0625 0.75
vt 67.125 0.75
vt 67.1875 -0.90625
vt 67.125 -0.90625
vt 67.25 -0.28125
vt 67.3125 -0.28125
vt -66.9375 -24.151041
vt -66.875 -24.151041
vt -66.875 -24.21875
vt -66.9375 -24.21875
vt 67.25 -0.09375
vt 67.1875 -0.09375
vt 67.0625 -0.84375
vt 67.125 -0.84375
vt 23.494791 0.12500003
vt 23.5625 0.125
vt 23.494791 0.125
vt -23.65625 0.1875
vt -23.84375 0.1875
vt -66.9375 0.1875
vt -65.9375 0.1875
vt -65.9375 0.125
vt -65.9375 -23.65625
vt -65.9375 -23.84375
vt -65.9375 0.625
vt -65.875 0.625
vt -65.875 0.125
vt -65.875 -23.65625
vt -65.875 -23.84375
vt -65.9375 -0.84375
vt -65.875 -0.84375
vt -65.75 -0.09375
vt -65.8125 -0.09375
vt 65.125 22.78125
vt 65.0625 22.78125
vt 65.0625 22.848959
vt 65.125 22.848959
vt -65.75 -0.28125
vt -65.6875 -0.28125
vt -65.8125 -0.90625
vt -65.875 -0.90625
vt -65.9375 0.75
vt -65.875 0.75
vt -65.875 0.875
vt -65.9375 0.875
vt 66.125 0.875
vt 66.0625 0.875
vt 66.0625 0.75
vt 66.125 0.75
vt 66.1875 -0.90625
vt 66.125 -0.90625
vt 66 -0.28125
vt 66.0625 -0.28125
vt -65.6875 -24.151041
vt -65.625 -24.151041
vt -65.625 -24.21875
vt -65.6875 -24.21875
vt 66 -0.09375
vt 65.9375 -0.09375
vt 66.0625 -0.84375
vt 66.125 -0.84375
vt -66 1.1875
vt -65.875 1.1875
vt -65.875 1.125
vt -66 1.125
vt -66 -23.5625
vt -65.875 -23.5625
vt -65.875 -23.9375
vt -66 -23.9375
vt -22.625 0.625
vt -22.5 0.625
vt -22.5 0.6875
vt -22.5625 0.6875
vt -66.875 0.6875
vt -65.875 0.6875
vt -66.875 -22.5
vt -65.875 -22.5
vt -65.875 -22.625
vt -66.875 -22.625
vt -66.875 -22.5625
vt -65.875 -22.5625
vt -66.875 22.75
vt -65.875 22.75
vt -65.875 22.6875
vt -66.875 22.6875
vt -22.5 1.375
vt -22.5625 1.375
vt -22.5 1.4583334
vt -22.5625 1.4583334
vt -65.91666 -22.5625
vt -65.91666 -22.5
vt -65.99999 -22.5
vt -65.99999 -22.5625
vt -66.875 1.375
vt -66.833336 1.4583334
vt -66.75 1.5
vt -66 1.5
vt -65.916664 1.4583334
vt -65.875 1.375
vt -66.75 -22.5625
vt -66 -22.5625
vt -66 -22.5
vt -66.75 -22.5
vt -66.83334 -22.5625
vt -66.75001 -22.5625
vt -66.75001 -22.5
vt -66.83334 -22.5
vt -23.375 0.125
vt -22.75 0.125
vt -23.375 0.25
vt -66.875 22.4375
vt -65.875 22.4375
vt -65.875 22.5625
vt -66.875 22.5625
vt -66.875 -22.75
vt -65.875 -22.75
vt -65.875 -23.375
vt -66.875 -23.375
vt -65.875 0.25
vt -66.875 0.25
vt -23.5 0.25
vt -23.5 0.125
vt -23.525002 0.5
vt -23.525002 0.625
vt -23.608335 0.625
vt -23.608335 0.53125
vt -65.6 0.53125
vt -65.51666 0.5
vt -65.51666 0.59375
vt -65.6 0.59375
vt -65.875 -23.5
vt -66.875 -23.5
vt -66.833336 -23.583334
vt -66.75 -23.625
vt -66 -23.625
vt -65.916664 -23.583334
vt -66.833336 -23.597876
vt -65.916664 -23.597876
vt -66 -23.639542
vt -66.75 -23.639542
vt -66.75 0.1875
vt -66 0.1875
vt -66 0.25
vt -66.75 0.25
vt -66.96416 1.26334
vt -66.88082 1.29459
vt -66.88082 1.35709
vt -66.96416 1.35709
vt -24.20226 1.1863098
vt -24.285593 1.2175598
vt -24.285593 1.3113098
vt -24.20226 1.3113098
vt 25.34375 0.125
vt 25.15625 0.125
vt 25.15625 0.625
vt 25.34375 0.625
vt 66.125 0.625
vt 66.0625 0.625
vt 66.0625 0.125
vt 66.125 0.125
vt 66.125 25.15625
vt 66.0625 25.15625
vt 66.0625 25.34375
vt 66.125 25.34375
vt 25.4375 1.125
vt 25.0625 1.125
vt 25.0625 1.1875
vt 25.4375 1.1875
vt 66.125 1.1875
vt 66 1.1875
vt 66 1.125
vt 66.125 1.125
vt 66.125 25.0625
vt 66 25.0625
vt 66 25.4375
vt 66.125 25.4375
vt 26.562496 0.125
vt 26.494787 0.125
vt 26.156246 0.875
vt 26.15625 0.75
vt 26.15625 0.875
vt 26.494791 0.12500003
vt 66.0625 25.588543
vt 66 25.588543
vt 66 25.656252
vt 66.0625 25.656252
vt 26.562498 0.12500003
vt 26.156248 0.875
vt 26.156248 0.75
vt 26.494787 0.124999985
vt 26.562496 0.124999985
vt 26.156246 0.75
vt -25.437504 0.125
vt -25.843754 0.875
vt -25.505213 0.125
vt -25.84375 0.75
vt -25.505209 0.12500003
vt -25.84375 0.875
vt 66.125 24.781248
vt 66.0625 24.781248
vt 66.0625 24.848957
vt 66.125 24.848957
vt -25.843752 0.75
vt -25.843752 0.875
vt -25.437502 0.12500003
vt -25.843754 0.75
vt -25.437504 0.124999985
vt -25.505213 0.124999985
vt 25.15625 0.1875
vt 25.34375 0.1875
vt 67.0625 0.1875
vt 66.0625 0.1875
vt 67.0625 0.125
vt 67.0625 25.15625
vt 67.0625 25.34375
vt 67.125 0.625
vt 67.0625 0.625
vt 67.125 0.125
vt 67.125 25.15625
vt 67.125 25.34375
vt -66.9375 -26.151043
vt -66.875 -26.151043
vt -66.875 -26.218752
vt -66.9375 -26.218752
vt 67.375 24.781248
vt 67.3125 24.781248
vt 67.3125 24.848957
vt 67.375 24.848957
vt 67.125 1.1875
vt 67 1.1875
vt 67 1.125
vt 67.125 1.125
vt 67.125 25.0625
vt 67 25.0625
vt 67 25.4375
vt 67.125 25.4375
vt 26.5 0.625
vt 26.375 0.625
vt 26.4375 0.6875
vt 26.5 0.6875
vt 67.125 -26.3125
vt 66.125 -26.3125
vt 66.125 -26.25
vt 67.125 -26.25
vt 67.125 26.375
vt 66.125 26.375
vt 66.125 26.5
vt 67.125 26.5
vt 66.125 26.4375
vt 67.125 26.4375
vt 66.125 0.6875
vt 67.125 0.6875
vt 26.4375 1.375
vt 26.5 1.375
vt 26.4375 1.4583334
vt 26.5 1.4583334
vt 66.16666 26.5
vt 66.16666 26.4375
vt 66.24999 26.4375
vt 66.24999 26.5
vt 67.125 1.375
vt 67.083336 1.4583334
vt 67 1.5
vt 66.25 1.5
vt 66.166664 1.4583334
vt 66.125 1.375
vt 67 26.5
vt 66.25 26.5
vt 66.25 26.4375
vt 67 26.4375
vt 67.08334 26.5
vt 67.00001 26.5
vt 67.00001 26.4375
vt 67.08334 26.4375
vt 26.25 0.125
vt 25.625 0.125
vt 25.625 0.25
vt 26.375 0.25
vt 67.125 0.25
vt 66.125 0.25
vt 67.125 25.625
vt 66.125 25.625
vt 66.125 26.25
vt 67.125 26.25
vt 67.125 -26.4375
vt 66.125 -26.4375
vt 66.125 -26.5625
vt 67.125 -26.5625
vt 25.5 0.125
vt 25.5 0.25
vt 24.797739 1.3113098
vt 24.797739 1.1863098
vt 24.714405 1.2175598
vt 24.714405 1.3113098
vt 66.03584 1.35709
vt 66.03584 1.26334
vt 66.11918 1.29459
vt 66.11918 1.35709
vt 67 0.25
vt 66.25 0.25
vt 66.25 0.1875
vt 67 0.1875
vt 67 25.36046
vt 66.25 25.36046
vt 66.166664 25.402126
vt 67.083336 25.402126
vt 67.083336 25.416664
vt 66.166664 25.416664
vt 66.125 25.499998
vt 67.125 25.499998
vt 67.125 25.5
vt 66.125 25.5
vt 67.125 25.624998
vt 66.125 25.624998
vt 66.25 25.374998
vt 67 25.374998
vt 67.48334 0.59375
vt 67.4 0.59375
vt 67.4 0.53125
vt 67.48334 0.5
vt 25.475 0.625
vt 25.391666 0.625
vt 25.391666 0.53125
vt 25.475 0.5
vt -24.65625 1.25
vt -24.28125 1.25
vt -24.25 1.3125
vt -24.6875 1.3125
vt 67.375 1.3125
vt 67.0625 1.3125
vt 67.09375 1.25
vt 67.34375 1.25
vt -24.28125 67.34375
vt -24.28125 67.09375
vt -24.65625 67.09375
vt -24.65625 67.34375
vt -24.6875 67.375
vt -24.6875 67.0625
vt -24.25 67.0625
vt -24.25 67.375
vt -24.656248 1.3125
vt -24.249998 1.3125
vt -24.656248 1.4866072
vt -24.65625 1.4866072
vt -24.4375 1.5
vt -24.65625 1.5
vt -24.4375 67.3125
vt -24.4375 67.125
vt -24.65625 67.0625
vt -24.65625 67.375
vt -24.65625 67.36719
vt -24.65625 67.07031
vt 67.0625 1.4866072
vt 67.07031 1.5
vt 67.36719 1.5
vt 67.375 1.4866072
vt -24.656252 1.3125
vt -24.656252 1.4866072
vt -24.687502 1.3125
vt -24.687498 1.3125
vt -24.687498 1.5
vt -24.687502 1.5
vt -24.656252 1.5
vt -2.1116073 67.375
vt -2.125 67.36719
vt -2.125 67.07031
vt -2.1116073 67.0625
vt -1.9375001 67.0625
vt -1.9375001 67.375
vt -24.6875 67.34375
vt -24.6875 67.09375
vt 67.09375 1.5
vt 67.34375 1.5
vt -24.5 2.25
vt -24.5 2.3125
vt -24.625 2.3125
vt -24.625 2.25
vt -24.625 67.15625
vt -24.625 66.9375
vt -24.5 66.9375
vt -24.5 67.15625
vt 67.15625 1.34375
vt 66.9375 1.3125
vt 66.9375 1.25
vt 67.15625 1.2734375
vt -24.03125 66.75
vt -24.03125 66.53125
vt -24.15625 66.53125
vt -24.15625 66.75
vt -24.65625 0.8046875
vt -24.65625 0.875
vt -24.53125 0.875
vt -24.53125 0.8046875
vt -24.5 2.2857141
vt -24.625 2.2857141
vt -24.625 66.83036
vt -24.5 66.83036
vt 66.83036 1.2857143
vt 66.8125 1.25
vt -24.5 66.8125
vt -24.625 66.8125
vt -24.53125 0.78125
vt -24.65625 0.78125
vt -24.65625 0.84375
vt -24.53125 0.84375
vt 25.57087 1.9531446
vt 25.44146 1.9531446
vt 25.44146 2.0156446
vt 25.57087 2.0156446
vt 55.54269 24.84375
vt 55.54269 24.71875
vt 55.491657 24.71875
vt 55.491657 24.84375
vt -66.25596 -15.7047415
vt -66.135216 -15.672389
vt -66.11904 -15.732759
vt -66.171326 -15.779121
vt -66.20151 -15.787209
vt -66.24787 -15.734927
vt 24.375 -69.20311
vt 24.375 -69.17075
vt 24.5 -69.17075
vt 24.5 -69.20311
vt 69.635574 25.0625
vt 69.506165 25.0625
vt 69.506165 24.9375
vt 69.635574 24.9375
vt 1.6364374 24.9375
vt 1.5854064 24.9375
vt 1.5854064 25.0625
vt 1.6364374 25.0625
vt 24.375 1.2992698
vt 24.375 1.2619125
vt 24.5 1.2619125
vt 24.5 1.2992698
vt 24.96875 1.5625
vt 24.9375 1.5625
vt 24.9375 1.59375
vt 24.96875 1.59375
vt 67.59375 1.59375
vt 67.5625 1.59375
vt 67.5625 1.5625
vt 67.65625 1.5625
vt 67.65625 24.9375
vt 67.5625 24.9375
vt 67.5625 24.96875
vt 67.65625 24.96875
vt 67.59375 24.96875
vt 67.59375 24.9375
vt 66.890625 24.578125
vt 66.890625 24.546875
vt 66.953125 24.546875
vt 66.953125 24.578125
vt 67.015625 24.546875
vt 67.015625 24.578125
vt 67.75 1.59375
vt 67.71875 1.59375
vt 67.75 1.5625
vt 67.75 24.9375
vt 67.75 24.96875
vt 67.71875 24.96875
vt 67.71875 24.9375
vt -24.625 1.2619125
vt -24.5 1.2619125
vt -24.5 1.2992698
vt -24.625 1.2992698
vt 1.5854064 -25.0625
vt 1.5854064 -24.9375
vt 1.6364374 -24.9375
vt 1.6364374 -25.0625
vt 64.864784 18.32761
vt 64.74405 18.295258
vt 64.75214 18.265074
vt 64.79849 18.212791
vt 64.82868 18.220879
vt 64.88097 18.26724
vt -24.5 69.82925
vt -24.5 69.7969
vt -24.625 69.7969
vt -24.625 69.82925
vt -69.493835 -25.0625
vt -69.364426 -25.0625
vt -69.364426 -24.9375
vt -69.493835 -24.9375
vt -55.508343 -24.15625
vt -55.45731 -24.15625
vt -55.45731 -24.28125
vt -55.508343 -24.28125
vt -25.42913 2.0156446
vt -25.42913 1.9531446
vt -25.55854 1.9531446
vt -25.55854 2.0156446
vt -24.59375 -2.40625
vt -24.59375 -2.34375
vt -24.46875 -2.34375
vt -24.46875 -2.40625
vt -67.16964 1.2857143
vt -67.0625 1.3125
vt -67.0625 1.25
vt -67.1875 1.25
vt 24.375 -67.1875
vt 24.375 -67.0625
vt 24.5 -67.0625
vt 24.5 -67.1875
vt -67.20089 -24.53125
vt -67.09375 -24.53125
vt -67.09375 -24.40625
vt -67.20089 -24.40625
vt -24.5625 -0.875
vt -24.5625 -0.91071427
vt -24.4375 -0.91071427
vt -24.4375 -0.875
vt -24.59375 -2.4375
vt -24.59375 -2.3671875
vt -24.46875 -2.3671875
vt -24.46875 -2.4375
vt 24.84375 -67.46875
vt 24.84375 -67.25
vt 24.96875 -67.25
vt 24.96875 -67.46875
vt -66.84375 1.34375
vt -66.84375 1.2734375
vt 24.5 -66.84375
vt 24.375 -66.84375
vt -24.4375 -0.9375
vt -24.5625 -0.9375
vt 24.0625 1.3125
vt 23.3125 1.3125
vt 23.3125 1.34375
vt 24.0625 1.34375
vt 66.375 1.34375
vt 65.875 1.34375
vt 65.875 1.3125
vt 66.375 1.3125
vt 66.375 23.3125
vt 65.875 23.3125
vt 65.875 24.0625
vt 66.375 24.0625
vt 25.3125 1.3125
vt 25.28125 1.3125
vt 25.28125 1.375
vt 25.3125 1.375
vt 67.1875 1.375
vt 66.84375 1.375
vt 66.84375 1.3125
vt 67.1875 1.3125
vt 67.1875 25.28125
vt 66.84375 25.28125
vt 66.84375 25.3125
vt 67.1875 25.3125
vt 25.0625 1.3125
vt 25.0625 1.34375
vt 25.3125 1.34375
vt 67.1875 1.34375
vt 66.84375 1.34375
vt 67.1875 25.0625
vt 66.84375 25.0625
vt 25.125 1.3125
vt 25.125 1.34375
vt 66.875 1.34375
vt 66.8125 1.34375
vt 66.8125 1.3125
vt 66.90625 1.3125
vt 66.90625 25.0625
vt 66.8125 25.0625
vt 66.8125 25.125
vt 66.90625 25.125
vt 66.875 25.125
vt 66.875 25.0625
vt 66.0625 24.34375
vt 66.0625 24.28125
vt 66.09375 24.28125
vt 66.09375 24.34375
vt 66.84375 25.125
vt 67.1875 25.125
vt 66.09375 24.40625
vt 66.125 24.34375
vt 66.125 24.40625
vt 67.0625 1.40625
vt 67.03125 1.40625
vt 67 1.375
vt 67.09375 1.375
vt 67.09375 25.0625
vt 67 25.125
vt 67.09375 25.125
vt 67.0625 25.125
vt 67.03125 25.125
vt 67.03125 25.0625
vt 67.0625 25.0625
vt 66.0625 24.40625
vt 67.09375 24.34375
vt 67.09375 24.28125
vt 67.125 24.28125
vt 67.125 24.34375
vt 66.9375 1.34375
vt 66.9375 25.0625
vt 66.9375 25.125
vt 24.46875 1.3125
vt 24.46875 1.375
vt 24.4375 1.3125
vt 65.65625 1.375
vt 65.09375 1.375
vt 65.09375 1.3125
vt 65.65625 1.3125
vt 65.6875 24.46875
vt 65.65625 24.4375
vt 65.09375 24.4375
vt 65.0625 24.46875
vt 65.0625 25.28125
vt 65.09375 25.3125
vt 65.65625 25.3125
vt 65.6875 25.28125
vt 24.59375 1.34375
vt 24.46875 1.34375
vt 24.46875 1.46875
vt 24.489584 1.4895834
vt 24.53125 1.5
vt 24.572916 1.4895834
vt 24.59375 1.46875
vt 64.40625 1.46875
vt 64.375 1.46875
vt 64.375 1.34375
vt 64.40625 1.34375
vt 64.40625 23.489586
vt 64.375 23.489586
vt 64.375 23.468752
vt 64.40625 23.468752
vt 64.40625 23.531252
vt 64.375 23.531252
vt 64.40625 24.46875
vt 64.375 24.46875
vt 64.375 24.59375
vt 64.40625 24.59375
vt 64.40625 24.572916
vt 64.375 24.572916
vt 64.375 24.53125
vt 64.40625 24.53125
vt 64.40625 24.489586
vt 64.375 24.489586
vt 64.375 24.468752
vt 64.40625 24.468752
vt 64.40625 24.531252
vt 64.375 24.531252
vt 64.40625 24.572914
vt 64.375 24.572914
vt 64.375 24.531248
vt 64.40625 24.531248
vt 64.40625 24.593748
vt 64.375 24.593748
vt 24.5625 1.34375
vt 24.5625 1.5
vt 64.375 24.5625
vt 64.40625 24.5625
vt 64.40625 25.25
vt 64.375 25.25
vt 64.375 25.21875
vt 64.40625 25.21875
vt 64.40625 1.375
vt 64.375 1.375
vt 64.375 1.53125
vt 64.40625 1.53125
vt -65.625 1.46875
vt -65.59375 1.46875
vt -65.59375 1.34375
vt -65.625 1.34375
vt -65.625 24.489586
vt -65.59375 24.489586
vt -65.59375 24.468752
vt -65.625 24.468752
vt -65.625 24.531252
vt -65.59375 24.531252
vt -65.625 24.46875
vt -65.59375 24.46875
vt -65.59375 24.5625
vt -65.625 24.5625
vt -65.625 25.25
vt -65.59375 25.25
vt -65.59375 25.21875
vt -65.625 25.21875
vt -65.625 1.375
vt -65.59375 1.375
vt -65.59375 1.53125
vt -65.625 1.53125
vt -65.59375 24.59375
vt -65.625 24.59375
vt -65.625 24.572914
vt -65.59375 24.572914
vt -65.59375 24.531248
vt -65.625 24.531248
vt -65.625 24.593748
vt -65.59375 24.593748
vt -65.625 23.489586
vt -65.59375 23.489586
vt -65.59375 23.468752
vt -65.625 23.468752
vt -65.625 23.531252
vt -65.59375 23.531252
vt -65.625 24.572916
vt -65.59375 24.572916
vt -65.59375 24.53125
vt -65.625 24.53125
vt 24.765625 1.484375
vt 24.734375 1.484375
vt 24.734375 1.578125
vt 24.765625 1.578125
vt -65.34375 1.40625
vt -65.1875 1.40625
vt -65.15625 1.3125
vt -65.34375 1.3125
vt -65.34375 24.5
vt -65.15625 24.5
vt -65.15625 24.53125
vt -65.3125 24.53125
vt -65.333336 24.520834
vt -65.1875 24.53125
vt -65.1875 24.5
vt -65.3125 1.3125
vt -65.3125 1.40625
vt 65.520836 -1.5625
vt 65.5 -1.5625
vt 65.5 -1.65625
vt 65.520836 -1.65625
vt 24.520836 1.3125
vt 24.520836 1.40625
vt 24.500002 1.40625
vt 24.500002 1.3125
vt -64.5 -1.5625
vt -64.479164 -1.5625
vt -64.479164 -1.65625
vt -64.5 -1.65625
vt 64.8125 1.40625
vt 64.65625 1.40625
vt 64.65625 1.3125
vt 64.84375 1.3125
vt 64.84375 24.5
vt 64.65625 24.5
vt 64.666664 24.520834
vt 64.6875 24.53125
vt 64.84375 24.53125
vt 64.8125 24.53125
vt 64.8125 24.5
vt 64.6875 1.3125
vt 64.6875 1.40625
vt 24.520836 1.375
vt 24.500002 1.375
vt -64.8125 1.3125
vt -64.791664 1.3125
vt -64.791664 1.375
vt -64.8125 1.375
vt -65.34375 1.375
vt -64.78125 1.375
vt -64.78125 1.3125
vt -64.78125 24.5
vt -64.791664 24.520834
vt -64.8125 24.53125
vt -65.3125 1.375
vt 65.208336 1.3125
vt 65.1875 1.3125
vt 65.1875 1.375
vt 65.208336 1.375
vt 9.6875 0.3125
vt 9.5625 0.3125
vt 9.5625 2.5
vt 9.6875 2.5
vt -15.5 2.5
vt -10.5 2.5
vt -10.5 0.3125
vt -15.5 0.3125
vt -15.5 -9.5625
vt -10.5 -9.5625
vt -10.5 -9.6875
vt -15.5 -9.6875
vt 9.6875 -15.5
vt 9.6875 -10.5
vt 9.5625 -10.5
vt 9.5625 -15.5
vt -1.203125 0.1875
vt -1.1875 0.1875
vt -1.1875 0.3125
vt -1.203125 0.3125
vt -1.9375 0.3125
vt -1.3125 0.3125
vt -1.3125 0.1875
vt -1.9375 0.1875
vt -1.9375 -9.5625
vt -1.3125 -9.5625
vt -1.3125 -9.6875
vt -1.9375 -9.6875
vt 9.6875 -0
vt 9.5625 -0
vt 9.5625 0.1875
vt 9.6875 0.1875
vt -13.0625 0.1875
vt -12.9375 0.1875
vt -12.9375 -0
vt -13.0625 -0
vt 9.5625 -13.0625
vt 9.5625 -12.9375
vt 9.6875 -12.9375
vt 9.6875 -13.0625
vt -15.5 0.1875
vt -15.375 0.1875
vt -15.375 -0
vt -15.5 -0
vt 9.5625 -15.375
vt 9.6875 -15.375
vt -10.625 0.1875
vt -10.5 0.1875
vt -10.5 -0
vt -10.625 -0
vt 9.5625 -10.625
vt 9.6875 -10.625
vt 3.0625 -0
vt 2.9375 -0
vt 2.9375 0.1875
vt 3.0625 0.1875
vt -1.5 0.1875
vt -1.375 0.1875
vt -1.375 -0
vt 2.9375 -1.5
vt 2.9375 -1.375
vt 3.0625 -1.375
vt 3.0625 -1.5
vt 6.5 -0
vt 6.375 -0
vt 6.375 0.1875
vt 6.5 0.1875
vt 6.375 -1.5
vt 6.375 -1.375
vt 6.5 -1.375
vt 6.5 -1.5
vt 6.5 0.3125
vt -0.5 0.3125
vt -0.5 2.5
vt 6.5 2.5
vt -1.5 2.5
vt -1.375 2.5
vt -1.375 0.3125
vt -1.5 0.3125
vt -0.5 -1.5
vt -0.5 -1.375
vt 0.8125 0.1875
vt -0.0625 0.1875
vt -0.0625 0.3125
vt 0.8125 0.3125
vt -0.203125 0.3125
vt -0.1875 0.3125
vt -0.1875 0.1875
vt -0.203125 0.1875
vt -0.0625 -1.5
vt -0.0625 -1.375
vt 0.8125 -1.375
vt 0.8125 -1.5
vt -0.375 -0
vt -0.5 -0
vt -0.5 0.1875
vt -0.375 0.1875
vt -0.375 -1.375
vt -0.375 -1.5
vt -3.84375 0.125
vt -3.65625 0.125
vt -3.65625 0.625
vt -3.84375 0.625
vt -5.9375 0.625
vt -5.875 0.625
vt -5.875 0.125
vt -5.9375 0.125
vt -5.9375 -3.65625
vt -5.875 -3.65625
vt -5.875 -3.84375
vt -5.9375 -3.84375
vt -3.9375 1.125
vt -3.5625 1.125
vt -3.5625 1.1875
vt -3.9375 1.1875
vt -6 1.1875
vt -5.875 1.1875
vt -5.875 1.125
vt -6 1.125
vt -6 -3.5625
vt -5.875 -3.5625
vt -5.875 -3.9375
vt -6 -3.9375
vt -3.5052083 0.124999985
vt -3.4375 0.124999985
vt -3.84375 0.75
vt -3.8437502 0.75
vt -3.4375002 0.12500003
vt -3.8437502 0.875
vt -5.9375 -0.84375
vt -5.875 -0.84375
vt -6 -0.09375
vt -6.0625 -0.09375
vt -6 -3.3437498
vt -5.9375 -3.3437498
vt -5.9375 -3.411458
vt -6 -3.411458
vt -6 -0.28125
vt -5.9375 -0.28125
vt -5.8125 -0.90625
vt -5.875 -0.90625
vt -5.9375 0.75
vt -5.875 0.75
vt -5.875 0.875
vt -5.9375 0.875
vt -3.5052083 0.12500003
vt -3.84375 0.875
vt -3.4375 0.125
vt -3.5052083 0.125
vt 4.4947915 0.124999985
vt 4.15625 0.75
vt 4.5625 0.124999985
vt 4.5625 0.12500003
vt 4.15625 0.875
vt 6.125 0.875
vt 6.0625 0.875
vt 6.0625 0.75
vt 6.125 0.75
vt 6.1875 -0.90625
vt 6.125 -0.90625
vt 6.25 -0.28125
vt 6.3125 -0.28125
vt -5.9375 -4.1510415
vt -5.875 -4.1510415
vt -5.875 -4.21875
vt -5.9375 -4.21875
vt 6.25 -0.09375
vt 6.1875 -0.09375
vt 6.0625 -0.84375
vt 6.125 -0.84375
vt 4.4947915 0.12500003
vt 4.5625 0.125
vt 4.4947915 0.125
vt -3.65625 0.1875
vt -3.84375 0.1875
vt -5.9375 0.1875
vt -4.9375 0.1875
vt -4.9375 0.125
vt -4.9375 -3.65625
vt -4.9375 -3.84375
vt -4.9375 0.625
vt -4.875 0.625
vt -4.875 0.125
vt -4.875 -3.65625
vt -4.875 -3.84375
vt -4.9375 -0.84375
vt -4.875 -0.84375
vt -4.75 -0.09375
vt -4.8125 -0.09375
vt 5.125 2.7812498
vt 5.0625 2.7812498
vt 5.0625 2.848958
vt 5.125 2.848958
vt -4.75 -0.28125
vt -4.6875 -0.28125
vt -4.8125 -0.90625
vt -4.875 -0.90625
vt -4.9375 0.75
vt -4.875 0.75
vt -4.875 0.875
vt -4.9375 0.875
vt 5.0625 0.875
vt 5.0625 0.75
vt 5.125 0.75
vt 5.1875 -0.90625
vt 5.125 -0.90625
vt 5 -0.28125
vt 5.0625 -0.28125
vt -4.6875 -4.1510415
vt -4.625 -4.1510415
vt -4.625 -4.21875
vt -4.6875 -4.21875
vt 5 -0.09375
vt 4.9375 -0.09375
vt 5.0625 -0.84375
vt 5.125 -0.84375
vt -5 1.1875
vt -4.875 1.1875
vt -4.875 1.125
vt -5 1.125
vt -5 -3.5625
vt -4.875 -3.5625
vt -4.875 -3.9375
vt -5 -3.9375
vt -3.625 0.625
vt -3.5 0.625
vt -3.5 0.6875
vt -3.5625 0.6875
vt -5.875 0.6875
vt -4.875 0.6875
vt -5.875 -3.5
vt -4.875 -3.5
vt -4.875 -3.625
vt -5.875 -3.625
vt -5.875 3.75
vt -4.875 3.75
vt -4.875 3.6875
vt -5.875 3.6875
vt -3.5 1.375
vt -3.5625 1.375
vt -3.5 1.4583334
vt -3.5625 1.4583334
vt -4.9166613 -3.5625
vt -4.9166613 -3.5
vt -4.9999948 -3.5
vt -4.9999948 -3.5625
vt -5.875 1.375
vt -5.8333335 1.4583334
vt -5.75 1.5
vt -5 1.5
vt -4.9166665 1.4583334
vt -4.875 1.375
vt -5.75 -3.5625
vt -5 -3.5
vt -5.75 -3.5
vt -5.8333387 -3.5625
vt -5.7500052 -3.5625
vt -5.7500052 -3.5
vt -5.8333387 -3.5
vt -4.375 0.125
vt -3.75 0.125
vt -3.625 0.25
vt -4.375 0.25
vt -5.875 3.4375
vt -4.875 3.4375
vt -4.875 3.5625
vt -5.875 3.5625
vt -5.875 -3.75
vt -4.875 -3.75
vt -4.875 -4.375
vt -5.875 -4.375
vt -4.875 0.25
vt -5.875 0.25
vt -4.5 0.25
vt -4.5 0.125
vt -4.5250015 0.5
vt -4.5250015 0.625
vt -4.608335 0.625
vt -4.608335 0.53125
vt -5.600001 0.53125
vt -5.5166674 0.5
vt -5.5166674 0.59375
vt -5.600001 0.59375
vt -4.875 -4.5
vt -5.875 -4.5
vt -5.8333335 -4.5833335
vt -5.75 -4.625
vt -5 -4.625
vt -4.9166665 -4.5833335
vt -5.8333335 -4.597875
vt -4.9166665 -4.597875
vt -5 -4.6395416
vt -5.75 -4.6395416
vt -5.75 0.1875
vt -5 0.1875
vt -5 0.25
vt -5.75 0.25
vt -5.9641523 1.26334
vt -5.880819 1.29459
vt -5.880819 1.35709
vt -5.9641523 1.35709
vt -4.202259 1.1863098
vt -4.2855926 1.2175598
vt -4.2855926 1.3113098
vt -4.202259 1.3113098
vt 5.0625 1.3125
vt 4.3125 1.3125
vt 4.3125 1.34375
vt 5.0625 1.34375
vt 6.375 1.34375
vt 5.875 1.34375
vt 5.875 1.3125
vt 6.375 1.3125
vt 6.375 4.3125
vt 5.875 4.3125
vt 5.875 5.0625
vt 6.375 5.0625
vt 5.28125 1.375
vt 5.28125 1.3125
vt 4.46875 1.3125
vt 4.46875 1.375
vt 4.4375 1.3125
vt 4.4375 1.375
vt 5.3125 1.3125
vt 5.3125 1.375
vt 5.65625 1.375
vt 5.09375 1.375
vt 5.09375 1.3125
vt 5.65625 1.3125
vt 5.6875 4.46875
vt 5.65625 4.4375
vt 5.09375 4.4375
vt 5.0625 4.46875
vt 5.0625 5.28125
vt 5.09375 5.3125
vt 5.65625 5.3125
vt 5.6875 5.28125
vt 4.59375 1.34375
vt 4.46875 1.34375
vt 4.46875 1.46875
vt 4.4895835 1.4895834
vt 4.53125 1.5
vt 4.5729165 1.4895834
vt 4.59375 1.46875
vt 5.40625 1.46875
vt 5.375 1.46875
vt 5.375 1.34375
vt 5.40625 1.34375
vt 5.40625 4.4895854
vt 5.375 4.4895854
vt 5.375 4.468752
vt 5.40625 4.468752
vt 5.40625 4.531252
vt 5.375 4.531252
vt 5.40625 4.46875
vt 5.375 4.46875
vt 5.375 4.59375
vt 5.40625 4.59375
vt 5.40625 4.5729165
vt 5.375 4.5729165
vt 5.375 4.53125
vt 5.40625 4.53125
vt 5.40625 4.5729146
vt 5.375 4.5729146
vt 5.375 4.531248
vt 5.40625 4.531248
vt 5.40625 4.593748
vt 5.375 4.593748
vt 5.5625 1.34375
vt 5.46875 1.34375
vt 5.46875 1.46875
vt 5.4895835 1.4895834
vt 5.53125 1.5
vt 5.5625 1.5
vt 5.40625 5.4895854
vt 5.375 5.4895854
vt 5.375 5.468752
vt 5.40625 5.468752
vt 5.40625 5.531252
vt 5.375 5.531252
vt 5.40625 5.46875
vt 5.375 5.46875
vt 5.375 5.5625
vt 5.40625 5.5625
vt 5.40625 5.25
vt 5.375 5.25
vt 5.375 5.21875
vt 5.40625 5.21875
vt 5.40625 1.375
vt 5.375 1.53125
vt 5.40625 1.53125
vt -5.625 1.46875
vt -5.59375 1.46875
vt -5.59375 1.34375
vt -5.625 1.34375
vt -5.625 5.4895854
vt -5.59375 5.4895854
vt -5.59375 5.468752
vt -5.625 5.468752
vt -5.625 5.531252
vt -5.59375 5.531252
vt -5.625 5.46875
vt -5.59375 5.46875
vt -5.59375 5.5625
vt -5.625 5.5625
vt -5.625 5.25
vt -5.59375 5.25
vt -5.59375 5.21875
vt -5.625 5.21875
vt -5.625 1.375
vt -5.59375 1.375
vt -5.59375 1.53125
vt -5.625 1.53125
vt -5.625 4.4895854
vt -5.59375 4.4895854
vt -5.59375 4.468752
vt -5.625 4.468752
vt -5.625 4.531252
vt -5.59375 4.531252
vt -5.625 4.46875
vt -5.59375 4.46875
vt -5.59375 4.59375
vt -5.625 4.59375
vt -5.625 4.5729146
vt -5.59375 4.5729146
vt -5.59375 4.531248
vt -5.625 4.531248
vt -5.625 4.593748
vt -5.59375 4.593748
vt -5.625 4.5729165
vt -5.59375 4.5729165
vt -5.59375 4.53125
vt -5.625 4.53125
vt 4.765625 1.484375
vt 4.734375 1.484375
vt 4.734375 1.578125
vt 4.765625 1.578125
vt -5.34375 1.40625
vt -5.1875 1.40625
vt -5.15625 1.3125
vt -5.34375 1.3125
vt -5.3437476 5.4999995
vt -5.1562476 5.4999995
vt -5.1562476 5.5312495
vt -5.3124976 5.5312495
vt -5.333331 5.520833
vt -5.3333354 5.520833
vt -5.312502 5.5312495
vt -5.187502 5.5312495
vt -5.187502 5.4999995
vt -5.343752 5.4999995
vt -5.3125 1.3125
vt -5.3125 1.40625
vt 5.520831 -1.5625
vt 5.4999976 -1.5625
vt 5.4999976 -1.65625
vt 5.520831 -1.65625
vt 5.5208354 1.3125
vt 5.5208354 1.40625
vt 5.500002 1.40625
vt 5.500002 1.3125
vt -4.5000024 -1.5625
vt -4.479169 -1.5625
vt -4.479169 -1.65625
vt -4.5000024 -1.65625
vt 4.8125 1.40625
vt 4.65625 1.40625
vt 4.65625 1.3125
vt 4.84375 1.3125
vt 4.8437524 5.4999995
vt 4.6562524 5.4999995
vt 4.666669 5.520833
vt 4.6875024 5.5312495
vt 4.8437524 5.5312495
vt 4.812498 5.5312495
vt 4.687498 5.5312495
vt 4.6666646 5.520833
vt 4.656248 5.4999995
vt 4.812498 5.4999995
vt 4.6875 1.3125
vt 4.6875 1.40625
vt 5.5208354 1.375
vt 5.500002 1.375
vt -4.8125024 1.3125
vt -4.791669 1.3125
vt -4.791669 1.375
vt -4.8125024 1.375
vt -5.34375 1.375
vt -4.78125 1.375
vt -4.78125 1.3125
vt -5.34375 5.5
vt -4.78125 5.5
vt -4.7916665 5.5208335
vt -4.8125 5.53125
vt -5.3125 5.53125
vt -5.3333335 5.5208335
vt -4.8125 1.3125
vt -4.8125 1.375
vt -5.3125 1.375
vt 5.208331 1.3125
vt 5.1874976 1.3125
vt 5.1874976 1.375
vt 5.208331 1.375
vt 5.09375 1.1875
vt 4.71875 1.1875
vt 4.71875 1.25
vt 5.09375 1.25
vt 7.59375 1.25
vt 4.59375 1.25
vt 4.59375 1.1875
vt 7.59375 1.1875
vt 7.59375 4.71875
vt 4.59375 4.71875
vt 4.59375 5.09375
vt 7.59375 5.09375
vt 5.15625 0.25
vt 4.65625 0.25
vt 4.65625 1.25
vt 5.15625 1.25
vt 4.53125 1.25
vt 4.53125 0.25
vt 4.59375 0.25
vt 4.59375 4.65625
vt 4.53125 4.65625
vt 4.53125 5.15625
vt 4.59375 5.15625
vt -5.34375 0.0625
vt -4.46875 0.0625
vt -4.46875 1.0625
vt -5.34375 1.0625
vt 7.59375 1.0625
vt 6.84375 1.0625
vt 6.84375 0.0625
vt 7.59375 0.0625
vt -7.59375 -4.46875
vt -6.84375 -4.46875
vt -6.84375 -5.34375
vt -7.59375 -5.34375
vt -7.59375 0.0625
vt -6.84375 0.0625
vt -6.84375 1.0625
vt -7.59375 1.0625
vt 5.59375 1.25
vt 4.21875 1.25
vt 4.21875 1.3125
vt 5.59375 1.3125
vt 7.6875 1.3125
vt 4.5 1.3125
vt 4.5 1.25
vt 7.6875 1.25
vt 7.6875 4.21875
vt 4.5 4.21875
vt 4.5 5.59375
vt 7.6875 5.59375
vt 5.5625 0.0625
vt 4.25 0.0625
vt 4.25 0.25
vt 5.5625 0.25
vt 4.53125 0.0625
vt 4.59375 0.0625
vt 4.59375 4.25
vt 4.53125 4.25
vt 4.53125 5.5625
vt 4.59375 5.5625
vt -5.5625 4.59375
vt -5.5625 4.53125
vt -4.25 4.53125
vt -4.25 4.59375
vt 5.5625 -0
vt 5.4375 -0
vt 5.4375 0.0625
vt 4.53125 -0
vt 4.59375 -0
vt -5.4375 4.59375
vt -5.4375 4.53125
vt 4.53125 5.4375
vt 4.59375 5.4375
vt 4.375 -0
vt 4.25 -0
vt 4.375 0.0625
vt -4.375 4.53125
vt -4.375 4.59375
vt 4.59375 4.375
vt 4.53125 4.375
vt 7.65625 0.0625
vt 7.59375 -0
vt 7.65625 -0
vt -4.25 7.65625
vt -4.25 7.59375
vt -4.375 7.59375
vt -4.375 7.65625
vt 7.65625 4.375
vt 7.59375 4.375
vt 7.59375 4.25
vt 7.65625 4.25
vt 7.65625 1.25
vt 7.59375 0.25
vt 7.65625 0.25
vt 7.65625 4.65625
vt 7.59375 4.65625
vt 7.59375 5.15625
vt 7.65625 5.15625
vt -5.4375 7.65625
vt -5.4375 7.59375
vt -5.5625 7.59375
vt -5.5625 7.65625
vt 7.65625 5.5625
vt 7.59375 5.5625
vt 7.59375 5.4375
vt 7.65625 5.4375
vt 4.46875 -0
vt 4.46875 0.0625
vt 6.90625 0.0625
vt 6.84375 -0
vt 6.90625 -0
vt -4.46875 6.90625
vt -4.46875 6.84375
vt -4.59375 6.84375
vt -4.59375 6.90625
vt 6.90625 4.59375
vt 6.84375 4.59375
vt 6.84375 4.46875
vt 6.90625 4.46875
vt 5.34375 -0
vt 5.21875 -0
vt 5.21875 0.0625
vt 5.34375 0.0625
vt -5.21875 6.90625
vt -5.21875 6.84375
vt -5.34375 6.84375
vt -5.34375 6.90625
vt 6.90625 5.34375
vt 6.84375 5.34375
vt 6.84375 5.21875
vt 6.90625 5.21875
vt 7.53125 0.0625
vt 7.53125 -0
vt -5.21875 7.59375
vt -5.21875 7.53125
vt -5.34375 7.53125
vt -5.34375 7.59375
vt 7.59375 5.34375
vt 7.53125 5.34375
vt 7.53125 5.21875
vt 7.59375 5.21875
vt -4.46875 7.59375
vt -4.46875 7.53125
vt -4.59375 7.53125
vt -4.59375 7.59375
vt 7.59375 4.59375
vt 7.53125 4.59375
vt 7.53125 4.46875
vt 7.59375 4.46875
vt 7.1875 1.375
vt 6.84375 1.375
vt 6.84375 1.3125
vt 7.1875 1.3125
vt 7.1875 5.28125
vt 6.84375 5.28125
vt 6.84375 5.3125
vt 7.1875 5.3125
vt 5.3125 1.34375
vt 7.1875 1.34375
vt 6.84375 1.34375
vt 7.1875 5.0625
vt 6.84375 5.0625
vt 5.125 1.3125
vt 5.125 1.34375
vt 6.875 1.34375
vt 6.8125 1.34375
vt 6.8125 1.3125
vt 6.90625 1.3125
vt 6.90625 5.0625
vt 6.8125 5.0625
vt 6.8125 5.125
vt 6.90625 5.125
vt 6.875 5.125
vt 6.875 5.0625
vt 7.0625 5.34375
vt 7.0625 5.28125
vt 7.09375 5.28125
vt 7.09375 5.34375
vt 6.84375 5.125
vt 7.1875 5.125
vt 7.09375 5.40625
vt 7.125 5.34375
vt 7.125 5.40625
vt 7.0625 1.40625
vt 7.03125 1.40625
vt 7 1.375
vt 7.09375 1.375
vt 7.09375 5.0625
vt 7 5.0625
vt 7 5.125
vt 7.09375 5.125
vt 7.0625 5.125
vt 7.03125 5.125
vt 7.03125 5.0625
vt 7.0625 5.0625
vt 7.0625 5.40625
vt 7.125 5.28125
vt 6.9375 1.34375
vt 6.9375 1.3125
vt 6.9375 5.0625
vt 6.9375 5.125
vt -4.65625 1.25
vt -4.28125 1.25
vt -4.25 1.3125
vt -4.6875 1.3125
vt 7.375 1.3125
vt 7.0625 1.3125
vt 7.09375 1.25
vt 7.34375 1.25
vt -4.28125 7.34375
vt -4.28125 7.09375
vt -4.65625 7.09375
vt -4.65625 7.34375
vt -4.6875 7.375
vt -4.6875 7.0625
vt -4.25 7.0625
vt -4.25 7.375
vt -4.656248 1.3125
vt -4.249998 1.3125
vt -4.656248 1.4866072
vt -4.65625 1.4866072
vt -4.4375 1.5
vt -4.65625 1.5
vt -4.4375 7.3125
vt -4.4375 7.125
vt -4.65625 7.0625
vt -4.65625 7.375
vt -4.65625 7.3671875
vt -4.65625 7.0703125
vt 7.0625 1.4866072
vt 7.0703125 1.5
vt 7.3671875 1.5
vt 7.375 1.4866072
vt -4.656252 1.3125
vt -4.656252 1.4866072
vt -4.687502 1.3125
vt -4.687498 1.3125
vt -4.687498 1.5
vt -4.687502 1.5
vt -4.656252 1.5
vt -2.1116073 7.375
vt -2.125 7.3671875
vt -2.125 7.0703125
vt -2.1116073 7.0625
vt -1.9375001 7.0625
vt -1.9375001 7.375
vt -4.6875 7.34375
vt -4.6875 7.09375
vt 7.09375 1.5
vt 7.34375 1.5
vt -4.5 2.25
vt -4.5 2.3125
vt -4.625 2.3125
vt -4.625 2.25
vt -4.625 7.15625
vt -4.625 6.9375
vt -4.5 6.9375
vt -4.5 7.15625
vt 7.15625 1.34375
vt 6.9375 1.25
vt 7.15625 1.2734375
vt -5.03125 7.75
vt -5.03125 7.53125
vt -5.15625 7.53125
vt -5.15625 7.75
vt -4.65625 0.8046875
vt -4.65625 0.875
vt -4.53125 0.875
vt -4.53125 0.8046875
vt -4.5 2.2857141
vt -4.625 2.2857141
vt -4.625 6.9374976
vt -4.625 6.8303547
vt -4.5 6.8303547
vt -4.5 6.9374976
vt 6.937499 1.3125
vt 6.830356 1.2857143
vt 6.812499 1.25
vt 6.937499 1.25
vt -4.5 6.8125
vt -4.625 6.8125
vt -4.53125 0.78125
vt -4.65625 0.78125
vt -4.65625 0.84375
vt -4.53125 0.84375
vt 5.5708685 1.9531446
vt 5.4414587 1.9531446
vt 5.4414587 2.0156446
vt 5.5708685 2.0156446
vt 5.5426893 4.84375
vt 5.5426893 4.71875
vt 5.491658 4.71875
vt 5.491658 4.84375
vt -7.2559557 -0.7047417
vt -7.1352153 -0.6723894
vt -7.119039 -0.7327597
vt -7.171321 -0.7791211
vt -7.201506 -0.7872092
vt -7.2478676 -0.73492694
vt 4.375 -7.203104
vt 4.375 -7.1707516
vt 4.5 -7.1707516
vt 4.5 -7.203104
vt 7.6355743 5.0625
vt 7.5061646 5.0625
vt 7.5061646 4.9375
vt 7.6355743 4.9375
vt 1.6364374 4.9375
vt 1.5854064 4.9375
vt 1.5854064 5.0625
vt 1.6364374 5.0625
vt 4.375 1.2992698
vt 4.375 1.2619125
vt 4.5 1.2619125
vt 4.5 1.2992698
vt 4.96875 1.5625
vt 4.9375 1.5625
vt 4.9375 1.59375
vt 4.96875 1.59375
vt 7.59375 1.59375
vt 7.5625 1.59375
vt 7.5625 1.5625
vt 7.65625 1.5625
vt 7.65625 4.9375
vt 7.5625 4.9375
vt 7.5625 4.96875
vt 7.65625 4.96875
vt 7.59375 4.96875
vt 7.59375 4.9375
vt 7.890625 4.578125
vt 7.890625 4.546875
vt 7.953125 4.546875
vt 7.953125 4.578125
vt 8.015625 4.546875
vt 8.015625 4.578125
vt 7.75 1.59375
vt 7.71875 1.59375
vt 7.75 1.5625
vt 7.75 4.9375
vt 7.75 4.96875
vt 7.71875 4.96875
vt 7.71875 4.9375
vt -4.625 1.2619125
vt -4.5 1.2619125
vt -4.5 1.2992698
vt -4.625 1.2992698
vt 1.5854064 -5.0625
vt 1.5854064 -4.9375
vt 1.6364374 -4.9375
vt 1.6364374 -5.0625
vt 6.8647847 4.327611
vt 6.7440443 4.2952585
vt 6.752132 4.265073
vt 6.7984934 4.2127905
vt 6.8286786 4.2208786
vt 6.880961 4.2672405
vt -4.5 7.8292484
vt -4.5 7.796896
vt -4.625 7.796896
vt -4.625 7.8292484
vt -8.493835 -5.0625
vt -8.364426 -5.0625
vt -8.364426 -4.9375
vt -8.493835 -4.9375
vt -6.508342 -5.15625
vt -6.4573107 -5.15625
vt -6.4573107 -5.28125
vt -6.508342 -5.28125
vt -5.4291296 2.0156446
vt -5.4291296 1.9531446
vt -5.5585394 1.9531446
vt -5.5585394 2.0156446
vt -4.59375 -2.40625
vt -4.59375 -2.34375
vt -4.46875 -2.34375
vt -4.46875 -2.40625
vt -8.169643 1.2857143
vt -8.062501 1.3125
vt -8.062501 1.25
vt -8.187501 1.25
vt 4.375 -8.1875
vt 4.375 -8.0625
vt 4.5 -8.0625
vt 4.5 -8.1875
vt -8.200895 -4.53125
vt -8.093752 -4.53125
vt -8.093752 -4.40625
vt -8.200895 -4.40625
vt -4.5625 -0.875
vt -4.5625 -0.91071427
vt -4.4375 -0.91071427
vt -4.4375 -0.875
vt -4.59375 -2.4375
vt -4.59375 -2.3671875
vt -4.46875 -2.3671875
vt -4.46875 -2.4375
vt 4.84375 -7.46875
vt 4.84375 -7.25
vt 4.96875 -7.25
vt 4.96875 -7.46875
vt -8.0625 1.3125
vt -7.84375 1.34375
vt -7.84375 1.2734375
vt -8.0625 1.25
vt 4.5 -7.84375
vt 4.375 -7.84375
vt -4.4375 -0.9375
vt -4.5625 -0.9375
vt 6.34375 0.125
vt 6.15625 0.125
vt 6.15625 0.625
vt 6.34375 0.625
vt 6.125 0.625
vt 6.0625 0.625
vt 6.0625 0.125
vt 6.125 0.125
vt 6.125 6.15625
vt 6.0625 6.15625
vt 6.0625 6.34375
vt 6.125 6.34375
vt 6.4375 1.125
vt 6.0625 1.125
vt 6.0625 1.1875
vt 6.4375 1.1875
vt 6.125 1.1875
vt 6 1.1875
vt 6 1.125
vt 6.125 1.125
vt 6.125 6.0625
vt 6 6.0625
vt 6 6.4375
vt 6.125 6.4375
vt 6.562496 0.125
vt 6.4947877 0.125
vt 6.156246 0.875
vt 6.15625 0.75
vt 6.15625 0.875
vt 6.4947915 0.12500003
vt 6 -0.28125
vt 6.0625 -0.28125
vt 6.0625 6.588543
vt 6 6.588543
vt 6 6.6562514
vt 6.0625 6.6562514
vt 6 -0.09375
vt 5.9375 -0.09375
vt 6.5624986 0.12500003
vt 6.1562486 0.875
vt 6.1562486 0.75
vt 6.4947877 0.124999985
vt 6.562496 0.124999985
vt 6.156246 0.75
vt -5.437504 0.125
vt -5.843754 0.875
vt -5.5052123 0.125
vt -5.84375 0.75
vt -5.5052085 0.12500003
vt -5.84375 0.875
vt -6.9375 -0.84375
vt -6.875 -0.84375
vt -6.75 -0.09375
vt -6.8125 -0.09375
vt 6.125 5.7812486
vt 6.0625 5.7812486
vt 6.0625 5.848957
vt 6.125 5.848957
vt -6.75 -0.28125
vt -6.6875 -0.28125
vt -6.8125 -0.90625
vt -6.875 -0.90625
vt -6.9375 0.75
vt -6.875 0.75
vt -6.875 0.875
vt -6.9375 0.875
vt -5.8437514 0.75
vt -5.8437514 0.875
vt -5.4375014 0.12500003
vt -5.843754 0.75
vt -5.437504 0.124999985
vt -5.5052123 0.124999985
vt 6.15625 0.1875
vt 6.34375 0.1875
vt 7.0625 0.1875
vt 6.0625 0.1875
vt 7.0625 0.125
vt 7.0625 6.15625
vt 7.0625 6.34375
vt 7.125 0.625
vt 7.0625 0.625
vt 7.125 0.125
vt 7.125 6.15625
vt 7.125 6.34375
vt 7.125 0.875
vt 7.0625 0.875
vt 7.0625 0.75
vt 7.125 0.75
vt 7.1875 -0.90625
vt 7.125 -0.90625
vt 7.25 -0.28125
vt 7.3125 -0.28125
vt -7.9375 -6.151043
vt -7.875 -6.151043
vt -7.875 -6.2187514
vt -7.9375 -6.2187514
vt 7.25 -0.09375
vt 7.1875 -0.09375
vt 7.0625 -0.84375
vt 7.125 -0.84375
vt -7.9375 -0.84375
vt -7.875 -0.84375
vt -8 -0.09375
vt -8.0625 -0.09375
vt 7.375 5.7812486
vt 7.3125 5.7812486
vt 7.3125 5.848957
vt 7.375 5.848957
vt -8 -0.28125
vt -7.9375 -0.28125
vt -7.8125 -0.90625
vt -7.875 -0.90625
vt -7.9375 0.75
vt -7.875 0.75
vt -7.875 0.875
vt -7.9375 0.875
vt 7.125 1.1875
vt 7 1.1875
vt 7 1.125
vt 7.125 1.125
vt 7.125 6.0625
vt 7 6.0625
vt 7 6.4375
vt 7.125 6.4375
vt 6.5 0.625
vt 6.375 0.625
vt 6.4375 0.6875
vt 6.5 0.6875
vt 7.125 -6.3125
vt 6.125 -6.3125
vt 6.125 -6.25
vt 7.125 -6.25
vt 7.125 6.375
vt 6.125 6.375
vt 6.125 6.5
vt 7.125 6.5
vt 6.125 0.6875
vt 7.125 0.6875
vt 6.4375 1.375
vt 6.4375 1.4583334
vt 6.5 1.4583334
vt 6.1666613 6.5
vt 6.1666613 6.4375
vt 6.2499948 6.4375
vt 6.2499948 6.5
vt 7.125 1.375
vt 7.0833335 1.4583334
vt 7 1.5
vt 6.25 1.5
vt 6.1666665 1.4583334
vt 7 6.5
vt 6.25 6.5
vt 6.25 6.4375
vt 7.0833387 6.5
vt 7.0000052 6.5
vt 7.0000052 6.4375
vt 7.0833387 6.4375
vt 6.25 0.125
vt 5.625 0.125
vt 5.625 0.25
vt 6.375 0.25
vt 7.125 0.25
vt 6.125 0.25
vt 7.125 5.625
vt 6.125 5.625
vt 6.125 6.25
vt 7.125 6.25
vt 7.125 -6.4375
vt 6.125 -6.4375
vt 6.125 -6.5625
vt 7.125 -6.5625
vt 5.5 0.125
vt 5.5 0.25
vt 5.7977386 1.3113098
vt 5.7977386 1.1863098
vt 5.714405 1.2175598
vt 5.714405 1.3113098
vt 7.0358477 1.35709
vt 7.0358477 1.26334
vt 7.119181 1.29459
vt 7.119181 1.35709
vt 6.25 0.25
vt 6.25 0.1875
vt 7 0.1875
vt 7 5.36046
vt 6.25 5.36046
vt 6.1666665 5.4021263
vt 7.0833335 5.4021263
vt 7.0833335 5.416664
vt 6.1666665 5.416664
vt 6.125 5.4999976
vt 7.125 5.4999976
vt 7.125 5.5
vt 6.125 5.5
vt 7.125 5.6249986
vt 6.125 5.6249986
vt 6.125 5.4999986
vt 6.1666665 5.416665
vt 6.25 5.3749986
vt 7 5.3749986
vt 7.0833335 5.416665
vt 7.125 5.4999986
vt 7.4833326 0.59375
vt 7.399999 0.59375
vt 7.399999 0.53125
vt 7.4833326 0.5
vt 5.475 0.625
vt 5.3916664 0.625
vt 5.3916664 0.53125
vt 5.475 0.5
vt 8.0625 -0
vt 7.9375 -0
vt 7.9375 0.0625
vt 8.0625 0.0625
vt 1.625 0.0625
vt 1.5625 0.0625
vt 1.5625 -0
vt 1.625 -0
vt 1.625 7.9375
vt 1.5625 7.9375
vt 1.5625 8.0625
vt 1.625 8.0625
vt 8.75 0.25
vt 7.9375 0.25
vt 7.9375 3.5
vt 8.75 3.5
vt 1.625 3.5
vt 1.5625 3.5
vt 1.5625 0.25
vt 1.625 0.25
vt 1.9375 8.5
vt 1.875 8.5
vt 1.875 9.3125
vt 1.9375 9.3125
vt 1.625 8.75
vt 1.5625 8.75
vt 9.5 0.125
vt 9.4375 0.125
vt 9.4375 3.3125
vt 9.5 3.3125
vt 3.5625 3.3125
vt 1.3125 3.3125
vt 1.3125 0.125
vt 3.5625 0.125
vt 4.1875 9.4375
vt 1.9375 9.4375
vt 1.9375 9.5
vt 4.1875 9.5
vt 3.5625 8.75
vt 1.3125 8.75
vt 1.3125 8.6875
vt 3.5625 8.6875
vt 8.75 0.125
vt 7.9375 0.125
vt 1.5625 0.125
vt 1.625 0.125
vt 8.75 -0
vt 8.625 -0
vt 8.625 0.0625
vt 8.75 0.0625
vt 1.625 8.625
vt 1.5625 8.625
vt 3.625 3.5
vt 3.5625 3.5
vt 3.5625 0.25
vt 3.625 0.25
vt 3.9375 8.5
vt 3.875 8.5
vt 3.875 9.3125
vt 3.9375 9.3125
vt 3.625 8.75
vt 3.5625 7.9375
vt 3.625 7.9375
vt 3.625 0.125
vt 3.625 0.0625
vt 3.5625 0.0625
vt 3.5625 -0
vt 3.625 -0
vt 3.5625 8.0625
vt 3.625 8.0625
vt 3.625 8.625
vt 3.5625 8.625
vt 8.5 0.125
vt 7.6875 0.125
vt 7.6875 0.1875
vt 8.5 0.1875
vt 3.5625 0.1875
vt 1.3125 0.1875
vt 4.1875 7.6875
vt 1.9375 7.6875
vt 4.1875 8.5
vt 1.3125 7.9375
vt 8.5 1.125
vt 7.6875 1.125
vt 7.6875 1.1875
vt 8.5 1.1875
vt 3.5625 1.1875
vt 1.3125 1.1875
vt 1.3125 1.125
vt 3.5625 1.125
vt 8.5 2.125
vt 7.6875 2.125
vt 7.6875 2.1875
vt 8.5 2.1875
vt 3.5625 2.1875
vt 1.3125 2.1875
vt 1.3125 2.125
vt 3.5625 2.125
vt 4.625 0.0625
vt 4.5625 0.0625
vt 4.5625 -0
vt 4.625 -0
vt 4.625 7.9375
vt 4.5625 7.9375
vt 4.5625 8.0625
vt 4.625 8.0625
vt 4.625 3.5
vt 4.5625 3.5
vt 4.5625 0.25
vt 4.625 0.25
vt 4.625 8.75
vt 4.5625 8.75
vt 6.5625 3.3125
vt 4.3125 3.3125
vt 4.3125 0.125
vt 6.5625 0.125
vt 6.1875 9.4375
vt 3.9375 9.4375
vt 3.9375 9.5
vt 6.1875 9.5
vt 6.5625 8.75
vt 4.3125 8.75
vt 4.3125 8.6875
vt 6.5625 8.6875
vt 4.625 0.125
vt 4.625 8.625
vt 4.5625 8.625
vt 6.625 3.5
vt 6.5625 3.5
vt 6.5625 0.25
vt 6.625 0.25
vt 6.9375 8.5
vt 6.875 8.5
vt 6.875 9.3125
vt 6.9375 9.3125
vt 6.625 8.75
vt 6.5625 7.9375
vt 6.625 7.9375
vt 6.625 0.125
vt 6.625 0.0625
vt 6.5625 0.0625
vt 6.5625 -0
vt 6.625 -0
vt 6.5625 8.0625
vt 6.625 8.0625
vt 6.625 8.625
vt 6.5625 8.625
vt 6.5625 0.1875
vt 4.3125 0.1875
vt 6.1875 7.6875
vt 3.9375 7.6875
vt 6.1875 8.5
vt 4.3125 7.9375
vt 6.5625 1.1875
vt 4.3125 1.1875
vt 4.3125 1.125
vt 6.5625 1.125
vt 6.5625 2.1875
vt 4.3125 2.1875
vt 4.3125 2.125
vt 6.5625 2.125
vt 6.625 1.25
vt 2.75 1.25
vt 2.75 1.3125
vt 6.625 1.3125
vt -14 1.3125
vt -11.6875 1.3125
vt -11.6875 1.25
vt -14 1.25
vt 2.75 -14
vt 2.75 -11.6875
vt 6.625 -11.6875
vt 6.625 -14
vt 6.53125 1.1875
vt 2.84375 1.1875
vt 2.84375 1.25
vt 6.53125 1.25
vt -13.03125 1.25
vt -12.65625 1.25
vt -12.65625 1.1875
vt -13.03125 1.1875
vt 2.84375 -13.03125
vt 2.84375 -12.65625
vt 6.53125 -12.65625
vt 6.53125 -13.03125
vt 2.84375 0.25
vt 2.78125 0.25
vt 2.78125 1.25
vt -13.09375 1.25
vt -12.59375 1.25
vt -12.59375 0.25
vt -13.09375 0.25
vt 2.78125 -13.09375
vt 2.78125 -12.59375
vt 2.84375 -12.59375
vt 2.84375 -13.09375
vt 6.59375 0.25
vt 6.53125 0.25
vt 6.59375 1.25
vt 6.53125 -13.09375
vt 6.53125 -12.59375
vt 6.59375 -12.59375
vt 6.59375 -13.09375
vt -3.59375 0.25
vt -2.84375 0.25
vt -2.84375 1.1875
vt -3.59375 1.1875
vt 13.59375 1.1875
vt 12.09375 1.1875
vt 12.09375 0.25
vt 13.59375 0.25
vt -2.84375 13.59375
vt -2.84375 12.09375
vt -3.59375 12.09375
vt -3.59375 13.59375
vt 3.59375 1.1875
vt 3.59375 0.25
vt -6.53125 0.25
vt -5.78125 0.25
vt -5.78125 1.1875
vt -6.53125 1.1875
vt -5.78125 13.59375
vt -5.78125 12.09375
vt -6.53125 12.09375
vt -6.53125 13.59375
vt 5.78125 1.1875
vt 5.78125 0.25
vt 2.84375 0.0625
vt 2.78125 0.0625
vt -13.96875 0.25
vt -11.71875 0.25
vt -11.71875 0.0625
vt -13.96875 0.0625
vt 13.96875 2.78125
vt 11.71875 2.78125
vt 11.71875 2.84375
vt 13.96875 2.84375
vt 2.84375 -0
vt 2.78125 -0
vt -13.84375 0.0625
vt -13.84375 -0
vt -13.96875 -0
vt 13.84375 2.78125
vt 13.84375 2.84375
vt -11.84375 0.0625
vt -11.71875 -0
vt -11.84375 -0
vt 11.84375 2.78125
vt 11.84375 2.84375
vt 6.59375 -0
vt 6.53125 -0
vt 6.53125 0.0625
vt 6.59375 0.0625
vt 13.96875 6.53125
vt 13.84375 6.53125
vt 13.84375 6.59375
vt 13.96875 6.59375
vt 6.59375 -13.96875
vt 6.59375 -13.84375
vt 6.53125 -13.84375
vt 6.53125 -13.96875
vt 6.53125 -11.71875
vt 6.59375 -11.71875
vt 11.71875 6.59375
vt 11.71875 6.53125
vt 11.84375 6.53125
vt 11.84375 6.59375
vt 6.59375 -11.84375
vt 6.53125 -11.84375
vt 14.34375 0.625
vt 14.15625 0.625
vt 14.15625 0.125
vt 14.34375 0.125
vt -4.875 14.34375
vt -4.875 14.15625
vt -4.9375 14.15625
vt -4.9375 14.34375
vt 14.4375 1.1875
vt 14.0625 1.1875
vt 14.0625 1.125
vt 14.4375 1.125
vt -4.875 14.4375
vt -4.875 14.0625
vt -5 14.0625
vt -5 14.4375
vt -4.9375 -0.28125
vt -5 -0.28125
vt 14.494792 0.12500003
vt 14.15625 0.75
vt 14.15625 0.875
vt 14.494792 0.124999985
vt 14.5625 0.124999985
vt -4.9375 14.65625
vt -4.9375 14.588542
vt -5 14.588542
vt -5 14.65625
vt 14.5625 0.125
vt 14.494792 0.125
vt 14.5625 0.12500003
vt -5 -0.09375
vt -5.0625 -0.09375
vt 5.25 -0.09375
vt 5.1875 -0.09375
vt -13.84375 0.875
vt -13.4375 0.12500003
vt -13.84375 0.75
vt -13.4375 0.124999985
vt -13.505208 0.124999985
vt -4.875 13.848958
vt -4.875 13.78125
vt -4.9375 13.78125
vt -4.9375 13.848958
vt -13.505208 0.125
vt -13.4375 0.125
vt -13.505208 0.12500003
vt 5.25 -0.28125
vt 5.3125 -0.28125
vt -3.9375 0.125
vt -3.9375 0.1875
vt 14.34375 0.1875
vt 14.15625 0.1875
vt -3.9375 14.34375
vt -3.9375 14.15625
vt -3.875 0.125
vt -3.875 0.625
vt -3.9375 0.625
vt -3.875 14.34375
vt -3.875 14.15625
vt -3.9375 0.875
vt -3.9375 0.75
vt -3.875 0.75
vt -3.875 0.875
vt -3.75 -0.28125
vt -3.6875 -0.28125
vt -3.8125 -0.90625
vt -3.875 -0.90625
vt 4.0625 -15.21875
vt 4.0625 -15.151042
vt 4.125 -15.151042
vt 4.125 -15.21875
vt -3.875 -0.84375
vt -3.75 -0.09375
vt -3.8125 -0.09375
vt -3.9375 -0.84375
vt 4.125 -0.84375
vt 4 -0.09375
vt 3.9375 -0.09375
vt 4.0625 -0.84375
vt -3.625 13.848958
vt -3.625 13.78125
vt -3.6875 13.78125
vt -3.6875 13.848958
vt 4.125 -0.90625
vt 4 -0.28125
vt 4.0625 -0.28125
vt 4.1875 -0.90625
vt 4.125 0.875
vt 4.0625 0.875
vt 4.0625 0.75
vt 4.125 0.75
vt -4 1.125
vt -3.875 1.125
vt -3.875 1.1875
vt -4 1.1875
vt -3.875 14.4375
vt -3.875 14.0625
vt -4 14.0625
vt -4 14.4375
vt -4.875 -14.25
vt -3.875 -14.25
vt -3.875 -14.3125
vt -4.875 -14.3125
vt 14.5 0.6875
vt 14.4375 0.6875
vt 14.375 0.625
vt 14.5 0.625
vt -3.875 14.5
vt -3.875 14.375
vt -4.875 14.375
vt -4.875 14.5
vt -3.875 0.6875
vt -3.875 1.375
vt -3.9166665 1.4583334
vt -4 1.5
vt -4.75 1.5
vt -4.8333335 1.4583334
vt 14.5 1.375
vt 14.4375 1.375
vt 14.5 1.4583334
vt 14.4375 1.4583334
vt -3.9999943 14.5
vt -3.9999943 14.4375
vt -3.9166608 14.4375
vt -3.9166608 14.5
vt -4.75 14.5
vt -4.75 14.4375
vt -4 14.5
vt -4.833339 14.5
vt -4.833339 14.4375
vt -4.7500057 14.4375
vt -4.7500057 14.5
vt -3.875 0.25
vt 14.375 0.25
vt 13.625 0.25
vt 13.625 0.125
vt 14.25 0.125
vt -3.875 14.25
vt -3.875 13.625
vt -4.875 13.625
vt -4.875 14.25
vt -4.875 -14.5625
vt -3.875 -14.5625
vt -3.875 -14.4375
vt -4.875 -14.4375
vt -4.75 0.25
vt -4.75 0.1875
vt -4 0.1875
vt -4 0.25
vt -3.6000004 0.59375
vt -3.6000004 0.53125
vt -3.516667 0.5
vt -3.516667 0.59375
vt -4.964153 1.35709
vt -4.964153 1.26334
vt -4.8808193 1.29459
vt -4.8808193 1.35709
vt -3.9166665 13.402125
vt -4 13.360458
vt -4.75 13.360458
vt -4.8333335 13.402125
vt 13.797741 1.1863098
vt 13.714408 1.2175598
vt 13.714408 1.3113098
vt 13.797741 1.3113098
vt 13.391665 0.625
vt 13.391665 0.53125
vt 13.474998 0.5
vt 13.474998 0.625
vt -3.875 13.5
vt -3.9166665 13.416667
vt -4.8333335 13.416667
vt -4.875 13.5
vt 13.5 0.25
vt 13.5 0.125
vt -4.75 13.375
vt -4 13.375
vt 9.5 -0
vt 8 0.1875
vt 9.5 0.1875
vt 14.5 0.1875
vt 11.5 0.1875
vt 11.5 -0
vt 14.5 -0
vt 14.5 8
vt 11.5 8
vt 11.5 9.5
vt 14.5 9.5
vt 9.375 0.1875
vt 8 1.4375
vt 9.375 1.4375
vt 14.5 1.4375
vt 14.4375 1.4375
vt 14.4375 0.1875
vt 14.4375 8
vt 14.4375 9.375
vt 14.5 9.375
vt 9.5 1.1875
vt 8 1.1875
vt 8 1.25
vt 9.5 1.25
vt 14.5 1.25
vt 11.5 1.25
vt 11.5 1.1875
vt 14.5 1.1875
vt 11.5625 1.4375
vt 11.5 1.4375
vt 11.5625 0.1875
vt 11.5625 8
vt 11.5 9.375
vt 11.5625 9.375
vt 9.125 0.1875
vt 9 0.1875
vt 9.125 1.4375
vt 14.5 9
vt 11.5 9
vt 11.5 9.125
vt 14.5 9.125
vt 9.46875 0.1875
vt 8.125 0.1875
vt 8.125 0.8125
vt 9.46875 0.8125
vt 14.4375 0.8125
vt 11.5625 0.8125
vt 14.4375 8.125
vt 11.5625 8.125
vt 11.5625 9.46875
vt 14.4375 9.46875
vt 4.34375 1.25
vt 4.09375 1.25
vt 4.0625 1.3125
vt 4.375 1.3125
vt 12.75 1.3125
vt 12.3125 1.3125
vt 12.34375 1.25
vt 12.71875 1.25
vt 12.71875 4.09375
vt 12.34375 4.09375
vt 12.34375 4.34375
vt 12.71875 4.34375
vt 12.75 4.375
vt 12.3125 4.375
vt 12.3125 4.0625
vt 12.75 4.0625
vt 4.375 1.4866072
vt 4.0625 1.4866072
vt 4.0703125 1.5
vt 4.3671875 1.5
vt 12.343752 1.4866072
vt 12.343752 1.3125
vt 12.750002 1.3125
vt 12.34375 4.0625
vt 12.34375 4.375
vt 12.5625 4.3125
vt 12.34375 4.3671875
vt 12.34375 4.0703125
vt 12.5625 4.125
vt 12.5625 1.5
vt 12.34375 1.5
vt 12.34375 1.4866072
vt 4.34375 1.5
vt 4.09375 1.5
vt 12.312502 1.5
vt 12.312502 1.3125
vt 12.343748 1.5
vt 12.312498 1.5
vt 12.343748 1.4866072
vt 12.312498 1.3125
vt 12.343748 1.3125
vt 12.3125 4.34375
vt 12.3125 4.09375
vt -2.1116073 4.375
vt -2.125 4.3671875
vt -2.125 4.0703125
vt -2.1116073 4.0625
vt -1.9375001 4.0625
vt -1.9375001 4.375
vt 4.15625 1.2734375
vt 3.9375 1.25
vt 3.9375 1.3125
vt 4.15625 1.34375
vt 11.96875 3.53125
vt 11.84375 3.53125
vt 11.84375 3.75
vt 11.96875 3.75
vt 12.5 2.3125
vt 12.375 2.3125
vt 12.375 2.25
vt 12.5 2.25
vt 12.5 4.15625
vt 12.375 4.15625
vt 12.375 3.9375
vt 12.5 3.9375
vt 12.46875 0.8046875
vt 12.34375 0.8046875
vt 12.34375 0.875
vt 12.46875 0.875
vt 3.9374998 1.25
vt 3.8124998 1.25
vt 3.8303568 1.2857143
vt 3.9374998 1.3125
vt 12.5 2.2857141
vt 12.375 2.2857141
vt 12.5 3.9374979
vt 12.375 3.9374979
vt 12.375 3.830355
vt 12.5 3.830355
vt 12.5 3.8125
vt 12.375 3.8125
vt 12.46875 0.78125
vt 12.34375 0.78125
vt 12.34375 0.84375
vt 12.46875 0.84375
vt -4.2478666 0.26507318
vt -4.2015057 0.2127909
vt -4.17132 0.22087902
vt -4.1190376 0.2672404
vt -4.135214 0.32761073
vt -4.2559547 0.29525834
vt -12.55854 2.0156446
vt -12.429131 2.0156446
vt -12.429131 1.9531446
vt -12.55854 1.9531446
vt 3.4916582 -12.28125
vt 3.4916582 -12.15625
vt 3.5426893 -12.15625
vt 3.5426893 -12.28125
vt -12.625 -4.1707506
vt -12.5 -4.1707506
vt -12.5 -4.203103
vt -12.625 -4.203103
vt 3.6355753 -12.0625
vt 3.6355753 -11.9375
vt 3.5061657 -11.9375
vt 3.5061657 -12.0625
vt 1.5854064 -12.0625
vt 1.5854064 -11.9375
vt 1.6364374 -11.9375
vt 1.6364374 -12.0625
vt -12.625 1.2619125
vt -12.5 1.2619125
vt -12.5 1.2992698
vt -12.625 1.2992698
vt 4.65625 1.5625
vt 4.5625 1.5625
vt 4.5625 1.59375
vt 4.59375 1.59375
vt -12.0625 1.59375
vt -12.03125 1.59375
vt -12.03125 1.5625
vt -12.0625 1.5625
vt 4.5625 -12.0625
vt 4.5625 -12.03125
vt 4.65625 -12.03125
vt 4.65625 -12.0625
vt 4.59375 -12.0625
vt 4.59375 -12.03125
vt 3.953125 -12.453125
vt 3.953125 -12.421875
vt 3.890625 -12.421875
vt 3.890625 -12.453125
vt 4.75 1.5625
vt 4.71875 1.59375
vt 4.75 1.59375
vt 4.015625 -12.453125
vt 4.015625 -12.421875
vt 4.75 -12.03125
vt 4.75 -12.0625
vt 4.71875 -12.03125
vt 4.71875 -12.0625
vt 3.880961 3.2672403
vt 3.8286788 3.2208788
vt 3.7984936 3.2127907
vt 3.7521322 3.265073
vt 3.744044 3.2952583
vt 3.8647847 3.3276105
vt 12.5 1.2992698
vt 12.375 1.2992698
vt 12.375 1.2619125
vt 12.5 1.2619125
vt 1.6364374 12.0625
vt 1.6364374 11.9375
vt 1.5854064 11.9375
vt 1.5854064 12.0625
vt 12.5 4.796897
vt 12.375 4.796897
vt 12.375 4.8292494
vt 12.5 4.8292494
vt -4.4938345 12.0625
vt -4.4938345 11.9375
vt -4.3644247 11.9375
vt -4.3644247 12.0625
vt -3.4573107 11.84375
vt -3.4573107 11.71875
vt -3.5083418 11.71875
vt -3.5083418 11.84375
vt 12.570869 1.9531446
vt 12.44146 1.9531446
vt 12.44146 2.0156446
vt 12.570869 2.0156446
vt -4.1875 1.25
vt -4.0625 1.25
vt -4.0625 1.3125
vt -4.1696434 1.2857143
vt 12.53125 -2.40625
vt 12.40625 -2.40625
vt 12.40625 -2.34375
vt 12.53125 -2.34375
vt -12.625 -4.0625
vt -12.5 -4.0625
vt -12.5 -4.1875
vt -12.625 -4.1875
vt -4.2008953 12.59375
vt -4.2008953 12.46875
vt -4.093752 12.46875
vt -4.093752 12.59375
vt 12.5625 -0.875
vt 12.4375 -0.875
vt 12.4375 -0.91071427
vt 12.5625 -0.91071427
vt -3.84375 1.2734375
vt -3.84375 1.34375
vt 12.53125 -2.4375
vt 12.40625 -2.4375
vt 12.40625 -2.3671875
vt 12.53125 -2.3671875
vt -12.5 -3.84375
vt -12.625 -3.84375
vt 12.4375 -0.9375
vt 12.5625 -0.9375
vt -12.15625 -4.25
vt -12.03125 -4.25
vt -12.03125 -4.46875
vt -12.15625 -4.46875
vt 5.375 1.3125
vt 4.875 1.3125
vt 4.875 1.34375
vt -13.6875 1.34375
vt -12.9375 1.34375
vt -12.9375 1.3125
vt -13.6875 1.3125
vt 4.875 -13.6875
vt 4.875 -12.9375
vt 5.375 -12.9375
vt 5.375 -13.6875
vt 9.28125 1.375
vt 9.28125 1.3125
vt 8.46875 1.3125
vt 8.46875 1.375
vt 8.4375 1.3125
vt 8.4375 1.375
vt 9.3125 1.3125
vt 9.3125 1.375
vt 13.65625 1.375
vt 13.09375 1.375
vt 13.09375 1.3125
vt 13.65625 1.3125
vt 13.6875 8.46875
vt 13.65625 8.4375
vt 13.09375 8.4375
vt 13.0625 8.46875
vt 13.0625 9.28125
vt 13.09375 9.3125
vt 13.65625 9.3125
vt 13.6875 9.28125
vt 8.59375 1.34375
vt 8.46875 1.34375
vt 8.46875 1.46875
vt 8.489583 1.4895834
vt 8.53125 1.5
vt 8.572917 1.4895834
vt 8.59375 1.46875
vt 13.40625 1.46875
vt 13.375 1.46875
vt 13.375 1.34375
vt 13.40625 1.34375
vt 13.40625 8.489584
vt 13.375 8.489584
vt 13.375 8.468751
vt 13.40625 8.468751
vt 13.40625 8.531251
vt 13.375 8.531251
vt 13.40625 8.46875
vt 13.375 8.46875
vt 13.375 8.59375
vt 13.40625 8.59375
vt 13.40625 8.572918
vt 13.375 8.572918
vt 13.40625 8.593751
vt 13.375 8.593751
vt 13.40625 8.572916
vt 13.375 8.572916
vt 13.375 8.531249
vt 13.40625 8.531249
vt 13.40625 8.593749
vt 13.375 8.593749
vt 8.5625 1.34375
vt 8.5625 1.5
vt 13.375 8.5625
vt 13.40625 8.5625
vt 13.40625 9.25
vt 13.375 9.25
vt 13.375 9.21875
vt 13.40625 9.21875
vt 13.40625 1.375
vt 13.375 1.375
vt 13.375 1.53125
vt 13.40625 1.53125
vt -13.625 1.46875
vt -13.59375 1.46875
vt -13.59375 1.34375
vt -13.625 1.34375
vt -13.625 8.489584
vt -13.59375 8.489584
vt -13.59375 8.468751
vt -13.625 8.468751
vt -13.625 8.531251
vt -13.59375 8.531251
vt -13.625 8.46875
vt -13.59375 8.46875
vt -13.59375 8.5625
vt -13.625 8.5625
vt -13.625 9.25
vt -13.59375 9.25
vt -13.59375 9.21875
vt -13.625 9.21875
vt -13.625 1.375
vt -13.59375 1.375
vt -13.59375 1.53125
vt -13.625 1.53125
vt -13.59375 8.59375
vt -13.625 8.59375
vt -13.625 8.572916
vt -13.59375 8.572916
vt -13.59375 8.531249
vt -13.625 8.531249
vt -13.625 8.593749
vt -13.59375 8.593749
vt -13.625 8.572918
vt -13.59375 8.572918
vt -13.625 8.593751
vt -13.59375 8.593751
vt 8.765625 1.484375
vt 8.734375 1.484375
vt 8.734375 1.578125
vt 8.765625 1.578125
vt -13.34375 1.40625
vt -13.1875 1.40625
vt -13.15625 1.3125
vt -13.34375 1.3125
vt -13.343747 8.5
vt -13.156247 8.5
vt -13.156247 8.53125
vt -13.312497 8.53125
vt -13.33333 8.520833
vt -13.333335 8.520833
vt -13.312502 8.53125
vt -13.187502 8.53125
vt -13.187502 8.5
vt -13.343752 8.5
vt -13.3125 1.3125
vt -13.3125 1.40625
vt 13.52083 -1.5625
vt 13.499997 -1.5625
vt 13.499997 -1.65625
vt 13.52083 -1.65625
vt 8.520834 1.3125
vt 8.520834 1.40625
vt 8.500001 1.40625
vt 8.500001 1.3125
vt -13.500003 -1.5625
vt -13.47917 -1.5625
vt -13.47917 -1.65625
vt -13.500003 -1.65625
vt 13.8125 1.40625
vt 13.65625 1.40625
vt 13.84375 1.3125
vt 12.843753 8.5
vt 12.656253 8.5
vt 12.66667 8.520833
vt 12.687503 8.53125
vt 12.843753 8.53125
vt 13.8125 8.53125
vt 13.6875 8.53125
vt 13.666667 8.520833
vt 13.65625 8.5
vt 13.8125 8.5
vt 13.6875 1.3125
vt 13.6875 1.40625
vt 8.520834 1.375
vt 8.500001 1.375
vt -12.812503 1.3125
vt -12.79167 1.3125
vt -12.79167 1.375
vt -12.812503 1.375
vt -13.34375 1.375
vt -12.78125 1.375
vt -12.78125 1.3125
vt -13.34375 8.5
vt -12.78125 8.5
vt -12.791667 8.520833
vt -12.8125 8.53125
vt -13.3125 8.53125
vt -13.333333 8.520833
vt -12.8125 1.3125
vt -12.8125 1.375
vt -13.3125 1.375
vt 14.208333 1.3125
vt 14.1875 1.3125
vt 14.1875 1.375
vt 14.208333 1.375

# normals
vn -1 0 -0
vn 0 0 1
vn 0 -1 -0
vn 0 1 -0
vn 0 0 -1
vn 1 0 -0
vn -0.8041608854101759 -0.5944117010762169 -7.353107956589891e-16
vn -0.8041608854095516 0.5944117010770616 -3.2599861466193193e-14
vn -0.707106781186822 -1.3266059763594344e-13 0.7071067811862731
vn -0.7071067811865044 3.2310930207764556e-14 -0.7071067811865906
vn -0.5686282484098535 0.5944107361567195 0.568627990739085
vn -0.5686276152395108 0.5944117010750497 -0.5686276152387365
vn -0.5686276152385191 -0.5944117010762099 0.5686276152385155
vn -0.5686276152385187 -0.594411701076211 -0.5686276152385147
vn -0.5061156147993178 0.8624656424787649 7.380122865486534e-16
vn -0.5061156147983183 -0.8624656424793513 -5.792350916132576e-16
vn -0.35787778329176123 0.8624656424767931 -0.35787778329098285
vn -0.3578777832882942 -0.8624656424793467 -0.35787778328829567
vn -0.3578777832882849 -0.8624656424793539 0.3578777832882878
vn -0.35787711280375434 0.8624661989481628 0.35787711271211103
vn -0.2734538511344007 0.9618851237542687 -2.0410588275459392e-15
vn -0.19336108509174355 0.9618851186934723 0.1933610850408855
vn -0.19336107247796153 0.9618851237545706 -0.1933610724779603
vn -0.17640961341198472 -0.9843168434482029 -1.5482060669423993e-16
vn -0.12474043391011143 -0.9843168434482029 0.12474043391011247
vn -0.1247404339101088 -0.9843168434482036 -0.12474043391010936
vn -0.0864986692167531 0.9962519662333074 -6.053596950959746e-16
vn -0.06116385879907122 0.9962519584701427 0.06116385878288112
vn -0.061163795566538975 0.9962519662333362 -0.06116379556654368
vn -7.96605442926974e-17 -0.5944117010760475 0.8041608854103011
vn 0 -0.8624656424794099 0.5061156147982185
vn -0 -0.9843168434482029 0.17640961341198572
vn 0 0.9962519662333069 -0.08649866921675696
vn 0 -0.9843168434482026 -0.17640961341198658
vn 0 0.9618851237542679 -0.2734538511344039
vn 0 -0.862465642479358 -0.5061156147983071
vn 0 0.8624656424770141 -0.5061156148023013
vn 0 0.5944117010830262 -0.8041608854051426
vn 0 -0.5944117010762102 -0.8041608854101809
vn 1.068109727059672e-15 0.996251966233318 0.0864986692166286
vn 3.342204116510222e-15 0.9618851237542007 0.27345385113464
vn 6.217005893813194e-11 0.5944100914632338 0.8041620751855126
vn 1.1109244057088123e-10 0.8624663177011822 0.5061144641590118
vn 0.061164004068679945 0.9962519587745463 -0.061163708554715514
vn 0.06116409043248755 0.9962519556850162 0.061163672513568586
vn 0.08649891219641692 0.9962519451367895 -1.877206007068365e-13
vn 0.12474043391010997 -0.9843168434482031 -0.12474043391011194
vn 0.12474043391011157 -0.9843168434482029 0.12474043391011162
vn 0.17640961341198463 -0.9843168434482029 -2.7099099852242745e-17
vn 0.19336107247859644 0.9618851237542401 0.19336107247896978
vn 0.19336107247932544 0.9618851237540993 -0.19336107247894047
vn 0.2734538493006055 0.9618851242755587 -2.7362782624772987e-07
vn 0.35787778323199004 0.8624656424588348 0.35787778339403215
vn 0.35787778328818565 -0.8624656424794366 -0.35787778328818753
vn 0.3578777832882238 -0.8624656424793733 0.3578777832883023
vn 0.35788080066766403 0.8624631383586872 -0.35788080066686406
vn 0.5061156147981695 -0.8624656424794387 -1.0497452033348095e-15
vn 0.5061158624997374 0.8624654971220729 -3.50208561653527e-07
vn 0.5686276152385129 -0.5944117010760845 -0.5686276152386528
vn 0.5686276152385132 -0.5944117010760983 0.5686276152386379
vn 0.5686280799425851 0.5944115875735856 -0.568627269183477
vn 0.5686303538555406 0.5944079475751392 0.5686288003026521
vn 0.7071067811865615 1.2202659125297492e-13 -0.7071067811865335
vn 0.7071067811865903 1.4027342935122215e-07 0.7071067811864906
vn 0.8041528830698482 0.594422527024797 -3.988174803671219e-06
vn 0.8041608854102538 -0.5944117010761116 -2.788119050244988e-15
vn -0.8041608854101737 -0.5944117010762199 0
vn -0.8041608854095352 0.5944117010770839 -3.137942028819268e-14
vn -0.7071067811865047 3.282380211582433e-14 -0.7071067811865904
vn -0.5686282484098412 0.594410736156743 0.5686279907390728
vn -0.5686276152395117 0.5944117010750652 -0.5686276152387195
vn -0.5686276152385233 -0.5944117010762133 -0.5686276152385077
vn -0.5686276152385173 -0.5944117010762199 0.5686276152385067
vn -0.5061156147993207 0.8624656424787632 -4.250043371885919e-15
vn -0.5061156147983071 -0.862465642479358 4.4271240750879996e-17
vn -0.3578777832917642 0.8624656424767916 -0.3578777832909837
vn -0.3578777832882938 -0.8624656424793532 -0.3578777832882805
vn -0.35787778328828557 -0.8624656424793572 0.3578777832882789
vn -0.35787711280376167 0.8624661989481565 0.357877112712119
vn -0.27345385113440107 0.9618851237542687 -4.728789758868849e-15
vn -0.1933610850917434 0.9618851186934727 0.19336108504088306
vn -0.19336107247796544 0.9618851237545691 -0.19336107247796308
vn -0.1764096134119866 -0.9843168434482027 7.741030334712079e-17
vn -0.1247404339101134 -0.9843168434482028 0.1247404339101111
vn -0.12474043391011126 -0.9843168434482037 -0.12474043391010667
vn -0.08649866921675367 0.9962519662333071 -0
vn -0.06116385879907185 0.9962519584701428 0.06116385878288102
vn -0.061163795566538344 0.9962519662333365 -0.061163795566542764
vn -7.966054429269613e-17 -0.5944117010760475 0.8041608854103011
vn 0 -0.8624656424794134 0.5061156147982127
vn 0 0.9618851237541995 0.2734538511346442
vn -0 -0.9843168434482026 0.17640961341198666
vn 0 0.9962519662333179 0.08649866921662902
vn 0 0.9962519662333069 -0.08649866921675697
vn 0 -0.9843168434482027 -0.1764096134119866
vn 0 -0.8624656424793579 -0.506115614798307
vn 0 0.8624656424770141 -0.5061156148023012
vn 0 0.5944117010830262 -0.8041608854051429
vn 0 -0.5944117010762101 -0.8041608854101809
vn 6.217397844147569e-11 0.5944100914632457 0.8041620751855038
vn 1.1109244057088033e-10 0.8624663177011821 0.5061144641590118
vn 0.061164004068679646 0.9962519587745462 -0.06116370855471561
vn 0.06116409043248833 0.9962519556850162 0.06116367251356642
vn 0.08649891219641623 0.9962519451367896 -1.885884379716037e-13
vn 0.12474043391011043 -0.984316843448203 -0.12474043391011233
vn 0.12474043391011252 -0.9843168434482029 0.1247404339101115
vn 0.1764096134119857 -0.9843168434482027 4.799968777290911e-16
vn 0.19336107247859885 0.9618851237542408 0.1933610724789629
vn 0.19336107247932338 0.9618851237540997 -0.19336107247894066
vn 0.27345384930060856 0.9618851242755578 -2.736278289912834e-07
vn 0.35787778323199515 0.8624656424588297 0.3578777833940397
vn 0.3578777832881839 -0.8624656424794382 -0.3578777832881856
vn 0.3578777832882204 -0.86246564247938 0.3578777832882895
vn 0.3578808006676634 0.8624631383586858 -0.35788080066686767
vn 0.5061156147981668 -0.8624656424794401 4.1501554550445737e-16
vn 0.506115862499748 0.8624654971220665 -3.502085579124953e-07
vn 0.568627615238511 -0.5944117010760868 -0.5686276152386521
vn 0.5686276152385195 -0.5944117010761005 0.5686276152386294
vn 0.5686280799425927 0.5944115875735644 -0.5686272691834918
vn 0.5686303538555341 0.5944079475751509 0.5686288003026463
vn 0.7071067811865605 1.2308451984679724e-13 -0.7071067811865347
vn 0.7071067811865963 1.4027342865809668e-07 0.7071067811864848
vn 0.8041528830698608 0.5944225270247799 -3.988174792640513e-06
vn 0.8041608854102454 -0.594411701076123 -2.788119050245053e-15
vn -0.804160885409552 0.5944117010770611 -3.1379420288193335e-14
vn -0.5686282484098495 0.5944107361567269 0.5686279907390811
vn -0.5686276152395132 0.594411701075047 -0.5686276152387367
vn -0.5686276152385218 -0.5944117010762049 0.5686276152385181
vn -0.56862761523852 -0.5944117010762123 -0.5686276152385121
vn -0.5061156147993088 0.86246564247877 -4.250043371885953e-15
vn -0.5061156147983189 -0.8624656424793511 4.427124075087963e-17
vn -0.35787778329175823 0.8624656424767964 -0.35787778329097775
vn -0.3578777832882951 -0.8624656424793467 -0.3578777832882951
vn -0.3578777832882869 -0.8624656424793506 0.3578777832882935
vn -0.3578771128037558 0.8624661989481615 0.35787711271211314
vn -0.1933610724779625 0.9618851237545704 -0.1933610724779601
vn -0.17640961341198474 -0.9843168434482029 7.741030334711998e-17
vn -0.1247404339101111 -0.9843168434482028 0.12474043391011344
vn -0.12474043391010894 -0.9843168434482036 -0.124740433910109
vn -0.06116379556653771 0.9962519662333363 -0.06116379556654426
vn -7.96605442926975e-17 -0.5944117010760475 0.8041608854103012
vn 0 0.9618851237541997 0.27345385113464427
vn -0 -0.9843168434482027 0.17640961341198666
vn 0 0.9962519662333179 0.08649866921662903
vn 0 -0.862465642479358 -0.506115614798307
vn 0 0.862465642477014 -0.5061156148023012
vn 0 -0.5944117010762102 -0.804160885410181
vn 6.21739784414751e-11 0.5944100914632459 0.8041620751855038
vn 0.06116409043248921 0.9962519556850162 0.0611636725135673
vn 0.08649891219641712 0.9962519451367895 -1.864522220101313e-13
vn 0.1247404339101109 -0.984316843448203 0.12474043391011218
vn 0.17640961341198477 -0.9843168434482029 -1.8381561626427233e-15
vn 0.19336107247859594 0.9618851237542421 0.19336107247895998
vn 0.19336107247932585 0.9618851237540994 -0.19336107247893952
vn 0.2734538493006001 0.9618851242755602 -2.7362782223792783e-07
vn 0.3578777832319892 0.8624656424588346 0.3578777833940337
vn 0.35787778328822306 -0.8624656424793757 0.35787778328829717
vn 0.3578808006676658 0.8624631383586867 -0.3578808006668634
vn 0.5061156147981807 -0.8624656424794321 -6.2496458617143526e-15
vn 0.5061158624997383 0.8624654971220723 -3.502085645632246e-07
vn 0.5686276152385162 -0.5944117010760995 0.5686276152386339
vn 0.5686280799425882 0.5944115875735793 -0.5686272691834805
vn 0.5686303538555392 0.5944079475751338 0.5686288003026592
vn 0.7071067811865605 1.2171650873409574e-13 -0.7071067811865347
vn 0.707106781186592 1.402734286580958e-07 0.7071067811864891
vn 0.8041528830698418 0.5944225270248057 -3.988174808318191e-06
vn -0.8041608854101707 -0.5944117010762241 0
vn -0.8041608854095382 0.5944117010770797 -3.1355950265538616e-14
vn -0.7071067811865133 3.2823802115824726e-14 -0.7071067811865819
vn -0.5686282484098433 0.5944107361567388 0.5686279907390749
vn -0.5686276152395137 0.594411701075061 -0.5686276152387216
vn -0.5686276152385212 -0.5944117010762175 -0.5686276152385055
vn -0.5686276152384985 -0.594411701076256 0.5686276152384878
vn -0.5061156147993155 0.862465642478766 -4.250043371885933e-15
vn -0.5061156147983121 -0.862465642479355 4.4271240750879836e-17
vn -0.357877783291756 0.8624656424767928 -0.3578777832909889
vn -0.3578777832882974 -0.8624656424793503 -0.3578777832882841
vn -0.3578777832882892 -0.8624656424793544 0.35787778328828246
vn -0.35787711280375817 0.8624661989481595 0.3578771127121155
vn -0.2734538511344128 0.9618851237542654 -4.748998262112082e-15
vn -0.1933610850917493 0.9618851186934703 0.19336108504088895
vn -0.19336107247796633 0.9618851237545674 -0.19336107247797119
vn -0.176409613411984 -0.9843168434482031 3.8705151673560413e-17
vn -0.12474043391011154 -0.9843168434482032 0.12474043391010928
vn -0.12474043391010942 -0.984316843448204 -0.1247404339101048
vn -0.08649866921675521 0.9962519662333071 -0
vn -0.06116385879907367 0.9962519584701425 0.061163858782882836
vn -0.06116379556653891 0.996251966233336 -0.061163795566547614
vn -7.966054429269668e-17 -0.5944117010760517 0.8041608854102981
vn 0 -0.8624656424794104 0.5061156147982177
vn 0 0.9618851237541995 0.2734538511346443
vn -0 -0.984316843448203 0.17640961341198402
vn 0 0.9962519662333177 0.08649866921663411
vn 0 0.9962519662333065 -0.08649866921676203
vn 0 -0.9843168434482031 -0.17640961341198402
vn 0 -0.862465642479355 -0.5061156147983121
vn 0 0.8624656424770171 -0.5061156148022963
vn 0 0.5944117010830221 -0.8041608854051459
vn 0 -0.5944117010762144 -0.8041608854101778
vn 6.217397844147526e-11 0.5944100914632416 0.8041620751855069
vn 1.1109244057087777e-10 0.862466317701185 0.5061144641590067
vn 0.06116400406868322 0.9962519587745458 -0.06116370855471919
vn 0.0611640904324919 0.9962519556850158 0.06116367251357
vn 0.08649891219642128 0.996251945136789 -1.88588445311731e-13
vn 0.1247404339101086 -0.9843168434482035 -0.1247404339101105
vn 0.12474043391011067 -0.9843168434482032 0.12474043391010964
vn 0.1764096134119831 -0.9843168434482034 4.799968777290914e-16
vn 0.19336107247860476 0.9618851237542384 0.19336107247896875
vn 0.19336107247932244 0.9618851237541015 -0.19336107247893253
vn 0.2734538493006203 0.9618851242755543 -2.7362782899130077e-07
vn 0.357877783231989 0.8624656424588459 0.3578777833940069
vn 0.3578777832881874 -0.8624656424794352 -0.3578777832881891
vn 0.35787778328822395 -0.862465642479377 0.35787778328829306
vn 0.35788080066766453 0.8624631383586905 -0.35788080066685546
vn 0.5061156147981719 -0.8624656424794372 4.15015545504456e-16
vn 0.5061158624997154 0.8624654971220859 -3.502085446110007e-07
vn 0.5686276152385088 -0.5944117010760911 -0.5686276152386498
vn 0.5686276152385173 -0.5944117010761047 0.5686276152386273
vn 0.5686280799425948 0.5944115875735602 -0.5686272691834939
vn 0.5686303538555362 0.5944079475751467 0.5686288003026485
vn 0.7071067811865518 1.2034849762139275e-13 -0.7071067811865432
vn 0.8041528830698639 0.5944225270247758 -3.9881747926170155e-06
vn 0.8041608854102423 -0.5944117010761272 -2.788119050245073e-15
vn 0 0.9838699100999074 0.17888543819998318
vn -0.7071067811865475 -0 0.7071067811865475
vn -0.4082482904638631 0.4082482904638631 0.8164965809277261
vn 0.4082482904638631 0.4082482904638631 0.8164965809277261
vn 0.7071067811865475 0 0.7071067811865475
vn -0.9805806756909201 -0.19611613513818402 -0
vn -0.95577900872195 -0 0.2940858488375231
vn 0 0.4762831485407526 0.879291966536774
vn 0 -0.47628314854083503 -0.8792919665367294
vn 0.9380964741394132 -0 -0.34637408275909043
vn 0.9863939238321437 0.1643989873053573 -0
vn -0.9805806756909201 -0.19611613513818404 -0
vn -0.95577900872195 0 -0.2940858488375231
vn 0 -0.47628314854058773 0.8792919665368634
vn -0 0.4762831485407526 -0.879291966536774
vn 0.9380964741393377 0 0.34637408275929515
vn -0.9863939238321437 0.1643989873053573 -0
vn -0.9380964741393648 0 -0.3463740827592216
vn 0 -0.4762831485406766 -0.8792919665368153
vn 0.95577900872195 0 0.2940858488375231
vn 0.9805806756909202 -0.19611613513818404 -0
vn -0.9863939238321439 0.1643989873053573 -0
vn -0.9380964741397724 0 0.346374082758118
vn -0 -0.47628314854200987 0.8792919665360931
vn 0.95577900872195 -0 -0.2940858488375231
vn 0.9805806756909201 -0.19611613513818402 -0
vn 0 0.7071067811865475 -0.7071067811865475
vn -0.8944271909999159 0.4472135954999579 -0
vn -0.4472135954999579 0.8944271909999159 -0
vn 0.4472135954999579 0.8944271909999159 -0
vn 0.8944271909999159 0.4472135954999579 -0
vn 0 -0.7071067811865475 0.7071067811865475
vn -0.8944271910000609 0 -0.44721359549966816
vn -0.4472135954995919 0 -0.8944271910000989
vn 0 -0.9363291775690921 -0.3511234415882648
vn 0 -0.7999999999997627 -0.6000000000003165
vn 0.44721359549998846 0 -0.8944271909999006
vn 0.8944271909995981 -4.4063326197324506e-13 -0.4472135955005935
vn -0.9380964741394132 0 0.34637408275909043
vn -0 -0.47628314854083503 0.8792919665367294
vn -0.9380964741393377 0 -0.34637408275929515
vn 0 -0.47628314854058773 -0.8792919665368634
vn 0.9805806756909201 -0.19611613513818404 -0
vn 0 -0.47628314854068043 0.8792919665368131
vn 0.938096474139366 0 0.3463740827592184
vn 0 -0.47628314854200987 -0.8792919665360931
vn 0.9380964741397724 0 -0.346374082758118
vn 0.9863939238321439 0.1643989873053573 0
vn 0 0.7071067811865475 0.7071067811865475
vn 0 -0.7071067811865475 -0.7071067811865475
vn -0.8944271909996007 -3.7284352936193377e-13 0.4472135955005884
vn -0.44721359550001893 -0 0.8944271909998853
vn -0 -0.7999999999997872 0.6000000000002838
vn -0 -0.9363291775690872 0.35112344158827796
vn 0.4472135954995919 0 0.8944271910000989
vn 0.8944271910000837 0 0.4472135954996224
vn -3.8740231377482976e-17 0.3162277660175309 0.9486832980502828
vn 0 -0.3162277660106256 0.9486832980525846
vn 0 0.9486832980505111 0.31622776601684605
vn 0 -0.9486832980512041 0.31622776601476715
vn 0 -0.948683298051782 -0.31622776601303343
vn 0 0.9486832980505139 -0.31622776601683794
vn 0 0.31622776601545743 -0.948683298050974
vn 0 -0.31622776601476443 -0.9486832980512049
vn -0.8944271910000303 0 -0.44721359549972917
vn -0.44721359549962236 0 -0.8944271910000836
vn 0 -0.7999999999997626 -0.6000000000003165
vn 0.8944271909996083 -3.728435293619441e-13 -0.4472135955005731
vn -0.894427190999621 -3.389486630562474e-13 0.44721359550054773
vn -0.4472135954999579 -0 0.8944271909999159
vn -0 -0.799999999999738 0.6000000000003493
vn -0 -0.9363291775690971 0.3511234415882517
vn 0.44721359549959183 0 0.8944271910000988
vn 0.8944271910000379 0 0.4472135954997139
vn -0.8944271909999159 -0.4472135954999579 -0
vn 0 -0.4472135954999579 0.8944271909999159
vn 0 -0.4472135954999579 -0.8944271909999159
vn 0.8944271909999159 -0.4472135954999579 -0
vn -0.8443170536763502 0.4925182813112043 0.21107926341908756
vn 0.8443170536763502 0.4925182813112043 0.21107926341908756
vn -0.7273886039549576 0.12123143399249293 -0.6754322751013471
vn -0.7249465119957439 0.422885465331107 -0.5437098839977969
vn 0.7249465119962946 0.42288546533090343 -0.543709883997221
vn 0.7273886039551285 0.12123143399252141 -0.6754322751011578
vn -0.1414213562373095 0.9899494936611665 -0
vn 0.10653312363431913 -0.9943091539198032 -9.184488903427338e-14
vn -0.24253562503633297 0.9701425001453319 -0
vn -0.4472135954999579 -0.8944271909999159 -0
vn 0.4472135954999579 -0.8944271909999159 -0
vn 0.24253562503633297 0.9701425001453319 -0
vn -0.10653312363431913 -0.9943091539198032 9.184488903427338e-14
vn 0.1414213562373095 0.9899494936611665 -0
vn 0.7071067811865475 0.7071067811865475 -0
vn -0.7071067811865475 0.7071067811865475 -0
vn -0.7071067811865475 0 -0.7071067811865475
vn 0.7071067811865475 -0 -0.7071067811865475
vn 0 0.9701425001453319 0.24253562503633297
vn 0 0.9701425001453319 -0.24253562503633297
vn 0 0.707106781186589 0.707106781186506
vn 0 0.9701425001453283 0.2425356250363476
vn -0.9486832980505138 0.31622776601683794 -0
vn 0.4472135954999579 0 -0.8944271909999159
vn 0.8944271909999159 0 -0.4472135954999579
vn -0.8944271909999159 0 -0.4472135954999579
vn -0.4472135954999579 0 -0.8944271909999159
vn 0.9486832980505138 0.31622776601683794 -0
vn -0.4472135954989818 0 -0.894427191000404
vn 0.44721359549971385 0 -0.8944271910000379
vn 0 -0.47628314854083553 -0.8792919665367291
vn 0.9380964741394134 -0 -0.34637408275909004
vn -0.9380964741393649 0 -0.34637408275922116
vn 0 -0.4762831485406771 -0.879291966536815
vn -0.8792919665367294 -0.47628314854083503 -0
vn -0.34637408275909043 0 -0.9380964741394132
vn -0 -0.19611613513818402 0.9805806756909201
vn 0 0.1643989873053573 -0.9863939238321437
vn 0.2940858488375231 0 0.95577900872195
vn 0.879291966536774 0.4762831485407526 -0
vn -0.879291966536774 0.4762831485407526 -0
vn -0.2940858488375231 0 0.95577900872195
vn -0 -0.19611613513818404 0.9805806756909201
vn 0.34637408275929515 0 -0.9380964741393377
vn 0.8792919665368634 -0.47628314854058773 -0
vn -0.8792919665368153 -0.4762831485406766 -0
vn -0.3463740827592216 0 0.9380964741393648
vn 0 0.1643989873053573 0.9863939238321437
vn 0 -0.19611613513818404 -0.9805806756909202
vn 0.2940858488375231 0 -0.95577900872195
vn -0.2940858488375231 0 -0.95577900872195
vn 0 0.1643989873053573 0.9863939238321439
vn 0 -0.19611613513818402 -0.9805806756909201
vn 0.346374082758118 0 0.9380964741397724
vn 0.8792919665360931 -0.47628314854200987 -0
vn 0 0.4472135954999579 0.8944271909999159
vn 0 0.8944271909999159 0.4472135954999579
vn 0 0.8944271909999159 -0.4472135954999579
vn 0 0.4472135954999579 -0.8944271909999159
vn 0.7071067811865475 -0.7071067811865475 -0
vn -0.8944271910000836 0 0.44721359549962236
vn -0.8944271909999006 0 -0.44721359549998846
vn -0.6000000000003165 -0.7999999999997626 -0
vn -0.4472135955005731 -3.728435293619441e-13 -0.8944271909996083
vn -0.44721359549972917 -0 0.8944271910000303
vn -0.3511234415882648 -0.9363291775690921 -0
vn 0.21107926341908756 0.4925182813112043 0.8443170536763502
vn 0.21107926341908756 0.4925182813112043 -0.8443170536763502
vn -0.6754322751013471 0.12123143399249293 0.7273886039549576
vn -0.6754322751011578 0.12123143399252141 -0.7273886039551285
vn -0.5437098839977969 0.422885465331107 0.7249465119957439
vn -0.543709883997221 0.42288546533090343 -0.7249465119962946
vn -9.184488903427338e-14 -0.9943091539198032 -0.10653312363431913
vn 0 0.9899494936611665 0.1414213562373095
vn -0 -0.8944271909999159 0.4472135954999579
vn 0 -0.8944271909999159 -0.4472135954999579
vn 0 0.9899494936611665 -0.1414213562373095
vn 9.184488903427338e-14 -0.9943091539198032 0.10653312363431913

o entity0_brush0
usemtl officeTextures/dev_nodraw
f  1/1/1  2/2/1  3/3/1  4/4/1
usemtl officeTextures/dev_nodraw
f  5/3/2  3/5/2  2/6/2  6/2/2
usemtl officeTextures/dev_nodraw
f  6/7/3  2/8/3  1/9/3  7/10/3
usemtl officeTextures/floor_01
f  8/10/4  4/9/4  3/8/4  5/7/4
usemtl officeTextures/dev_nodraw
f  7/2/5  1/6/5  4/5/5  8/3/5
usemtl officeTextures/dev_nodraw
f  8/4/6  5/3/6  6/2/6  7/1/6

o entity0_brush1
usemtl officeTextures/dev_nodraw
f  9/11/1  10/12/1  11/13/1  12/14/1
usemtl officeTextures/dev_wallMeasures
f  13/15/2  11/16/2  10/6/2  14/2/2
usemtl officeTextures/dev_nodraw
f  14/10/3  10/9/3  9/17/3  15/18/3
usemtl officeTextures/dev_nodraw
f  16/18/4  12/17/4  11/9/4  13/10/4
usemtl officeTextures/dev_nodraw
f  15/19/5  9/20/5  12/21/5  16/22/5
usemtl officeTextures/dev_nodraw
f  16/14/6  13/13/6  14/12/6  15/11/6

o entity0_brush2
usemtl officeTextures/player_texture
f  17/23/1  18/24/1  19/25/1  20/26/1
usemtl officeTextures/player_texture
f  21/27/7  18/24/7  17/23/7  22/28/7
usemtl officeTextures/player_texture
f  23/29/8  20/26/8  19/25/8  24/30/8
usemtl officeTextures/player_texture
f  25/31/9  19/32/9  18/33/9  26/34/9
usemtl officeTextures/player_texture
f  27/35/10  17/36/10  20/37/10  28/38/10
usemtl officeTextures/player_texture
f  29/39/11  24/40/11  19/41/11  25/42/11
usemtl officeTextures/player_texture
f  28/43/12  20/44/12  23/45/12  30/46/12
usemtl officeTextures/player_texture
f  26/42/13  18/41/13  21/40/13  31/47/13
usemtl officeTextures/player_texture
f  32/46/14  22/45/14  17/44/14  27/43/14
usemtl officeTextures/player_texture
f  33/48/15  23/45/15  24/40/15  34/49/15
usemtl officeTextures/player_texture
f  35/49/16  21/40/16  22/45/16  36/48/16
usemtl officeTextures/player_texture
f  30/46/17  23/45/17  33/48/17  37/50/17
usemtl officeTextures/player_texture
f  38/50/18  36/48/18  22/45/18  32/46/18
usemtl officeTextures/player_texture
f  31/47/19  21/40/19  35/49/19  39/51/19
usemtl officeTextures/player_texture
f  40/52/20  34/49/20  24/40/20  29/39/20
usemtl officeTextures/player_texture
f  41/53/21  33/48/21  34/49/21  42/54/21
usemtl officeTextures/player_texture
f  43/55/22  42/54/22  34/49/22  40/52/22
usemtl officeTextures/player_texture
f  37/50/23  33/48/23  41/53/23  44/56/23
usemtl officeTextures/player_texture
f  45/57/24  35/49/24  36/48/24
usemtl officeTextures/player_texture
f  39/51/25  35/49/25  45/57/25
usemtl officeTextures/player_texture
f  45/58/26  36/59/26  38/60/26
usemtl officeTextures/player_texture
f  41/53/27  42/54/27  46/57/27
usemtl officeTextures/player_texture
f  46/57/28  42/54/28  43/55/28
usemtl officeTextures/player_texture
f  44/61/29  41/62/29  46/58/29
usemtl officeTextures/player_texture
f  47/63/30  26/35/30  31/64/30  48/65/30
usemtl officeTextures/player_texture
f  49/66/2  25/67/2  26/35/2  47/63/2
usemtl officeTextures/player_texture
f  48/68/31  31/47/31  39/51/31  50/69/31
usemtl officeTextures/player_texture
f  50/69/32  39/51/32  45/57/32
usemtl officeTextures/player_texture
f  51/70/33  44/61/33  46/58/33
usemtl officeTextures/player_texture
f  45/57/34  38/50/34  52/71/34
usemtl officeTextures/player_texture
f  53/71/35  37/50/35  44/56/35  51/72/35
usemtl officeTextures/player_texture
f  52/71/36  38/50/36  32/46/36  54/73/36
usemtl officeTextures/player_texture
f  55/74/37  30/46/37  37/50/37  53/71/37
usemtl officeTextures/player_texture
f  56/75/38  28/38/38  30/76/38  55/77/38
usemtl officeTextures/player_texture
f  54/65/39  32/64/39  27/35/39  57/63/39
usemtl officeTextures/player_texture
f  57/63/5  27/35/5  28/38/5  56/75/5
usemtl officeTextures/player_texture
f  46/57/40  43/55/40  58/78/40
usemtl officeTextures/player_texture
f  58/78/41  43/55/41  40/52/41  59/69/41
usemtl officeTextures/player_texture
f  60/79/42  29/80/42  25/67/42  49/66/42
usemtl officeTextures/player_texture
f  59/69/43  40/52/43  29/39/43  60/81/43
usemtl officeTextures/player_texture
f  51/82/44  46/83/44  61/84/44
usemtl officeTextures/player_texture
f  62/85/45  46/57/45  58/78/45
usemtl officeTextures/player_texture
f  61/86/46  46/57/46  62/85/46
usemtl officeTextures/player_texture
f  63/87/47  45/83/47  52/88/47
usemtl officeTextures/player_texture
f  50/89/48  45/90/48  64/91/48
usemtl officeTextures/player_texture
f  64/92/49  45/57/49  63/93/49
usemtl officeTextures/player_texture
f  65/94/50  62/85/50  58/78/50  59/69/50
usemtl officeTextures/player_texture
f  53/71/51  51/72/51  61/86/51  66/95/51
usemtl officeTextures/player_texture
f  66/95/52  61/86/52  62/85/52  65/94/52
usemtl officeTextures/player_texture
f  67/96/53  65/94/53  59/69/53  60/81/53
usemtl officeTextures/player_texture
f  68/97/54  63/93/54  52/71/54  54/73/54
usemtl officeTextures/player_texture
f  48/68/55  50/69/55  64/92/55  69/98/55
usemtl officeTextures/player_texture
f  55/74/56  53/71/56  66/95/56  70/99/56
usemtl officeTextures/player_texture
f  69/98/57  64/92/57  63/93/57  68/97/57
usemtl officeTextures/player_texture
f  70/99/58  66/95/58  65/94/58  67/96/58
usemtl officeTextures/player_texture
f  68/97/59  54/73/59  57/100/59  71/101/59
usemtl officeTextures/player_texture
f  72/102/60  47/103/60  48/68/60  69/98/60
usemtl officeTextures/player_texture
f  73/101/61  56/100/61  55/74/61  70/99/61
usemtl officeTextures/player_texture
f  67/96/62  60/81/62  49/104/62  74/105/62
usemtl officeTextures/player_texture
f  71/106/63  57/107/63  56/108/63  73/109/63
usemtl officeTextures/player_texture
f  74/110/64  49/111/64  47/112/64  72/24/64
usemtl officeTextures/player_texture
f  73/113/65  70/114/65  67/30/65  74/110/65
usemtl officeTextures/player_texture
f  72/24/66  69/27/66  68/28/66  71/23/66
usemtl officeTextures/player_texture
f  71/115/6  73/116/6  74/117/6  72/118/6

o entity0_brush3
usemtl __TB_empty
f  75/119/1  76/120/1  77/121/1  78/122/1
usemtl __TB_empty
f  79/123/2  77/124/2  76/125/2  80/126/2
usemtl __TB_empty
f  80/127/3  76/128/3  75/129/3  81/130/3
usemtl __TB_empty
f  82/130/4  78/129/4  77/128/4  79/127/4
usemtl __TB_empty
f  81/126/5  75/125/5  78/124/5  82/123/5
usemtl __TB_empty
f  82/122/6  79/121/6  80/120/6  81/119/6

o entity0_brush4
usemtl officeTextures/dev_nodraw
f  83/131/1  84/132/1  85/133/1  86/1/1
usemtl officeTextures/dev_nodraw
f  87/134/2  85/135/2  84/136/2  88/137/2
usemtl officeTextures/dev_nodraw
f  88/138/3  84/139/3  83/140/3  89/141/3
usemtl officeTextures/floor_01
f  90/141/4  86/140/4  85/139/4  87/138/4
usemtl officeTextures/dev_nodraw
f  89/137/5  83/136/5  86/135/5  90/134/5
usemtl officeTextures/dev_nodraw
f  90/1/6  87/133/6  88/132/6  89/131/6

o entity0_brush5
usemtl officeTextures/dev_nodraw
f  91/142/1  92/1/1  93/143/1  94/144/1
usemtl officeTextures/dev_wallMeasures
f  95/145/2  93/146/2  92/135/2  96/147/2
usemtl officeTextures/dev_nodraw
f  96/148/3  92/140/3  91/149/3  97/150/3
usemtl officeTextures/dev_nodraw
f  98/150/4  94/149/4  93/140/4  95/148/4
usemtl officeTextures/dev_nodraw
f  97/147/5  91/135/5  94/151/5  98/152/5
usemtl officeTextures/dev_nodraw
f  98/144/6  95/143/6  96/1/6  97/142/6

o entity0_brush6
usemtl __TB_empty
f  99/153/1  100/154/1  101/155/1  102/156/1
usemtl chunksTextures/prop_desk02_table
f  103/157/2  101/158/2  100/159/2  104/160/2
usemtl __TB_empty
f  104/161/3  100/162/3  99/163/3  105/164/3
usemtl chunksTextures/prop_library_back
f  106/165/4  102/166/4  101/167/4  103/168/4
usemtl chunksTextures/prop_library_back
f  105/169/5  99/170/5  102/171/5  106/172/5
usemtl __TB_empty
f  106/156/6  103/155/6  104/154/6  105/153/6

o entity0_brush7
usemtl chunksTextures/prop_desk02_leg
f  107/173/1  108/174/1  109/175/1  110/176/1
usemtl chunksTextures/prop_library_front
f  111/177/2  109/178/2  108/169/2  112/179/2
usemtl __TB_empty
f  112/180/3  108/181/3  107/182/3  113/183/3
usemtl chunksTextures/prop_desk02_leg
f  114/184/4  110/165/4  109/185/4  111/186/4
usemtl chunksTextures/prop_desk02_leg
f  113/179/5  107/169/5  110/178/5  114/177/5
usemtl chunksTextures/prop_desk02_leg
f  114/176/6  111/175/6  112/174/6  113/173/6

o entity0_brush8
usemtl chunksTextures/prop_desk02_leg
f  115/173/1  116/174/1  117/175/1  118/176/1
usemtl chunksTextures/prop_library_front
f  119/187/2  117/188/2  116/189/2  120/170/2
usemtl __TB_empty
f  120/190/3  116/191/3  115/192/3  121/193/3
usemtl chunksTextures/prop_desk02_leg
f  122/166/4  118/194/4  117/195/4  119/196/4
usemtl chunksTextures/prop_desk02_leg
f  121/170/5  115/189/5  118/188/5  122/187/5
usemtl chunksTextures/prop_desk02_leg
f  122/176/6  119/175/6  120/174/6  121/173/6

o entity0_brush9
usemtl chunksTextures/prop_desk02_base3
f  123/197/1  124/198/1  125/199/1  126/173/1
usemtl chunksTextures/prop_desk02_base3
f  127/170/2  125/189/2  124/200/2  128/201/2
usemtl chunksTextures/dev_nodraw
f  128/202/3  124/203/3  123/194/3  129/166/3
usemtl chunksTextures/dev_nodraw
f  130/166/4  126/194/4  125/203/4  127/202/4
usemtl chunksTextures/prop_desk02_base3
f  129/201/5  123/200/5  126/189/5  130/170/5
usemtl chunksTextures/prop_desk02_base3
f  130/173/6  127/199/6  128/198/6  129/197/6

o entity0_brush10
usemtl chunksTextures/prop_desk02_base3
f  131/204/1  132/205/1  133/174/1  134/206/1
usemtl chunksTextures/prop_desk02_base3
f  135/170/2  133/189/2  132/200/2  136/201/2
usemtl chunksTextures/dev_nodraw
f  136/196/3  132/195/3  131/207/3  137/208/3
usemtl chunksTextures/dev_nodraw
f  138/208/4  134/207/4  133/195/4  135/196/4
usemtl chunksTextures/prop_desk02_base3
f  137/201/5  131/200/5  134/189/5  138/170/5
usemtl chunksTextures/prop_desk02_base3
f  138/206/6  135/174/6  136/205/6  137/204/6

o entity0_brush11
usemtl chunksTextures/prop_desk02_base3
f  139/197/1  140/198/1  141/199/1  142/173/1
usemtl chunksTextures/prop_desk02_base3
f  143/179/2  141/169/2  140/209/2  144/210/2
usemtl chunksTextures/dev_nodraw
f  144/211/3  140/212/3  139/165/3  145/184/3
usemtl chunksTextures/dev_nodraw
f  146/184/4  142/165/4  141/212/4  143/211/4
usemtl chunksTextures/prop_desk02_base3
f  145/210/5  139/209/5  142/169/5  146/179/5
usemtl chunksTextures/prop_desk02_base3
f  146/173/6  143/199/6  144/198/6  145/197/6

o entity0_brush12
usemtl chunksTextures/prop_desk02_base3
f  147/204/1  148/205/1  149/174/1  150/206/1
usemtl chunksTextures/prop_desk02_base3
f  151/179/2  149/169/2  148/209/2  152/210/2
usemtl chunksTextures/dev_nodraw
f  152/186/3  148/185/3  147/213/3  153/214/3
usemtl chunksTextures/dev_nodraw
f  154/214/4  150/213/4  149/185/4  151/186/4
usemtl chunksTextures/prop_desk02_base3
f  153/210/5  147/209/5  150/169/5  154/179/5
usemtl chunksTextures/prop_desk02_base3
f  154/206/6  151/174/6  152/205/6  153/204/6

o entity0_brush13
usemtl chunksTextures/obj_book_01
f  155/215/1  156/216/1  157/217/1  158/218/1
usemtl chunksTextures/obj_book_01
f  159/219/2  157/220/2  156/221/2  160/222/2
usemtl chunksTextures/obj_book_02
f  160/223/3  156/224/3  155/225/3  161/226/3
usemtl chunksTextures/obj_book_02
f  162/226/4  158/225/4  157/224/4  159/223/4
usemtl chunksTextures/obj_book_03
f  161/222/5  155/221/5  158/220/5  162/219/5
usemtl chunksTextures/obj_book_01
f  162/218/6  159/217/6  160/216/6  161/215/6

o entity0_brush14
usemtl chunksTextures/obj_book_01
f  163/227/1  164/228/1  165/229/1  166/230/1
usemtl chunksTextures/obj_book_01
f  167/231/2  165/219/2  164/222/2  168/232/2
usemtl chunksTextures/obj_book_02
f  168/233/3  164/234/3  163/235/3  169/236/3
usemtl chunksTextures/obj_book_02
f  170/236/4  166/235/4  165/234/4  167/233/4
usemtl chunksTextures/obj_book_03
f  169/232/5  163/222/5  166/219/5  170/231/5
usemtl chunksTextures/obj_book_01
f  170/230/6  167/229/6  168/228/6  169/227/6

o entity0_brush15
usemtl chunksTextures/obj_book_01
f  171/215/1  172/216/1  173/217/1  174/218/1
usemtl chunksTextures/obj_book_01
f  175/237/2  173/231/2  172/232/2  176/238/2
usemtl chunksTextures/obj_book_02
f  176/239/3  172/240/3  171/241/3  177/242/3
usemtl chunksTextures/obj_book_02
f  178/242/4  174/241/4  173/240/4  175/239/4
usemtl chunksTextures/obj_book_03
f  177/238/5  171/232/5  174/231/5  178/237/5
usemtl chunksTextures/obj_book_01
f  178/218/6  175/217/6  176/216/6  177/215/6

o entity0_brush16
usemtl chunksTextures/obj_book_01
f  179/227/1  180/228/1  181/229/1  182/230/1
usemtl chunksTextures/obj_book_01
f  183/243/2  181/244/2  180/245/2  184/246/2
usemtl chunksTextures/obj_book_02
f  184/247/3  180/248/3  179/249/3  185/250/3
usemtl chunksTextures/obj_book_02
f  186/250/4  182/249/4  181/248/4  183/247/4
usemtl chunksTextures/obj_book_03
f  185/246/5  179/245/5  182/244/5  186/243/5
usemtl chunksTextures/obj_book_01
f  186/230/6  183/229/6  184/228/6  185/227/6

o entity0_brush17
usemtl chunksTextures/obj_book_01
f  187/215/1  188/216/1  189/217/1  190/218/1
usemtl chunksTextures/obj_book_01
f  191/251/2  189/252/2  188/253/2  192/254/2
usemtl chunksTextures/obj_book_02
f  192/255/3  188/256/3  187/257/3  193/258/3
usemtl chunksTextures/obj_book_02
f  194/258/4  190/257/4  189/256/4  191/255/4
usemtl chunksTextures/obj_book_03
f  193/254/5  187/253/5  190/252/5  194/251/5
usemtl chunksTextures/obj_book_01
f  194/218/6  191/217/6  192/216/6  193/215/6

o entity0_brush18
usemtl chunksTextures/obj_book_01
f  195/215/1  196/216/1  197/217/1  198/218/1
usemtl chunksTextures/obj_book_01
f  199/259/2  197/251/2  196/254/2  200/260/2
usemtl chunksTextures/obj_book_02
f  200/261/3  196/262/3  195/263/3  201/264/3
usemtl chunksTextures/obj_book_02
f  202/264/4  198/263/4  197/262/4  199/261/4
usemtl chunksTextures/obj_book_03
f  201/260/5  195/254/5  198/251/5  202/259/5
usemtl chunksTextures/obj_book_01
f  202/218/6  199/217/6  200/216/6  201/215/6

o entity0_brush19
usemtl chunksTextures/obj_book_01
f  203/265/1  204/266/1  205/267/1  206/268/1
usemtl chunksTextures/obj_book_01
f  207/269/2  205/270/2  204/271/2  208/272/2
usemtl chunksTextures/obj_book_02
f  208/273/3  204/274/3  203/275/3  209/276/3
usemtl chunksTextures/obj_book_02
f  210/276/4  206/275/4  205/274/4  207/273/4
usemtl chunksTextures/obj_book_03
f  209/272/5  203/271/5  206/270/5  210/269/5
usemtl chunksTextures/obj_book_01
f  210/268/6  207/267/6  208/266/6  209/265/6

o entity0_brush20
usemtl chunksTextures/obj_book_01
f  211/265/1  212/266/1  213/267/1  214/268/1
usemtl chunksTextures/obj_book_01
f  215/277/2  213/269/2  212/272/2  216/278/2
usemtl chunksTextures/obj_book_02
f  216/279/3  212/280/3  211/281/3  217/282/3
usemtl chunksTextures/obj_book_02
f  218/282/4  214/281/4  213/280/4  215/279/4
usemtl chunksTextures/obj_book_03
f  217/278/5  211/272/5  214/269/5  218/277/5
usemtl chunksTextures/obj_book_01
f  218/268/6  215/267/6  216/266/6  217/265/6

o entity0_brush21
usemtl chunksTextures/obj_book_01
f  219/265/1  220/266/1  221/267/1  222/268/1
usemtl chunksTextures/obj_book_01
f  223/283/2  221/277/2  220/278/2  224/284/2
usemtl chunksTextures/obj_book_02
f  224/285/3  220/286/3  219/287/3  225/288/3
usemtl chunksTextures/obj_book_02
f  226/288/4  222/287/4  221/286/4  223/285/4
usemtl chunksTextures/obj_book_03
f  225/284/5  219/278/5  222/277/5  226/283/5
usemtl chunksTextures/obj_book_01
f  226/268/6  223/267/6  224/266/6  225/265/6

o entity0_brush22
usemtl chunksTextures/obj_book_01
f  227/265/1  228/266/1  229/267/1  230/268/1
usemtl chunksTextures/obj_book_01
f  231/289/2  229/290/2  228/291/2  232/292/2
usemtl chunksTextures/obj_book_02
f  232/293/3  228/294/3  227/295/3  233/296/3
usemtl chunksTextures/obj_book_02
f  234/296/4  230/295/4  229/294/4  231/293/4
usemtl chunksTextures/obj_book_03
f  233/292/5  227/291/5  230/290/5  234/289/5
usemtl chunksTextures/obj_book_01
f  234/268/6  231/267/6  232/266/6  233/265/6

o entity0_brush23
usemtl chunksTextures/obj_book_01
f  235/265/1  236/266/1  237/267/1  238/268/1
usemtl chunksTextures/obj_book_01
f  239/297/2  237/289/2  236/292/2  240/298/2
usemtl chunksTextures/obj_book_02
f  240/299/3  236/300/3  235/301/3  241/302/3
usemtl chunksTextures/obj_book_02
f  242/302/4  238/301/4  237/300/4  239/299/4
usemtl chunksTextures/obj_book_03
f  241/298/5  235/292/5  238/289/5  242/297/5
usemtl chunksTextures/obj_book_01
f  242/268/6  239/267/6  240/266/6  241/265/6

o entity0_brush24
usemtl chunksTextures/obj_book_01
f  243/265/1  244/266/1  245/267/1  246/268/1
usemtl chunksTextures/obj_book_01
f  247/303/2  245/304/2  244/305/2  248/306/2
usemtl chunksTextures/obj_book_02
f  248/307/3  244/308/3  243/309/3  249/310/3
usemtl chunksTextures/obj_book_02
f  250/310/4  246/309/4  245/308/4  247/307/4
usemtl chunksTextures/obj_book_03
f  249/306/5  243/305/5  246/304/5  250/303/5
usemtl chunksTextures/obj_book_01
f  250/268/6  247/267/6  248/266/6  249/265/6

o entity0_brush25
usemtl chunksTextures/obj_book_01
f  251/265/1  252/266/1  253/267/1  254/268/1
usemtl chunksTextures/obj_book_01
f  255/311/2  253/303/2  252/306/2  256/312/2
usemtl chunksTextures/obj_book_02
f  256/313/3  252/314/3  251/315/3  257/316/3
usemtl chunksTextures/obj_book_02
f  258/316/4  254/315/4  253/314/4  255/313/4
usemtl chunksTextures/obj_book_03
f  257/312/5  251/306/5  254/303/5  258/311/5
usemtl chunksTextures/obj_book_01
f  258/268/6  255/267/6  256/266/6  257/265/6

o entity0_brush26
usemtl chunksTextures/obj_book_01
f  259/265/1  260/266/1  261/267/1  262/268/1
usemtl chunksTextures/obj_book_01
f  263/317/2  261/311/2  260/312/2  264/318/2
usemtl chunksTextures/obj_book_02
f  264/319/3  260/320/3  259/321/3  265/322/3
usemtl chunksTextures/obj_book_02
f  266/322/4  262/321/4  261/320/4  263/319/4
usemtl chunksTextures/obj_book_03
f  265/318/5  259/312/5  262/311/5  266/317/5
usemtl chunksTextures/obj_book_01
f  266/268/6  263/267/6  264/266/6  265/265/6

o entity0_brush27
usemtl chunksTextures/obj_book_01
f  267/265/1  268/266/1  269/267/1  270/268/1
usemtl chunksTextures/obj_book_01
f  271/323/2  269/324/2  268/325/2  272/326/2
usemtl chunksTextures/obj_book_02
f  272/327/3  268/328/3  267/329/3  273/330/3
usemtl chunksTextures/obj_book_02
f  274/330/4  270/329/4  269/328/4  271/327/4
usemtl chunksTextures/obj_book_03
f  273/326/5  267/325/5  270/324/5  274/323/5
usemtl chunksTextures/obj_book_01
f  274/268/6  271/267/6  272/266/6  273/265/6

o entity0_brush28
usemtl chunksTextures/obj_book_01
f  275/331/1  276/332/1  277/333/1  278/334/1
usemtl chunksTextures/obj_book_01
f  279/335/2  277/336/2  276/337/2  280/338/2
usemtl chunksTextures/obj_book_02
f  280/339/3  276/340/3  275/341/3  281/342/3
usemtl chunksTextures/obj_book_02
f  282/342/4  278/341/4  277/340/4  279/339/4
usemtl chunksTextures/obj_book_03
f  281/338/5  275/337/5  278/336/5  282/335/5
usemtl chunksTextures/obj_book_01
f  282/334/6  279/333/6  280/332/6  281/331/6

o entity0_brush29
usemtl chunksTextures/obj_book_01
f  283/331/1  284/332/1  285/333/1  286/334/1
usemtl chunksTextures/obj_book_01
f  287/343/2  285/335/2  284/338/2  288/344/2
usemtl chunksTextures/obj_book_02
f  288/345/3  284/346/3  283/347/3  289/348/3
usemtl chunksTextures/obj_book_02
f  290/348/4  286/347/4  285/346/4  287/345/4
usemtl chunksTextures/obj_book_03
f  289/344/5  283/338/5  286/335/5  290/343/5
usemtl chunksTextures/obj_book_01
f  290/334/6  287/333/6  288/332/6  289/331/6

o entity0_brush30
usemtl chunksTextures/obj_book_01
f  291/331/1  292/332/1  293/333/1  294/334/1
usemtl chunksTextures/obj_book_01
f  295/349/2  293/350/2  292/351/2  296/352/2
usemtl chunksTextures/obj_book_02
f  296/353/3  292/354/3  291/355/3  297/356/3
usemtl chunksTextures/obj_book_02
f  298/356/4  294/355/4  293/354/4  295/353/4
usemtl chunksTextures/obj_book_03
f  297/352/5  291/351/5  294/350/5  298/349/5
usemtl chunksTextures/obj_book_01
f  298/334/6  295/333/6  296/332/6  297/331/6

o entity0_brush31
usemtl chunksTextures/obj_book_01
f  299/331/1  300/332/1  301/333/1  302/334/1
usemtl chunksTextures/obj_book_01
f  303/357/2  301/349/2  300/352/2  304/358/2
usemtl chunksTextures/obj_book_02
f  304/359/3  300/360/3  299/361/3  305/362/3
usemtl chunksTextures/obj_book_02
f  306/362/4  302/361/4  301/360/4  303/359/4
usemtl chunksTextures/obj_book_03
f  305/358/5  299/352/5  302/349/5  306/357/5
usemtl chunksTextures/obj_book_01
f  306/334/6  303/333/6  304/332/6  305/331/6

o entity0_brush32
usemtl chunksTextures/obj_book_01
f  307/331/1  308/332/1  309/333/1  310/334/1
usemtl chunksTextures/obj_book_01
f  311/363/2  309/364/2  308/365/2  312/366/2
usemtl chunksTextures/obj_book_02
f  312/367/3  308/368/3  307/369/3  313/370/3
usemtl chunksTextures/obj_book_02
f  314/370/4  310/369/4  309/368/4  311/367/4
usemtl chunksTextures/obj_book_03
f  313/366/5  307/365/5  310/364/5  314/363/5
usemtl chunksTextures/obj_book_01
f  314/334/6  311/333/6  312/332/6  313/331/6

o entity0_brush33
usemtl chunksTextures/obj_book_01
f  315/331/1  316/332/1  317/333/1  318/334/1
usemtl chunksTextures/obj_book_01
f  319/371/2  317/363/2  316/366/2  320/372/2
usemtl chunksTextures/obj_book_02
f  320/255/3  316/256/3  315/257/3  321/258/3
usemtl chunksTextures/obj_book_02
f  322/258/4  318/257/4  317/256/4  319/255/4
usemtl chunksTextures/obj_book_03
f  321/372/5  315/366/5  318/363/5  322/371/5
usemtl chunksTextures/obj_book_01
f  322/334/6  319/333/6  320/332/6  321/331/6

o entity0_brush34
usemtl chunksTextures/obj_book_01
f  323/331/1  324/332/1  325/333/1  326/334/1
usemtl chunksTextures/obj_book_01
f  327/373/2  325/371/2  324/372/2  328/374/2
usemtl chunksTextures/obj_book_02
f  328/375/3  324/376/3  323/377/3  329/378/3
usemtl chunksTextures/obj_book_02
f  330/378/4  326/377/4  325/376/4  327/375/4
usemtl chunksTextures/obj_book_03
f  329/374/5  323/372/5  326/371/5  330/373/5
usemtl chunksTextures/obj_book_01
f  330/334/6  327/333/6  328/332/6  329/331/6

o entity0_brush35
usemtl chunksTextures/obj_book_01
f  331/331/1  332/332/1  333/333/1  334/334/1
usemtl chunksTextures/obj_book_01
f  335/379/2  333/380/2  332/381/2  336/382/2
usemtl chunksTextures/obj_book_02
f  336/383/3  332/384/3  331/385/3  337/386/3
usemtl chunksTextures/obj_book_02
f  338/386/4  334/385/4  333/384/4  335/383/4
usemtl chunksTextures/obj_book_03
f  337/382/5  331/381/5  334/380/5  338/379/5
usemtl chunksTextures/obj_book_01
f  338/334/6  335/333/6  336/332/6  337/331/6

o entity0_brush36
usemtl officeTextures/player_texture
f  339/387/1  340/388/1  341/389/1  342/390/1
usemtl officeTextures/player_texture
f  343/391/67  340/388/67  339/387/67  344/392/67
usemtl officeTextures/player_texture
f  345/393/68  342/390/68  341/389/68  346/394/68
usemtl officeTextures/player_texture
f  347/395/9  341/396/9  340/397/9  348/398/9
usemtl officeTextures/player_texture
f  349/399/69  339/400/69  342/401/69  350/402/69
usemtl officeTextures/player_texture
f  351/403/70  346/404/70  341/405/70  347/406/70
usemtl officeTextures/player_texture
f  350/407/71  342/408/71  345/409/71  352/410/71
usemtl officeTextures/player_texture
f  353/410/72  344/409/72  339/408/72  349/407/72
usemtl officeTextures/player_texture
f  348/406/73  340/405/73  343/404/73  354/403/73
usemtl officeTextures/player_texture
f  355/411/74  345/409/74  346/404/74  356/412/74
usemtl officeTextures/player_texture
f  357/412/75  343/404/75  344/409/75  358/411/75
usemtl officeTextures/player_texture
f  352/410/76  345/409/76  355/411/76  359/413/76
usemtl officeTextures/player_texture
f  360/413/77  358/411/77  344/409/77  353/410/77
usemtl officeTextures/player_texture
f  354/403/78  343/404/78  357/412/78  361/414/78
usemtl officeTextures/player_texture
f  362/414/79  356/412/79  346/404/79  351/403/79
usemtl officeTextures/player_texture
f  363/415/80  355/411/80  356/412/80  364/416/80
usemtl officeTextures/player_texture
f  365/417/81  364/416/81  356/412/81  362/414/81
usemtl officeTextures/player_texture
f  359/413/82  355/411/82  363/415/82  366/418/82
usemtl officeTextures/player_texture
f  367/419/83  357/412/83  358/411/83
usemtl officeTextures/player_texture
f  361/414/84  357/412/84  367/419/84
usemtl officeTextures/player_texture
f  367/419/85  358/411/85  360/413/85
usemtl officeTextures/player_texture
f  363/415/86  364/416/86  368/419/86
usemtl officeTextures/player_texture
f  368/420/87  364/421/87  365/422/87
usemtl officeTextures/player_texture
f  366/423/88  363/424/88  368/425/88
usemtl officeTextures/player_texture
f  369/426/89  348/399/89  354/427/89  370/428/89
usemtl officeTextures/player_texture
f  371/429/2  347/430/2  348/399/2  369/426/2
usemtl officeTextures/player_texture
f  370/431/90  354/403/90  361/414/90  372/432/90
usemtl officeTextures/player_texture
f  373/433/91  365/417/91  362/414/91  374/432/91
usemtl officeTextures/player_texture
f  372/432/92  361/414/92  367/419/92
usemtl officeTextures/player_texture
f  368/419/93  365/417/93  373/433/93
usemtl officeTextures/player_texture
f  375/434/94  366/418/94  368/419/94
usemtl officeTextures/player_texture
f  367/419/95  360/413/95  376/435/95
usemtl officeTextures/player_texture
f  377/435/35  359/413/35  366/418/35  375/434/35
usemtl officeTextures/player_texture
f  376/435/96  360/413/96  353/410/96  378/436/96
usemtl officeTextures/player_texture
f  379/436/97  352/410/97  359/413/97  377/435/97
usemtl officeTextures/player_texture
f  380/437/98  350/402/98  352/438/98  379/439/98
usemtl officeTextures/player_texture
f  378/428/99  353/427/99  349/399/99  381/426/99
usemtl officeTextures/player_texture
f  381/426/5  349/399/5  350/402/5  380/437/5
usemtl officeTextures/player_texture
f  382/439/100  351/438/100  347/430/100  371/429/100
usemtl officeTextures/player_texture
f  374/432/101  362/414/101  351/403/101  382/431/101
usemtl officeTextures/player_texture
f  375/440/102  368/441/102  383/442/102
usemtl officeTextures/player_texture
f  384/443/103  368/444/103  373/445/103
usemtl officeTextures/player_texture
f  383/446/104  368/419/104  384/447/104
usemtl officeTextures/player_texture
f  385/448/105  367/419/105  376/435/105
usemtl officeTextures/player_texture
f  372/432/106  367/419/106  386/449/106
usemtl officeTextures/player_texture
f  386/449/107  367/419/107  385/448/107
usemtl officeTextures/player_texture
f  387/449/108  384/447/108  373/433/108  374/432/108
usemtl officeTextures/player_texture
f  377/435/109  375/434/109  383/446/109  388/448/109
usemtl officeTextures/player_texture
f  388/448/110  383/446/110  384/447/110  387/449/110
usemtl officeTextures/player_texture
f  389/450/111  387/449/111  374/432/111  382/431/111
usemtl officeTextures/player_texture
f  390/451/112  385/448/112  376/435/112  378/436/112
usemtl officeTextures/player_texture
f  370/431/113  372/432/113  386/449/113  391/450/113
usemtl officeTextures/player_texture
f  379/436/114  377/435/114  388/448/114  392/452/114
usemtl officeTextures/player_texture
f  391/450/115  386/449/115  385/448/115  390/451/115
usemtl officeTextures/player_texture
f  392/452/116  388/448/116  387/449/116  389/450/116
usemtl officeTextures/player_texture
f  390/451/117  378/436/117  381/453/117  393/454/117
usemtl officeTextures/player_texture
f  394/455/118  369/456/118  370/431/118  391/450/118
usemtl officeTextures/player_texture
f  395/454/119  380/453/119  379/436/119  392/452/119
usemtl officeTextures/player_texture
f  389/450/120  382/431/120  371/456/120  396/457/120
usemtl officeTextures/player_texture
f  393/458/121  381/459/121  380/460/121  395/461/121
usemtl officeTextures/player_texture
f  396/462/122  371/463/122  369/464/122  394/465/122
usemtl officeTextures/player_texture
f  395/466/123  392/467/123  389/394/123  396/468/123
usemtl officeTextures/player_texture
f  394/388/124  391/391/124  390/392/124  393/387/124
usemtl officeTextures/player_texture
f  395/466/6  396/468/6  394/388/6  393/387/6

o entity0_brush37
usemtl officeTextures/player_texture
f  397/469/1  398/470/1  399/471/1  400/472/1
usemtl officeTextures/player_texture
f  401/473/67  398/470/67  397/469/67  402/474/67
usemtl officeTextures/player_texture
f  403/475/125  400/472/125  399/471/125  404/476/125
usemtl officeTextures/player_texture
f  405/477/9  399/478/9  398/479/9  406/480/9
usemtl officeTextures/player_texture
f  407/481/69  397/482/69  400/483/69  408/484/69
usemtl officeTextures/player_texture
f  409/485/126  404/486/126  399/487/126  405/488/126
usemtl officeTextures/player_texture
f  408/489/127  400/490/127  403/491/127  410/492/127
usemtl officeTextures/player_texture
f  406/488/128  398/487/128  401/486/128  411/485/128
usemtl officeTextures/player_texture
f  412/492/129  402/491/129  397/490/129  407/489/129
usemtl officeTextures/player_texture
f  413/493/130  403/491/130  404/486/130  414/494/130
usemtl officeTextures/player_texture
f  415/494/131  401/486/131  402/491/131  416/493/131
usemtl officeTextures/player_texture
f  410/492/132  403/491/132  413/493/132  417/495/132
usemtl officeTextures/player_texture
f  418/495/133  416/493/133  402/491/133  412/492/133
usemtl officeTextures/player_texture
f  411/485/134  401/486/134  415/494/134  419/496/134
usemtl officeTextures/player_texture
f  420/496/135  414/494/135  404/486/135  409/485/135
usemtl officeTextures/player_texture
f  421/497/80  413/493/80  414/494/80  422/498/80
usemtl officeTextures/player_texture
f  423/499/81  422/498/81  414/494/81  420/496/81
usemtl officeTextures/player_texture
f  417/495/136  413/493/136  421/497/136  424/500/136
usemtl officeTextures/player_texture
f  425/501/137  415/494/137  416/493/137
usemtl officeTextures/player_texture
f  419/496/138  415/494/138  425/501/138
usemtl officeTextures/player_texture
f  425/501/139  416/493/139  418/495/139
usemtl officeTextures/player_texture
f  421/497/86  422/498/86  426/501/86
usemtl officeTextures/player_texture
f  426/502/87  422/503/87  423/504/87
usemtl officeTextures/player_texture
f  424/505/140  421/506/140  426/507/140
usemtl officeTextures/player_texture
f  427/508/141  406/481/141  411/509/141  428/510/141
usemtl officeTextures/player_texture
f  429/511/2  405/512/2  406/481/2  427/508/2
usemtl officeTextures/player_texture
f  428/513/90  411/485/90  419/496/90  430/514/90
usemtl officeTextures/player_texture
f  431/515/142  423/499/142  420/496/142  432/514/142
usemtl officeTextures/player_texture
f  430/514/143  419/496/143  425/501/143
usemtl officeTextures/player_texture
f  426/501/144  423/499/144  431/515/144
usemtl officeTextures/player_texture
f  433/516/33  424/500/33  426/501/33
usemtl officeTextures/player_texture
f  425/501/34  418/495/34  434/517/34
usemtl officeTextures/player_texture
f  435/517/35  417/495/35  424/500/35  433/516/35
usemtl officeTextures/player_texture
f  434/517/145  418/495/145  412/492/145  436/518/145
usemtl officeTextures/player_texture
f  437/519/146  410/492/146  417/495/146  435/517/146
usemtl officeTextures/player_texture
f  438/520/38  408/484/38  410/521/38  437/522/38
usemtl officeTextures/player_texture
f  436/510/147  412/509/147  407/481/147  439/508/147
usemtl officeTextures/player_texture
f  439/508/5  407/481/5  408/484/5  438/520/5
usemtl officeTextures/player_texture
f  440/523/148  409/521/148  405/512/148  429/511/148
usemtl officeTextures/player_texture
f  432/514/101  420/496/101  409/485/101  440/513/101
usemtl officeTextures/player_texture
f  433/524/102  426/507/102  441/525/102
usemtl officeTextures/player_texture
f  442/526/149  426/502/149  431/527/149
usemtl officeTextures/player_texture
f  441/528/150  426/501/150  442/529/150
usemtl officeTextures/player_texture
f  443/530/105  425/501/105  434/517/105
usemtl officeTextures/player_texture
f  430/514/151  425/501/151  444/531/151
usemtl officeTextures/player_texture
f  444/531/152  425/501/152  443/530/152
usemtl officeTextures/player_texture
f  445/531/153  442/529/153  431/515/153  432/514/153
usemtl officeTextures/player_texture
f  435/517/154  433/516/154  441/528/154  446/530/154
usemtl officeTextures/player_texture
f  446/530/155  441/528/155  442/529/155  445/531/155
usemtl officeTextures/player_texture
f  447/532/156  445/531/156  432/514/156  440/513/156
usemtl officeTextures/player_texture
f  448/533/112  443/530/112  434/517/112  436/518/112
usemtl officeTextures/player_texture
f  428/513/157  430/514/157  444/531/157  449/532/157
usemtl officeTextures/player_texture
f  437/519/158  435/517/158  446/530/158  450/534/158
usemtl officeTextures/player_texture
f  449/532/159  444/531/159  443/530/159  448/533/159
usemtl officeTextures/player_texture
f  450/534/160  446/530/160  445/531/160  447/532/160
usemtl officeTextures/player_texture
f  448/533/117  436/518/117  439/535/117  451/536/117
usemtl officeTextures/player_texture
f  452/537/161  427/538/161  428/513/161  449/532/161
usemtl officeTextures/player_texture
f  453/536/162  438/535/162  437/519/162  450/534/162
usemtl officeTextures/player_texture
f  447/539/163  440/540/163  429/541/163  454/542/163
usemtl officeTextures/player_texture
f  451/543/164  439/544/164  438/545/164  453/546/164
usemtl officeTextures/player_texture
f  454/547/165  429/548/165  427/549/165  452/550/165
usemtl officeTextures/player_texture
f  453/551/166  450/552/166  447/476/166  454/553/166
usemtl officeTextures/player_texture
f  452/470/124  449/473/124  448/474/124  451/469/124
usemtl officeTextures/player_texture
f  453/551/6  454/553/6  452/470/6  451/469/6

o entity0_brush38
usemtl officeTextures/player_texture
f  455/554/1  456/555/1  457/556/1  458/557/1
usemtl officeTextures/player_texture
f  459/558/67  456/555/67  455/554/67  460/559/67
usemtl officeTextures/player_texture
f  461/560/68  458/557/68  457/556/68  462/561/68
usemtl officeTextures/player_texture
f  463/562/9  457/563/9  456/564/9  464/565/9
usemtl officeTextures/player_texture
f  465/566/69  455/567/69  458/568/69  466/569/69
usemtl officeTextures/player_texture
f  467/570/70  462/571/70  457/572/70  463/573/70
usemtl officeTextures/player_texture
f  466/574/71  458/575/71  461/576/71  468/577/71
usemtl officeTextures/player_texture
f  469/577/72  460/576/72  455/575/72  465/574/72
usemtl officeTextures/player_texture
f  464/573/73  456/572/73  459/571/73  470/570/73
usemtl officeTextures/player_texture
f  471/578/74  461/576/74  462/571/74  472/579/74
usemtl officeTextures/player_texture
f  473/579/75  459/571/75  460/576/75  474/578/75
usemtl officeTextures/player_texture
f  468/577/76  461/576/76  471/578/76  475/580/76
usemtl officeTextures/player_texture
f  476/580/77  474/578/77  460/576/77  469/577/77
usemtl officeTextures/player_texture
f  470/570/78  459/571/78  473/579/78  477/581/78
usemtl officeTextures/player_texture
f  478/581/79  472/579/79  462/571/79  467/570/79
usemtl officeTextures/player_texture
f  479/582/80  471/578/80  472/579/80  480/583/80
usemtl officeTextures/player_texture
f  481/584/81  480/583/81  472/579/81  478/581/81
usemtl officeTextures/player_texture
f  475/580/82  471/578/82  479/582/82  482/585/82
usemtl officeTextures/player_texture
f  483/586/83  473/579/83  474/578/83
usemtl officeTextures/player_texture
f  477/581/84  473/579/84  483/586/84
usemtl officeTextures/player_texture
f  483/586/85  474/578/85  476/580/85
usemtl officeTextures/player_texture
f  479/582/86  480/583/86  484/586/86
usemtl officeTextures/player_texture
f  484/587/87  480/588/87  481/589/87
usemtl officeTextures/player_texture
f  482/590/88  479/591/88  484/592/88
usemtl officeTextures/player_texture
f  485/593/89  464/566/89  470/594/89  486/595/89
usemtl officeTextures/player_texture
f  487/596/2  463/597/2  464/566/2  485/593/2
usemtl officeTextures/player_texture
f  486/598/90  470/570/90  477/581/90  488/599/90
usemtl officeTextures/player_texture
f  489/600/91  481/584/91  478/581/91  490/599/91
usemtl officeTextures/player_texture
f  488/599/92  477/581/92  483/586/92
usemtl officeTextures/player_texture
f  484/586/93  481/584/93  489/600/93
usemtl officeTextures/player_texture
f  491/601/94  482/585/94  484/586/94
usemtl officeTextures/player_texture
f  483/586/95  476/580/95  492/602/95
usemtl officeTextures/player_texture
f  493/602/35  475/580/35  482/585/35  491/601/35
usemtl officeTextures/player_texture
f  492/602/96  476/580/96  469/577/96  494/603/96
usemtl officeTextures/player_texture
f  495/603/97  468/577/97  475/580/97  493/602/97
usemtl officeTextures/player_texture
f  496/604/98  466/569/98  468/605/98  495/606/98
usemtl officeTextures/player_texture
f  494/595/99  469/594/99  465/566/99  497/593/99
usemtl officeTextures/player_texture
f  497/593/5  465/566/5  466/569/5  496/604/5
usemtl officeTextures/player_texture
f  498/606/100  467/605/100  463/597/100  487/596/100
usemtl officeTextures/player_texture
f  490/599/101  478/581/101  467/570/101  498/598/101
usemtl officeTextures/player_texture
f  491/607/102  484/592/102  499/608/102
usemtl officeTextures/player_texture
f  500/609/103  484/587/103  489/610/103
usemtl officeTextures/player_texture
f  499/611/104  484/586/104  500/612/104
usemtl officeTextures/player_texture
f  501/613/105  483/586/105  492/602/105
usemtl officeTextures/player_texture
f  488/599/106  483/586/106  502/614/106
usemtl officeTextures/player_texture
f  502/614/107  483/586/107  501/613/107
usemtl officeTextures/player_texture
f  503/614/108  500/612/108  489/600/108  490/599/108
usemtl officeTextures/player_texture
f  493/602/109  491/601/109  499/611/109  504/613/109
usemtl officeTextures/player_texture
f  504/613/110  499/611/110  500/612/110  503/614/110
usemtl officeTextures/player_texture
f  505/615/111  503/614/111  490/599/111  498/598/111
usemtl officeTextures/player_texture
f  506/616/112  501/613/112  492/602/112  494/603/112
usemtl officeTextures/player_texture
f  486/598/113  488/599/113  502/614/113  507/615/113
usemtl officeTextures/player_texture
f  495/603/114  493/602/114  504/613/114  508/617/114
usemtl officeTextures/player_texture
f  507/615/115  502/614/115  501/613/115  506/616/115
usemtl officeTextures/player_texture
f  508/617/116  504/613/116  503/614/116  505/615/116
usemtl officeTextures/player_texture
f  506/616/117  494/603/117  497/618/117  509/619/117
usemtl officeTextures/player_texture
f  510/620/118  485/621/118  486/598/118  507/615/118
usemtl officeTextures/player_texture
f  511/619/119  496/618/119  495/603/119  508/617/119
usemtl officeTextures/player_texture
f  505/622/120  498/623/120  487/624/120  512/625/120
usemtl officeTextures/player_texture
f  509/626/121  497/627/121  496/628/121  511/629/121
usemtl officeTextures/player_texture
f  512/630/122  487/631/122  485/632/122  510/633/122
usemtl officeTextures/player_texture
f  511/634/123  508/635/123  505/561/123  512/636/123
usemtl officeTextures/player_texture
f  510/555/124  507/558/124  506/559/124  509/554/124
usemtl officeTextures/player_texture
f  511/634/6  512/636/6  510/555/6  509/554/6

o entity0_brush39
usemtl officeTextures/poster_01
f  513/637/1  514/638/1  515/639/1  516/640/1
usemtl officeTextures/poster_01
f  517/641/2  515/642/2  514/643/2  518/644/2
usemtl officeTextures/poster_01
f  518/645/3  514/646/3  513/647/3  519/648/3
usemtl officeTextures/poster_01
f  520/649/4  516/650/4  515/651/4  517/652/4
usemtl officeTextures/dev_nodraw
f  519/653/5  513/654/5  516/655/5  520/656/5
usemtl officeTextures/poster_01
f  520/657/6  517/658/6  518/659/6  519/660/6

o entity0_brush40
usemtl chunksTextures/obj_book_01
f  521/661/1  522/662/1  523/663/1  524/664/1
usemtl chunksTextures/obj_book_01
f  525/665/2  523/666/2  522/667/2  526/668/2
usemtl chunksTextures/obj_book_02
f  526/669/3  522/670/3  521/671/3  527/672/3
usemtl chunksTextures/obj_book_02
f  528/672/4  524/671/4  523/670/4  525/669/4
usemtl chunksTextures/obj_book_03
f  527/668/5  521/667/5  524/666/5  528/665/5
usemtl chunksTextures/obj_book_01
f  528/664/6  525/663/6  526/662/6  527/661/6

o entity0_brush41
usemtl __TB_empty
f  529/673/1  530/674/1  531/675/1  532/676/1
usemtl __TB_empty
f  533/677/2  531/678/2  530/679/2  534/680/2
usemtl __TB_empty
f  534/681/3  530/682/3  529/683/3  535/684/3
usemtl __TB_empty
f  536/684/4  532/683/4  531/682/4  533/681/4
usemtl __TB_empty
f  535/680/5  529/679/5  532/678/5  536/677/5
usemtl __TB_empty
f  536/676/6  533/675/6  534/674/6  535/673/6

o entity0_brush42
usemtl officeTextures/poster_02
f  537/637/1  538/638/1  539/639/1  540/640/1
usemtl officeTextures/poster_02
f  541/685/2  539/641/2  538/644/2  542/686/2
usemtl officeTextures/poster_02
f  542/687/3  538/645/3  537/648/3  543/688/3
usemtl officeTextures/poster_02
f  544/689/4  540/649/4  539/652/4  541/690/4
usemtl officeTextures/dev_nodraw
f  543/691/5  537/692/5  540/693/5  544/694/5
usemtl officeTextures/poster_02
f  544/657/6  541/658/6  542/659/6  543/660/6

o entity0_brush43
usemtl officeTextures/player_texture
f  545/695/1  546/696/1  547/697/1  548/698/1
usemtl officeTextures/player_texture
f  549/699/167  546/696/167  545/695/167  550/700/167
usemtl officeTextures/player_texture
f  551/701/168  548/698/168  547/697/168  552/702/168
usemtl officeTextures/player_texture
f  553/703/9  547/704/9  546/705/9  554/706/9
usemtl officeTextures/player_texture
f  555/707/169  545/708/169  548/709/169  556/710/169
usemtl officeTextures/player_texture
f  557/711/170  552/712/170  547/713/170  553/714/170
usemtl officeTextures/player_texture
f  556/715/171  548/716/171  551/717/171  558/718/171
usemtl officeTextures/player_texture
f  559/718/172  550/717/172  545/716/172  555/715/172
usemtl officeTextures/player_texture
f  554/714/173  546/713/173  549/712/173  560/711/173
usemtl officeTextures/player_texture
f  561/719/174  551/717/174  552/712/174  562/720/174
usemtl officeTextures/player_texture
f  563/720/175  549/712/175  550/717/175  564/719/175
usemtl officeTextures/player_texture
f  558/718/176  551/717/176  561/719/176  565/721/176
usemtl officeTextures/player_texture
f  566/721/177  564/719/177  550/717/177  559/718/177
usemtl officeTextures/player_texture
f  560/711/178  549/712/178  563/720/178  567/722/178
usemtl officeTextures/player_texture
f  568/722/179  562/720/179  552/712/179  557/711/179
usemtl officeTextures/player_texture
f  569/723/180  561/719/180  562/720/180  570/724/180
usemtl officeTextures/player_texture
f  571/725/181  570/724/181  562/720/181  568/722/181
usemtl officeTextures/player_texture
f  565/721/182  561/719/182  569/723/182  572/726/182
usemtl officeTextures/player_texture
f  573/727/183  563/720/183  564/719/183
usemtl officeTextures/player_texture
f  567/728/184  563/729/184  573/730/184
usemtl officeTextures/player_texture
f  573/730/185  564/731/185  566/732/185
usemtl officeTextures/player_texture
f  569/723/186  570/724/186  574/727/186
usemtl officeTextures/player_texture
f  574/733/187  570/734/187  571/735/187
usemtl officeTextures/player_texture
f  572/736/188  569/737/188  574/738/188
usemtl officeTextures/player_texture
f  575/739/189  554/707/189  560/740/189  576/741/189
usemtl officeTextures/player_texture
f  577/742/2  553/743/2  554/707/2  575/739/2
usemtl officeTextures/player_texture
f  576/744/190  560/711/190  567/722/190  578/745/190
usemtl officeTextures/player_texture
f  579/746/191  571/725/191  568/722/191  580/745/191
usemtl officeTextures/player_texture
f  578/745/192  567/722/192  573/727/192
usemtl officeTextures/player_texture
f  574/727/193  571/725/193  579/746/193
usemtl officeTextures/player_texture
f  581/747/194  572/726/194  574/727/194
usemtl officeTextures/player_texture
f  573/727/195  566/721/195  582/748/195
usemtl officeTextures/player_texture
f  583/748/35  565/721/35  572/726/35  581/747/35
usemtl officeTextures/player_texture
f  582/748/196  566/721/196  559/718/196  584/749/196
usemtl officeTextures/player_texture
f  585/750/197  558/718/197  565/721/197  583/748/197
usemtl officeTextures/player_texture
f  586/751/198  556/710/198  558/752/198  585/753/198
usemtl officeTextures/player_texture
f  584/741/199  559/740/199  555/707/199  587/739/199
usemtl officeTextures/player_texture
f  587/739/5  555/707/5  556/710/5  586/751/5
usemtl officeTextures/player_texture
f  588/754/200  557/752/200  553/743/200  577/742/200
usemtl officeTextures/player_texture
f  580/745/201  568/722/201  557/711/201  588/744/201
usemtl officeTextures/player_texture
f  581/755/202  574/756/202  589/757/202
usemtl officeTextures/player_texture
f  590/758/203  574/759/203  579/760/203
usemtl officeTextures/player_texture
f  589/761/204  574/727/204  590/762/204
usemtl officeTextures/player_texture
f  591/763/205  573/727/205  582/748/205
usemtl officeTextures/player_texture
f  578/745/206  573/727/206  592/764/206
usemtl officeTextures/player_texture
f  592/764/207  573/727/207  591/763/207
usemtl officeTextures/player_texture
f  593/764/208  590/762/208  579/746/208  580/745/208
usemtl officeTextures/player_texture
f  583/748/209  581/747/209  589/761/209  594/763/209
usemtl officeTextures/player_texture
f  594/763/210  589/761/210  590/762/210  593/764/210
usemtl officeTextures/player_texture
f  595/765/211  593/764/211  580/745/211  588/744/211
usemtl officeTextures/player_texture
f  596/766/212  591/763/212  582/748/212  584/749/212
usemtl officeTextures/player_texture
f  576/744/213  578/745/213  592/764/213  597/765/213
usemtl officeTextures/player_texture
f  585/750/214  583/748/214  594/763/214  598/767/214
usemtl officeTextures/player_texture
f  597/768/215  592/769/215  591/770/215  596/771/215
usemtl officeTextures/player_texture
f  598/767/216  594/763/216  593/764/216  595/765/216
usemtl officeTextures/player_texture
f  596/766/217  584/749/217  587/772/217  599/773/217
usemtl officeTextures/player_texture
f  600/774/218  575/775/218  576/744/218  597/765/218
usemtl officeTextures/player_texture
f  601/773/219  586/772/219  585/750/219  598/767/219
usemtl officeTextures/player_texture
f  595/776/220  588/777/220  577/778/220  602/779/220
usemtl officeTextures/player_texture
f  599/780/221  587/781/221  586/782/221  601/783/221
usemtl officeTextures/player_texture
f  602/784/122  577/785/122  575/786/122  600/787/122
usemtl officeTextures/player_texture
f  601/788/222  598/789/222  595/702/222  602/790/222
usemtl officeTextures/player_texture
f  600/696/223  597/699/223  596/700/223  599/695/223
usemtl officeTextures/player_texture
f  601/788/6  602/790/6  600/696/6  599/695/6

o entity0_brush44
usemtl officeTextures/color_07
f  603/133/1  604/791/1  605/792/1  606/793/1
usemtl officeTextures/color_07
f  607/794/2  605/795/2  604/796/2  608/797/2
usemtl officeTextures/color_07
f  608/798/3  604/799/3  603/800/3  609/801/3
usemtl officeTextures/color_07
f  610/801/4  606/800/4  605/799/4  607/798/4
usemtl officeTextures/color_07
f  609/797/5  603/796/5  606/795/5  610/794/5
usemtl officeTextures/color_07
f  610/793/6  607/792/6  608/791/6  609/133/6

o entity0_brush45
usemtl officeTextures/color_07
f  611/802/1  612/803/1  613/804/1  614/805/1
usemtl officeTextures/color_07
f  615/806/2  613/807/2  612/808/2  616/809/2
usemtl officeTextures/color_07
f  616/810/3  612/811/3  611/812/3  617/813/3
usemtl officeTextures/color_07
f  618/813/4  614/812/4  613/811/4  615/810/4
usemtl officeTextures/color_07
f  617/809/5  611/808/5  614/807/5  618/806/5
usemtl officeTextures/color_07
f  618/805/6  615/804/6  616/803/6  617/802/6

o entity0_brush46
usemtl officeTextures/poster_02
f  619/814/1  620/815/1  621/816/1  622/817/1
usemtl officeTextures/poster_02
f  623/818/2  621/819/2  620/820/2  624/821/2
usemtl officeTextures/poster_02
f  624/822/3  620/823/3  619/824/3  625/825/3
usemtl officeTextures/poster_02
f  626/826/4  622/827/4  621/828/4  623/829/4
usemtl officeTextures/dev_nodraw
f  625/830/5  619/831/5  622/832/5  626/833/5
usemtl officeTextures/poster_02
f  626/834/6  623/835/6  624/836/6  625/837/6

o entity0_brush47
usemtl officeTextures/color_08
f  627/838/1  628/839/1  629/840/1  630/841/1
usemtl officeTextures/color_08
f  631/842/2  629/843/2  628/844/2  632/845/2
usemtl officeTextures/color_08
f  632/846/3  628/847/3  627/848/3  633/849/3
usemtl officeTextures/color_08
f  634/849/4  630/848/4  629/847/4  631/846/4
usemtl officeTextures/color_08
f  633/845/5  627/844/5  630/843/5  634/842/5
usemtl officeTextures/color_08
f  634/841/6  631/840/6  632/839/6  633/838/6

o entity0_brush48
usemtl officeTextures/color_08
f  635/838/1  636/839/1  637/840/1  638/841/1
usemtl officeTextures/color_08
f  639/850/2  637/851/2  636/852/2  640/853/2
usemtl officeTextures/color_08
f  640/854/3  636/855/3  635/856/3  641/857/3
usemtl officeTextures/color_08
f  642/857/4  638/856/4  637/855/4  639/854/4
usemtl officeTextures/color_08
f  641/853/5  635/852/5  638/851/5  642/850/5
usemtl officeTextures/color_08
f  642/841/6  639/840/6  640/839/6  641/838/6

o entity0_brush49
usemtl officeTextures/color_08
f  643/838/1  644/839/1  645/840/1  646/841/1
usemtl officeTextures/color_08
f  647/858/2  645/859/2  644/860/2  648/861/2
usemtl officeTextures/color_08
f  648/862/3  644/863/3  643/864/3  649/865/3
usemtl officeTextures/color_08
f  650/865/4  646/864/4  645/863/4  647/862/4
usemtl officeTextures/color_08
f  649/861/5  643/860/5  646/859/5  650/858/5
usemtl officeTextures/color_08
f  650/841/6  647/840/6  648/839/6  649/838/6

o entity0_brush50
usemtl officeTextures/color_08
f  651/838/1  652/839/1  653/840/1  654/841/1
usemtl officeTextures/color_08
f  655/866/2  653/867/2  652/868/2  656/869/2
usemtl officeTextures/color_08
f  656/870/3  652/871/3  651/872/3  657/873/3
usemtl officeTextures/color_08
f  658/873/4  654/872/4  653/871/4  655/870/4
usemtl officeTextures/color_08
f  657/869/5  651/868/5  654/867/5  658/866/5
usemtl officeTextures/color_08
f  658/841/6  655/840/6  656/839/6  657/838/6

o entity0_brush51
usemtl officeTextures/color_08
f  659/838/1  660/839/1  661/840/1  662/841/1
usemtl officeTextures/color_08
f  663/874/2  661/875/2  660/876/2  664/877/2
usemtl officeTextures/color_08
f  664/878/3  660/879/3  659/880/3  665/881/3
usemtl officeTextures/color_08
f  666/881/4  662/880/4  661/879/4  663/878/4
usemtl officeTextures/color_08
f  665/877/5  659/876/5  662/875/5  666/874/5
usemtl officeTextures/color_08
f  666/841/6  663/840/6  664/839/6  665/838/6

o entity0_brush52
usemtl officeTextures/color_08
f  667/882/1  668/883/1  669/884/1  670/885/1
usemtl officeTextures/color_08
f  671/886/2  669/887/2  668/888/2  672/889/2
usemtl officeTextures/color_08
f  672/890/3  668/891/3  667/892/3  673/893/3
usemtl officeTextures/color_08
f  674/893/4  670/892/4  669/891/4  671/890/4
usemtl officeTextures/color_08
f  673/889/5  667/888/5  670/887/5  674/886/5
usemtl officeTextures/color_08
f  674/885/6  671/884/6  672/883/6  673/882/6

o entity0_brush53
usemtl officeTextures/color_08
f  675/894/1  676/895/1  677/896/1  678/897/1
usemtl officeTextures/color_08
f  679/898/2  677/899/2  676/900/2  680/901/2
usemtl officeTextures/color_08
f  680/902/3  676/903/3  675/904/3  681/905/3
usemtl officeTextures/color_08
f  682/905/4  678/904/4  677/903/4  679/902/4
usemtl officeTextures/color_08
f  681/901/5  675/900/5  678/899/5  682/898/5
usemtl officeTextures/color_08
f  682/897/6  679/896/6  680/895/6  681/894/6

o entity0_brush54
usemtl officeTextures/color_08
f  683/894/1  684/895/1  685/896/1  686/897/1
usemtl officeTextures/color_08
f  687/906/2  685/907/2  684/908/2  688/909/2
usemtl officeTextures/color_08
f  688/910/3  684/911/3  683/912/3  689/913/3
usemtl officeTextures/color_08
f  690/913/4  686/912/4  685/911/4  687/910/4
usemtl officeTextures/color_08
f  689/909/5  683/908/5  686/907/5  690/906/5
usemtl officeTextures/color_08
f  690/897/6  687/896/6  688/895/6  689/894/6

o entity0_brush55
usemtl officeTextures/color_08
f  691/894/1  692/895/1  693/896/1  694/897/1
usemtl officeTextures/color_08
f  695/914/2  693/915/2  692/916/2  696/917/2
usemtl officeTextures/color_08
f  696/918/3  692/919/3  691/920/3  697/921/3
usemtl officeTextures/color_08
f  698/921/4  694/920/4  693/919/4  695/918/4
usemtl officeTextures/color_08
f  697/917/5  691/916/5  694/915/5  698/914/5
usemtl officeTextures/color_08
f  698/897/6  695/896/6  696/895/6  697/894/6

o entity0_brush56
usemtl officeTextures/color_08
f  699/894/1  700/895/1  701/896/1  702/897/1
usemtl officeTextures/color_08
f  703/922/2  701/923/2  700/924/2  704/925/2
usemtl officeTextures/color_08
f  704/846/3  700/847/3  699/848/3  705/849/3
usemtl officeTextures/color_08
f  706/849/4  702/848/4  701/847/4  703/846/4
usemtl officeTextures/color_08
f  705/925/5  699/924/5  702/923/5  706/922/5
usemtl officeTextures/color_08
f  706/897/6  703/896/6  704/895/6  705/894/6

o entity0_brush57
usemtl officeTextures/color_08
f  707/894/1  708/895/1  709/896/1  710/897/1
usemtl officeTextures/color_08
f  711/926/2  709/927/2  708/928/2  712/929/2
usemtl officeTextures/color_08
f  712/930/3  708/931/3  707/932/3  713/933/3
usemtl officeTextures/color_08
f  714/933/4  710/932/4  709/931/4  711/930/4
usemtl officeTextures/color_08
f  713/929/5  707/928/5  710/927/5  714/926/5
usemtl officeTextures/color_08
f  714/897/6  711/896/6  712/895/6  713/894/6

o entity0_brush58
usemtl officeTextures/color_08
f  715/894/1  716/895/1  717/896/1  718/897/1
usemtl officeTextures/color_08
f  719/934/2  717/935/2  716/936/2  720/937/2
usemtl officeTextures/color_08
f  720/938/3  716/939/3  715/940/3  721/941/3
usemtl officeTextures/color_08
f  722/941/4  718/940/4  717/939/4  719/938/4
usemtl officeTextures/color_08
f  721/937/5  715/936/5  718/935/5  722/934/5
usemtl officeTextures/color_08
f  722/897/6  719/896/6  720/895/6  721/894/6

o entity0_brush59
usemtl officeTextures/color_08
f  723/942/1  724/943/1  725/944/1  726/945/1
usemtl officeTextures/color_08
f  727/946/2  725/947/2  724/948/2  728/949/2
usemtl officeTextures/color_08
f  728/938/3  724/939/3  723/940/3  729/941/3
usemtl officeTextures/color_08
f  730/941/4  726/940/4  725/939/4  727/938/4
usemtl officeTextures/color_08
f  729/949/5  723/948/5  726/947/5  730/946/5
usemtl officeTextures/color_08
f  730/945/6  727/944/6  728/943/6  729/942/6

o entity0_brush60
usemtl officeTextures/color_08
f  731/942/1  732/943/1  733/944/1  734/945/1
usemtl officeTextures/color_08
f  735/950/2  733/951/2  732/952/2  736/953/2
usemtl officeTextures/color_08
f  736/930/3  732/931/3  731/932/3  737/933/3
usemtl officeTextures/color_08
f  738/933/4  734/932/4  733/931/4  735/930/4
usemtl officeTextures/color_08
f  737/953/5  731/952/5  734/951/5  738/950/5
usemtl officeTextures/color_08
f  738/945/6  735/944/6  736/943/6  737/942/6

o entity0_brush61
usemtl officeTextures/color_08
f  739/942/1  740/943/1  741/944/1  742/945/1
usemtl officeTextures/color_08
f  743/954/2  741/955/2  740/956/2  744/957/2
usemtl officeTextures/color_08
f  744/846/3  740/847/3  739/848/3  745/849/3
usemtl officeTextures/color_08
f  746/849/4  742/848/4  741/847/4  743/846/4
usemtl officeTextures/color_08
f  745/957/5  739/956/5  742/955/5  746/954/5
usemtl officeTextures/color_08
f  746/945/6  743/944/6  744/943/6  745/942/6

o entity0_brush62
usemtl officeTextures/color_08
f  747/958/1  748/959/1  749/943/1  750/942/1
usemtl officeTextures/color_08
f  751/956/2  749/960/2  748/961/2  752/962/2
usemtl officeTextures/color_08
f  752/847/3  748/963/3  747/964/3  753/848/3
usemtl officeTextures/color_08
f  754/848/4  750/964/4  749/963/4  751/847/4
usemtl officeTextures/color_08
f  753/962/5  747/961/5  750/960/5  754/956/5
usemtl officeTextures/color_08
f  754/942/6  751/943/6  752/959/6  753/958/6

o entity0_brush63
usemtl officeTextures/color_08
f  755/958/1  756/959/1  757/943/1  758/942/1
usemtl officeTextures/color_08
f  759/965/2  757/957/2  756/966/2  760/967/2
usemtl officeTextures/color_08
f  760/855/3  756/846/3  755/849/3  761/856/3
usemtl officeTextures/color_08
f  762/856/4  758/849/4  757/846/4  759/855/4
usemtl officeTextures/color_08
f  761/967/5  755/966/5  758/957/5  762/965/5
usemtl officeTextures/color_08
f  762/942/6  759/943/6  760/959/6  761/958/6

o entity0_brush64
usemtl officeTextures/color_08
f  763/942/1  764/943/1  765/944/1  766/945/1
usemtl officeTextures/color_08
f  767/968/2  765/969/2  764/970/2  768/971/2
usemtl officeTextures/color_08
f  768/910/3  764/911/3  763/912/3  769/913/3
usemtl officeTextures/color_08
f  770/913/4  766/912/4  765/911/4  767/910/4
usemtl officeTextures/color_08
f  769/971/5  763/970/5  766/969/5  770/968/5
usemtl officeTextures/color_08
f  770/945/6  767/944/6  768/943/6  769/942/6

o entity0_brush65
usemtl officeTextures/color_08
f  771/942/1  772/943/1  773/944/1  774/945/1
usemtl officeTextures/color_08
f  775/972/2  773/973/2  772/974/2  776/975/2
usemtl officeTextures/color_08
f  776/902/3  772/903/3  771/904/3  777/905/3
usemtl officeTextures/color_08
f  778/905/4  774/904/4  773/903/4  775/902/4
usemtl officeTextures/color_08
f  777/975/5  771/974/5  774/973/5  778/972/5
usemtl officeTextures/color_08
f  778/945/6  775/944/6  776/943/6  777/942/6

o entity0_brush66
usemtl officeTextures/color_08
f  779/942/1  780/943/1  781/944/1  782/945/1
usemtl officeTextures/color_08
f  783/976/2  781/977/2  780/978/2  784/979/2
usemtl officeTextures/color_08
f  784/918/3  780/919/3  779/920/3  785/921/3
usemtl officeTextures/color_08
f  786/921/4  782/920/4  781/919/4  783/918/4
usemtl officeTextures/color_08
f  785/979/5  779/978/5  782/977/5  786/976/5
usemtl officeTextures/color_08
f  786/945/6  783/944/6  784/943/6  785/942/6

o entity0_brush67
usemtl officeTextures/color_08
f  787/958/1  788/959/1  789/943/1  790/942/1
usemtl officeTextures/color_08
f  791/980/2  789/981/2  788/982/2  792/983/2
usemtl officeTextures/color_08
f  792/878/3  788/879/3  787/880/3  793/881/3
usemtl officeTextures/color_08
f  794/881/4  790/880/4  789/879/4  791/878/4
usemtl officeTextures/color_08
f  793/983/5  787/982/5  790/981/5  794/980/5
usemtl officeTextures/color_08
f  794/942/6  791/943/6  792/959/6  793/958/6

o entity0_brush68
usemtl officeTextures/color_08
f  795/984/1  796/985/1  797/986/1  798/987/1
usemtl officeTextures/color_08
f  799/988/2  797/989/2  796/990/2  800/991/2
usemtl officeTextures/color_08
f  800/890/3  796/891/3  795/892/3  801/893/3
usemtl officeTextures/color_08
f  802/893/4  798/892/4  797/891/4  799/890/4
usemtl officeTextures/color_08
f  801/991/5  795/990/5  798/989/5  802/988/5
usemtl officeTextures/color_08
f  802/987/6  799/986/6  800/985/6  801/984/6

o entity0_brush69
usemtl officeTextures/color_08
f  803/958/1  804/959/1  805/943/1  806/942/1
usemtl officeTextures/color_08
f  807/992/2  805/993/2  804/994/2  808/995/2
usemtl officeTextures/color_08
f  808/870/3  804/871/3  803/872/3  809/873/3
usemtl officeTextures/color_08
f  810/873/4  806/872/4  805/871/4  807/870/4
usemtl officeTextures/color_08
f  809/995/5  803/994/5  806/993/5  810/992/5
usemtl officeTextures/color_08
f  810/942/6  807/943/6  808/959/6  809/958/6

o entity0_brush70
usemtl officeTextures/color_08
f  811/958/1  812/959/1  813/943/1  814/942/1
usemtl officeTextures/color_08
f  815/996/2  813/997/2  812/998/2  816/999/2
usemtl officeTextures/color_08
f  816/862/3  812/863/3  811/864/3  817/865/3
usemtl officeTextures/color_08
f  818/865/4  814/864/4  813/863/4  815/862/4
usemtl officeTextures/color_08
f  817/999/5  811/998/5  814/997/5  818/996/5
usemtl officeTextures/color_08
f  818/942/6  815/943/6  816/959/6  817/958/6

o entity0_brush71
usemtl officeTextures/color_07
f  819/1000/1  820/791/1  821/1001/1  822/1002/1
usemtl officeTextures/color_07
f  823/1003/2  821/1004/2  820/126/2  824/1005/2
usemtl officeTextures/color_07
f  824/1006/3  820/1007/3  819/1008/3  825/1009/3
usemtl officeTextures/color_07
f  826/1009/4  822/1008/4  821/1007/4  823/1006/4
usemtl officeTextures/color_07
f  825/1005/5  819/126/5  822/1004/5  826/1003/5
usemtl officeTextures/color_07
f  826/1002/6  823/1001/6  824/791/6  825/1000/6

o entity1_brush0
usemtl chunksTextures/obj_scaffold_02
f  827/1010/1  828/1011/1  829/1012/1  830/1013/1
usemtl chunksTextures/obj_scaffold_02
f  831/1014/2  829/1015/2  828/1016/2  832/1017/2
usemtl chunksTextures/dev_nodraw
f  832/1018/3  828/1019/3  827/1020/3  833/1021/3
usemtl chunksTextures/color_03
f  834/1021/4  830/1020/4  829/1019/4  831/1018/4
usemtl chunksTextures/obj_scaffold_02
f  833/1017/5  827/1016/5  830/1015/5  834/1014/5
usemtl chunksTextures/obj_scaffold_02
f  834/1013/6  831/1012/6  832/1011/6  833/1010/6

o entity1_brush1
usemtl chunksTextures/color_02
f  835/1022/1  836/1012/1  837/1023/1  838/1024/1
usemtl chunksTextures/color_02
f  839/1025/2  837/1026/2  836/1015/2  840/1027/2
usemtl chunksTextures/dev_nodraw
f  840/1028/3  836/1019/3  835/1029/3  841/1030/3
usemtl chunksTextures/dev_nodraw
f  842/1030/4  838/1029/4  837/1019/4  839/1028/4
usemtl chunksTextures/dev_nodraw
f  841/1027/5  835/1015/5  838/1026/5  842/1025/5
usemtl chunksTextures/color_03
f  842/1024/6  839/1023/6  840/1012/6  841/1022/6

o entity1_brush2
usemtl chunksTextures/color_03
f  843/1022/1  844/1012/1  845/1023/1  846/1024/1
usemtl chunksTextures/color_02
f  847/1031/2  845/1032/2  844/1033/2  848/1014/2
usemtl chunksTextures/dev_nodraw
f  848/1018/3  844/1034/3  843/1035/3  849/1036/3
usemtl chunksTextures/dev_nodraw
f  850/1036/4  846/1035/4  845/1034/4  847/1018/4
usemtl chunksTextures/dev_nodraw
f  849/1014/5  843/1033/5  846/1032/5  850/1031/5
usemtl chunksTextures/color_02
f  850/1024/6  847/1023/6  848/1012/6  849/1022/6

o entity1_brush3
usemtl chunksTextures/obj_scaffold_02
f  851/1037/1  852/1023/1  853/1038/1  854/1039/1
usemtl chunksTextures/obj_scaffold_02
f  855/1040/2  853/1041/2  852/1026/2  856/1031/2
usemtl chunksTextures/color_03
f  856/1018/3  852/1019/3  851/1020/3  857/1021/3
usemtl chunksTextures/color_02
f  858/1021/4  854/1020/4  853/1019/4  855/1018/4
usemtl chunksTextures/obj_scaffold_02
f  857/1031/5  851/1026/5  854/1041/5  858/1040/5
usemtl chunksTextures/obj_scaffold_02
f  858/1039/6  855/1038/6  856/1023/6  857/1037/6

o entity1_brush4
usemtl chunksTextures/color_02
f  859/1013/1  860/1022/1  861/1024/1  862/1037/1
usemtl chunksTextures/dev_nodraw
f  863/1031/2  861/1026/2  860/1015/2  864/1014/2
usemtl chunksTextures/dev_nodraw
f  864/1036/3  860/1029/3  859/1020/3  865/1021/3
usemtl chunksTextures/dev_nodraw
f  866/1021/4  862/1020/4  861/1029/4  863/1036/4
usemtl chunksTextures/color_02
f  865/1014/5  859/1015/5  862/1026/5  866/1031/5
usemtl chunksTextures/color_02
f  866/1037/6  863/1024/6  864/1022/6  865/1013/6

o entity2_brush0
usemtl chunksTextures/obj_scaffold_03
f  867/1042/1  868/1043/1  869/1044/1  870/1045/1
usemtl officeTextures/obj_cabinet01
f  871/1046/2  869/1047/2  868/1048/2  872/1049/2
usemtl chunksTextures/color_02
f  872/1050/3  868/1051/3  867/1052/3  873/1053/3
usemtl chunksTextures/color_03
f  874/1053/4  870/1052/4  869/1051/4  871/1050/4
usemtl chunksTextures/obj_scaffold_03
f  873/1054/5  867/1055/5  870/1056/5  874/1057/5
usemtl chunksTextures/obj_scaffold_03
f  874/1045/6  871/1044/6  872/1043/6  873/1042/6

o entity2_brush1
usemtl chunksTextures/obj_scaffold_03
f  875/1058/1  876/1042/1  877/1045/1  878/1059/1
usemtl chunksTextures/obj_scaffold_01
f  879/1060/2  877/1061/2  876/1062/2  880/1063/2
usemtl chunksTextures/color_02
f  880/1064/3  876/1052/3  875/1065/3  881/1066/3
usemtl chunksTextures/color_03
f  882/1066/4  878/1065/4  877/1052/4  879/1064/4
usemtl chunksTextures/dev_nodraw
f  881/1063/5  875/1062/5  878/1061/5  882/1060/5
usemtl chunksTextures/obj_scaffold_03
f  882/1059/6  879/1045/6  880/1042/6  881/1058/6

o entity2_brush2
usemtl chunksTextures/dev_nodraw
f  883/1067/1  884/1068/1  885/1069/1  886/1070/1
usemtl chunksTextures/dev_nodraw
f  887/1071/2  885/1072/2  884/1063/2  888/1073/2
usemtl officeTextures/obj_cabinet04
f  889/1074/224  886/1075/224  885/1076/224  887/1077/224
usemtl chunksTextures/color_02
f  888/1078/3  884/1064/3  883/1066/3  890/1079/3
usemtl chunksTextures/dev_nodraw
f  890/1073/5  883/1063/5  886/1080/5  889/1081/5
usemtl chunksTextures/dev_nodraw
f  887/1069/6  888/1068/6  890/1067/6  889/1070/6

o entity2_brush3
usemtl chunksTextures/obj_scaffold_03
f  891/1082/1  892/1058/1  893/1059/1  894/1083/1
usemtl chunksTextures/obj_scaffold_03
f  895/1057/2  893/1056/2  892/1055/2  896/1054/2
usemtl chunksTextures/color_02
f  896/1084/3  892/1065/3  891/1085/3  897/1086/3
usemtl chunksTextures/color_03
f  898/1086/4  894/1085/4  893/1065/4  895/1084/4
usemtl chunksTextures/dev_nodraw
f  897/1087/5  891/1062/5  894/1061/5  898/1088/5
usemtl chunksTextures/obj_scaffold_03
f  898/1083/6  895/1059/6  896/1058/6  897/1082/6

o entity2_brush4
usemtl chunksTextures/obj_scaffold_03
f  899/1058/1  900/1042/1  901/1045/1  902/1059/1
usemtl chunksTextures/obj_scaffold_01
f  903/1088/2  901/1089/2  900/1073/2  904/1087/2
usemtl chunksTextures/color_02
f  904/1053/3  900/1078/3  899/1079/3  905/1084/3
usemtl chunksTextures/color_03
f  906/1084/4  902/1079/4  901/1078/4  903/1053/4
usemtl chunksTextures/dev_nodraw
f  905/1087/5  899/1073/5  902/1089/5  906/1088/5
usemtl chunksTextures/obj_scaffold_03
f  906/1059/6  903/1045/6  904/1042/6  905/1058/6

o entity3_brush0
usemtl chunksTextures/obj_scaffold_03
f  907/1090/1  908/1091/1  909/1092/1  910/1093/1
usemtl officeTextures/obj_cabinet01
f  911/1049/2  909/1048/2  908/1094/2  912/16/2
usemtl chunksTextures/color_02
f  912/1095/3  908/1096/3  907/1097/3  913/1098/3
usemtl chunksTextures/color_03
f  914/1098/4  910/1097/4  909/1096/4  911/1095/4
usemtl chunksTextures/obj_scaffold_03
f  913/1099/5  907/1100/5  910/1055/5  914/1054/5
usemtl chunksTextures/obj_scaffold_03
f  914/1093/6  911/1092/6  912/1091/6  913/1090/6

o entity3_brush1
usemtl chunksTextures/obj_scaffold_03
f  915/1101/1  916/1090/1  917/1093/1  918/1102/1
usemtl chunksTextures/obj_scaffold_01
f  919/1063/2  917/1062/2  916/1027/2  920/1103/2
usemtl chunksTextures/color_02
f  920/1104/3  916/1097/3  915/1105/3  921/1106/3
usemtl chunksTextures/color_03
f  922/1106/4  918/1105/4  917/1097/4  919/1104/4
usemtl chunksTextures/dev_nodraw
f  921/1103/5  915/1027/5  918/1062/5  922/1063/5
usemtl chunksTextures/obj_scaffold_03
f  922/1102/6  919/1093/6  920/1090/6  921/1101/6

o entity3_brush2
usemtl chunksTextures/dev_nodraw
f  923/1107/1  924/1108/1  925/1109/1  926/1110/1
usemtl chunksTextures/dev_nodraw
f  927/1111/2  925/1112/2  924/1103/2  928/1113/2
usemtl officeTextures/obj_cabinet04
f  929/1114/224  926/1115/224  925/1116/224  927/1117/224
usemtl chunksTextures/color_02
f  928/1118/3  924/1104/3  923/1106/3  930/1119/3
usemtl chunksTextures/dev_nodraw
f  930/1113/5  923/1103/5  926/1120/5  929/1121/5
usemtl chunksTextures/dev_nodraw
f  927/1109/6  928/1108/6  930/1107/6  929/1110/6

o entity3_brush3
usemtl chunksTextures/obj_scaffold_03
f  931/1122/1  932/1101/1  933/1102/1  934/1123/1
usemtl chunksTextures/obj_scaffold_03
f  935/1054/2  933/1055/2  932/1100/2  936/1099/2
usemtl chunksTextures/color_02
f  936/1124/3  932/1105/3  931/1125/3  937/1126/3
usemtl chunksTextures/color_03
f  938/1126/4  934/1125/4  933/1105/4  935/1124/4
usemtl chunksTextures/dev_nodraw
f  937/1033/5  931/1027/5  934/1062/5  938/1087/5
usemtl chunksTextures/obj_scaffold_03
f  938/1123/6  935/1102/6  936/1101/6  937/1122/6

o entity3_brush4
usemtl chunksTextures/obj_scaffold_03
f  939/1101/1  940/1090/1  941/1093/1  942/1102/1
usemtl chunksTextures/obj_scaffold_01
f  943/1087/2  941/1073/2  940/1113/2  944/1033/2
usemtl chunksTextures/color_02
f  944/1098/3  940/1118/3  939/1119/3  945/1124/3
usemtl chunksTextures/color_03
f  946/1124/4  942/1119/4  941/1118/4  943/1098/4
usemtl chunksTextures/dev_nodraw
f  945/1033/5  939/1113/5  942/1073/5  946/1087/5
usemtl chunksTextures/obj_scaffold_03
f  946/1102/6  943/1093/6  944/1090/6  945/1101/6

o entity4_brush0
usemtl chunksTextures/obj_scaffold_03
f  947/1045/1  948/1044/1  949/1127/1  950/1128/1
usemtl officeTextures/obj_cabinet01
f  951/1129/2  949/1130/2  948/1047/2  952/1046/2
usemtl chunksTextures/color_02
f  952/1050/3  948/1051/3  947/1052/3  953/1053/3
usemtl chunksTextures/color_03
f  954/1053/4  950/1052/4  949/1051/4  951/1050/4
usemtl chunksTextures/obj_scaffold_03
f  953/1057/5  947/1056/5  950/1131/5  954/1132/5
usemtl chunksTextures/obj_scaffold_03
f  954/1128/6  951/1127/6  952/1044/6  953/1045/6

o entity4_brush1
usemtl chunksTextures/obj_scaffold_03
f  955/1059/1  956/1045/1  957/1128/1  958/1133/1
usemtl chunksTextures/obj_scaffold_01
f  959/1134/2  957/1025/2  956/1061/2  960/1060/2
usemtl chunksTextures/color_02
f  960/1064/3  956/1052/3  955/1065/3  961/1066/3
usemtl chunksTextures/color_03
f  962/1066/4  958/1065/4  957/1052/4  959/1064/4
usemtl chunksTextures/dev_nodraw
f  961/1060/5  955/1061/5  958/1025/5  962/1134/5
usemtl chunksTextures/obj_scaffold_03
f  962/1133/6  959/1128/6  960/1045/6  961/1059/6

o entity4_brush2
usemtl chunksTextures/dev_nodraw
f  963/1135/1  964/1136/1  965/1137/1  966/1138/1
usemtl chunksTextures/dev_nodraw
f  967/1139/2  965/1140/2  964/1060/2  968/1089/2
usemtl officeTextures/obj_cabinet04
f  969/1074/224  966/1075/224  965/1076/224  967/1077/224
usemtl chunksTextures/color_02
f  968/1078/3  964/1064/3  963/1066/3  970/1079/3
usemtl chunksTextures/dev_nodraw
f  970/1089/5  963/1060/5  966/1141/5  969/1142/5
usemtl chunksTextures/dev_nodraw
f  967/1137/6  968/1136/6  970/1135/6  969/1138/6

o entity4_brush3
usemtl chunksTextures/obj_scaffold_03
f  971/1083/1  972/1059/1  973/1133/1  974/1143/1
usemtl chunksTextures/obj_scaffold_03
f  975/1132/2  973/1131/2  972/1056/2  976/1057/2
usemtl chunksTextures/color_02
f  976/1084/3  972/1065/3  971/1085/3  977/1086/3
usemtl chunksTextures/color_03
f  978/1086/4  974/1085/4  973/1065/4  975/1084/4
usemtl chunksTextures/dev_nodraw
f  977/1088/5  971/1061/5  974/1025/5  978/1032/5
usemtl chunksTextures/obj_scaffold_03
f  978/1143/6  975/1133/6  976/1059/6  977/1083/6

o entity4_brush4
usemtl chunksTextures/obj_scaffold_03
f  979/1059/1  980/1045/1  981/1128/1  982/1133/1
usemtl chunksTextures/obj_scaffold_01
f  983/1032/2  981/1144/2  980/1089/2  984/1088/2
usemtl chunksTextures/color_02
f  984/1053/3  980/1078/3  979/1079/3  985/1084/3
usemtl chunksTextures/color_03
f  986/1084/4  982/1079/4  981/1078/4  983/1053/4
usemtl chunksTextures/dev_nodraw
f  985/1088/5  979/1089/5  982/1144/5  986/1032/5
usemtl chunksTextures/obj_scaffold_03
f  986/1133/6  983/1128/6  984/1045/6  985/1059/6

o entity5_brush0
usemtl chunksTextures/prop_desk02_tableBorder
f  987/1145/1  988/1146/1  989/1147/1  990/1148/1
usemtl chunksTextures/prop_desk02_tableBorder
f  991/1149/2  989/1150/2  988/1151/2  992/1152/2
usemtl chunksTextures/prop_desk02_table
f  992/1153/3  988/1154/3  987/1155/3  993/1156/3
usemtl chunksTextures/prop_desk02_table
f  994/1156/4  990/1155/4  989/1154/4  991/1153/4
usemtl chunksTextures/prop_desk02_tableBorder
f  993/1152/5  987/1151/5  990/1150/5  994/1149/5
usemtl chunksTextures/prop_desk02_tableBorder
f  994/1148/6  991/1147/6  992/1146/6  993/1145/6

o entity5_brush1
usemtl chunksTextures/dev_nodraw
f  995/1157/1  996/1158/1  997/1159/1  998/1160/1
usemtl chunksTextures/prop_desk02_leg
f  999/1161/2  997/1162/2  996/1163/2  1000/1164/2
usemtl chunksTextures/prop_desk02_leg
f  1000/1165/3  996/1166/3  995/1167/3  1001/1168/3
usemtl chunksTextures/dev_nodraw
f  1002/1168/4  998/1167/4  997/1166/4  999/1165/4
usemtl chunksTextures/prop_desk02_leg
f  1001/1164/5  995/1163/5  998/1162/5  1002/1161/5
usemtl chunksTextures/dev_nodraw
f  1002/1160/6  999/1159/6  1000/1158/6  1001/1157/6

o entity5_brush2
usemtl chunksTextures/prop_desk02_leg
f  1003/1169/1  1004/1170/1  1005/1171/1  1006/1172/1
usemtl chunksTextures/prop_desk02_leg
f  1007/1162/2  1005/1173/2  1004/1174/2  1008/1175/2
usemtl chunksTextures/dev_nodraw
f  1008/1176/3  1004/1177/3  1003/1178/3  1009/1179/3
usemtl chunksTextures/dev_nodraw
f  1010/1179/4  1006/1178/4  1005/1177/4  1007/1176/4
usemtl chunksTextures/prop_desk02_leg
f  1009/1175/5  1003/1174/5  1006/1173/5  1010/1162/5
usemtl chunksTextures/prop_desk02_leg
f  1010/1172/6  1007/1171/6  1008/1170/6  1009/1169/6

o entity5_brush3
usemtl chunksTextures/prop_desk02_leg
f  1011/1169/1  1012/1170/1  1013/1171/1  1014/1172/1
usemtl chunksTextures/prop_desk02_leg
f  1015/1180/2  1013/1161/2  1012/1181/2  1016/1182/2
usemtl chunksTextures/dev_nodraw
f  1016/1183/3  1012/1184/3  1011/1185/3  1017/1186/3
usemtl chunksTextures/dev_nodraw
f  1018/1186/4  1014/1185/4  1013/1184/4  1015/1183/4
usemtl chunksTextures/prop_desk02_leg
f  1017/1182/5  1011/1181/5  1014/1161/5  1018/1180/5
usemtl chunksTextures/prop_desk02_leg
f  1018/1172/6  1015/1171/6  1016/1170/6  1017/1169/6

o entity5_brush4
usemtl chunksTextures/prop_desk02_cabinet_ext
f  1019/1187/1  1020/1188/1  1021/1189/1  1022/1190/1
usemtl chunksTextures/prop_desk02_cabinet_front3
f  1023/1191/2  1021/1192/2  1020/1193/2  1024/1194/2
usemtl chunksTextures/prop_desk02_cabinet_ext
f  1024/1195/3  1020/1196/3  1019/1197/3  1025/1198/3
usemtl chunksTextures/prop_desk02_cabinet_ext
f  1026/1198/4  1022/1197/4  1021/1196/4  1023/1195/4
usemtl chunksTextures/prop_desk02_cabinet_ext
f  1025/1199/5  1019/1200/5  1022/1201/5  1026/1202/5
usemtl chunksTextures/prop_desk02_cabinet_ext
f  1026/1190/6  1023/1189/6  1024/1188/6  1025/1187/6

o entity5_brush5
usemtl chunksTextures/prop_desk02_base3
f  1027/1203/1  1028/1204/1  1029/1205/1  1030/1206/1
usemtl chunksTextures/prop_desk02_base
f  1031/1175/2  1029/1174/2  1028/1207/2  1032/1208/2
usemtl chunksTextures/prop_desk02_base2
f  1032/1209/3  1028/1210/3  1027/1211/3  1033/1212/3
usemtl chunksTextures/prop_desk02_base2
f  1034/1212/4  1030/1211/4  1029/1210/4  1031/1209/4
usemtl chunksTextures/prop_desk02_base
f  1033/1208/5  1027/1207/5  1030/1174/5  1034/1175/5
usemtl chunksTextures/prop_desk02_base3
f  1034/1206/6  1031/1205/6  1032/1204/6  1033/1203/6

o entity5_brush6
usemtl chunksTextures/prop_desk02_base3
f  1035/1213/1  1036/1214/1  1037/1215/1  1038/1203/1
usemtl chunksTextures/prop_desk02_base
f  1039/1208/2  1037/1207/2  1036/1216/2  1040/1217/2
usemtl chunksTextures/prop_desk02_base2
f  1040/1218/3  1036/1219/3  1035/1211/3  1041/1212/3
usemtl chunksTextures/prop_desk02_base2
f  1042/1212/4  1038/1211/4  1037/1219/4  1039/1218/4
usemtl chunksTextures/prop_desk02_base
f  1041/1217/5  1035/1216/5  1038/1207/5  1042/1208/5
usemtl chunksTextures/prop_desk02_base3
f  1042/1203/6  1039/1215/6  1040/1214/6  1041/1213/6

o entity5_brush7
usemtl chunksTextures/prop_desk02_base3
f  1043/1220/1  1044/1221/1  1045/1204/1  1046/1222/1
usemtl chunksTextures/prop_desk02_base
f  1047/1208/2  1045/1207/2  1044/1216/2  1048/1217/2
usemtl chunksTextures/prop_desk02_base2
f  1048/1209/3  1044/1210/3  1043/1223/3  1049/1224/3
usemtl chunksTextures/prop_desk02_base2
f  1050/1224/4  1046/1223/4  1045/1210/4  1047/1209/4
usemtl chunksTextures/prop_desk02_base
f  1049/1217/5  1043/1216/5  1046/1207/5  1050/1208/5
usemtl chunksTextures/prop_desk02_base3
f  1050/1222/6  1047/1204/6  1048/1221/6  1049/1220/6

o entity5_brush8
usemtl chunksTextures/prop_desk02_base3
f  1051/1213/1  1052/1214/1  1053/1215/1  1054/1203/1
usemtl chunksTextures/prop_desk02_base
f  1055/1225/2  1053/1226/2  1052/1227/2  1056/1228/2
usemtl chunksTextures/prop_desk02_base2
f  1056/1229/3  1052/1230/3  1051/1231/3  1057/1232/3
usemtl chunksTextures/prop_desk02_base2
f  1058/1233/4  1054/1234/4  1053/1235/4  1055/1236/4
usemtl chunksTextures/prop_desk02_base
f  1057/1228/5  1051/1227/5  1054/1226/5  1058/1225/5
usemtl chunksTextures/prop_desk02_base3
f  1058/1203/6  1055/1215/6  1056/1214/6  1057/1213/6

o entity5_brush9
usemtl chunksTextures/prop_desk02_base3
f  1059/1203/1  1060/1204/1  1061/1205/1  1062/1206/1
usemtl chunksTextures/prop_desk02_base
f  1063/1182/2  1061/1181/2  1060/1226/2  1064/1225/2
usemtl chunksTextures/prop_desk02_base2
f  1064/1237/3  1060/1238/3  1059/1234/3  1065/1233/3
usemtl chunksTextures/prop_desk02_base2
f  1066/1232/4  1062/1231/4  1061/1239/4  1063/1240/4
usemtl chunksTextures/prop_desk02_base
f  1065/1225/5  1059/1226/5  1062/1181/5  1066/1182/5
usemtl chunksTextures/prop_desk02_base3
f  1066/1206/6  1063/1205/6  1064/1204/6  1065/1203/6

o entity5_brush10
usemtl chunksTextures/prop_desk02_base3
f  1067/1220/1  1068/1221/1  1069/1204/1  1070/1222/1
usemtl chunksTextures/prop_desk02_base
f  1071/1225/2  1069/1226/2  1068/1227/2  1072/1228/2
usemtl chunksTextures/prop_desk02_base2
f  1072/1240/3  1068/1239/3  1067/1241/3  1073/1242/3
usemtl chunksTextures/prop_desk02_base2
f  1074/1243/4  1070/1244/4  1069/1238/4  1071/1237/4
usemtl chunksTextures/prop_desk02_base
f  1073/1228/5  1067/1227/5  1070/1226/5  1074/1225/5
usemtl chunksTextures/prop_desk02_base3
f  1074/1222/6  1071/1204/6  1072/1221/6  1073/1220/6

o entity6_brush0
usemtl chunksTextures/prop_desk02_base3
f  1075/197/1  1076/198/1  1077/199/1  1078/173/1
usemtl chunksTextures/prop_desk02_base3
f  1079/1245/2  1077/1246/2  1076/1247/2  1080/1248/2
usemtl chunksTextures/color_05
f  1080/1249/3  1076/1250/3  1075/1251/3  1081/1252/3
usemtl chunksTextures/dev_nodraw
f  1082/1252/4  1078/1251/4  1077/1250/4  1079/1249/4
usemtl chunksTextures/prop_desk02_base3
f  1081/1248/5  1075/1247/5  1078/1246/5  1082/1245/5
usemtl chunksTextures/prop_desk02_base3
f  1082/173/6  1079/199/6  1080/198/6  1081/197/6

o entity6_brush1
usemtl chunksTextures/prop_desk02_base3
f  1083/197/1  1084/198/1  1085/199/1  1086/173/1
usemtl chunksTextures/prop_desk02_base3
f  1087/1253/2  1085/1254/2  1084/1255/2  1088/1256/2
usemtl chunksTextures/color_05
f  1088/1257/3  1084/1258/3  1083/1259/3  1089/1260/3
usemtl chunksTextures/dev_nodraw
f  1090/1260/4  1086/1259/4  1085/1258/4  1087/1257/4
usemtl chunksTextures/prop_desk02_base3
f  1089/1256/5  1083/1255/5  1086/1254/5  1090/1253/5
usemtl chunksTextures/prop_desk02_base3
f  1090/173/6  1087/199/6  1088/198/6  1089/197/6

o entity6_brush2
usemtl chunksTextures/prop_library_back
f  1091/1261/1  1092/1262/1  1093/1263/1  1094/1264/1
usemtl chunksTextures/prop_library_back
f  1095/1265/2  1093/1266/2  1092/1267/2  1096/1268/2
usemtl chunksTextures/dev_nodraw
f  1096/1257/3  1092/1269/3  1091/1270/3  1097/1260/3
usemtl chunksTextures/prop_library_back
f  1098/1260/4  1094/1270/4  1093/1269/4  1095/1257/4
usemtl chunksTextures/prop_library_back
f  1097/1268/5  1091/1267/5  1094/1266/5  1098/1265/5
usemtl chunksTextures/prop_library_back
f  1098/1264/6  1095/1263/6  1096/1262/6  1097/1261/6

o entity6_brush3
usemtl chunksTextures/prop_desk02_base
f  1099/1271/1  1100/1272/1  1101/1273/1  1102/1274/1
usemtl chunksTextures/prop_desk02_base
f  1103/1275/2  1101/1276/2  1100/1277/2  1104/1278/2
usemtl chunksTextures/prop_desk02_base
f  1104/1279/3  1100/1280/3  1099/1281/3  1105/1282/3
usemtl chunksTextures/dev_nodraw
f  1106/1260/4  1102/1270/4  1101/1269/4  1103/1257/4
usemtl chunksTextures/prop_desk02_base
f  1105/1278/5  1099/1277/5  1102/1276/5  1106/1275/5
usemtl chunksTextures/prop_desk02_base
f  1106/1274/6  1103/1273/6  1104/1272/6  1105/1271/6

o entity6_brush4
usemtl chunksTextures/prop_desk02_base3
f  1107/197/1  1108/198/1  1109/199/1  1110/173/1
usemtl chunksTextures/prop_desk02_base3
f  1111/1283/2  1109/1284/2  1108/1285/2  1112/1286/2
usemtl chunksTextures/color_05
f  1112/1287/3  1108/1269/3  1107/1270/3  1113/1288/3
usemtl chunksTextures/dev_nodraw
f  1114/1288/4  1110/1270/4  1109/1269/4  1111/1287/4
usemtl chunksTextures/prop_desk02_base3
f  1113/1286/5  1107/1285/5  1110/1284/5  1114/1283/5
usemtl chunksTextures/prop_desk02_base3
f  1114/173/6  1111/199/6  1112/198/6  1113/197/6

o entity7_brush0
usemtl chunksTextures/prop_library_back
f  1115/1289/1  1116/1290/1  1117/1291/1  1118/1292/1
usemtl chunksTextures/prop_library_back
f  1119/1293/2  1117/1294/2  1116/1295/2  1120/1296/2
usemtl chunksTextures/dev_nodraw
f  1120/1297/3  1116/1298/3  1115/1299/3  1121/1300/3
usemtl chunksTextures/prop_library_back
f  1122/1301/4  1118/1302/4  1117/1303/4  1119/1304/4
usemtl chunksTextures/prop_library_back
f  1121/1296/5  1115/1295/5  1118/1294/5  1122/1293/5
usemtl chunksTextures/prop_library_back
f  1122/1292/6  1119/1291/6  1120/1290/6  1121/1289/6

o entity7_brush1
usemtl chunksTextures/prop_desk02_base
f  1123/1305/1  1124/1306/1  1125/1307/1  1126/1308/1
usemtl chunksTextures/prop_desk02_base
f  1127/1309/2  1125/1310/2  1124/1311/2  1128/1312/2
usemtl chunksTextures/prop_desk02_base
f  1128/1313/3  1124/1314/3  1123/1315/3  1129/1316/3
usemtl chunksTextures/dev_nodraw
f  1130/1300/4  1126/1299/4  1125/1298/4  1127/1297/4
usemtl chunksTextures/prop_desk02_base
f  1129/1312/5  1123/1311/5  1126/1310/5  1130/1309/5
usemtl chunksTextures/prop_desk02_base
f  1130/1308/6  1127/1307/6  1128/1306/6  1129/1305/6

o entity7_brush2
usemtl chunksTextures/prop_desk02_base3
f  1131/1317/1  1132/1318/1  1133/1319/1  1134/1320/1
usemtl chunksTextures/prop_desk02_base3
f  1135/1321/2  1133/1322/2  1132/1323/2  1136/1324/2
usemtl chunksTextures/color_05
f  1136/1325/3  1132/1326/3  1131/1327/3  1137/1328/3
usemtl chunksTextures/dev_nodraw
f  1138/1328/4  1134/1327/4  1133/1326/4  1135/1325/4
usemtl chunksTextures/prop_desk02_base3
f  1137/1324/5  1131/1323/5  1134/1322/5  1138/1321/5
usemtl chunksTextures/prop_desk02_base3
f  1138/1320/6  1135/1319/6  1136/1318/6  1137/1317/6

o entity7_brush3
usemtl chunksTextures/prop_desk02_base3
f  1139/1317/1  1140/1318/1  1141/1319/1  1142/1320/1
usemtl chunksTextures/prop_desk02_base3
f  1143/1329/2  1141/1330/2  1140/1331/2  1144/1332/2
usemtl chunksTextures/color_05
f  1144/1304/3  1140/1333/3  1139/1334/3  1145/1301/3
usemtl chunksTextures/dev_nodraw
f  1146/1301/4  1142/1334/4  1141/1333/4  1143/1304/4
usemtl chunksTextures/prop_desk02_base3
f  1145/1332/5  1139/1331/5  1142/1330/5  1146/1329/5
usemtl chunksTextures/prop_desk02_base3
f  1146/1320/6  1143/1319/6  1144/1318/6  1145/1317/6

o entity7_brush4
usemtl chunksTextures/prop_desk02_base3
f  1147/1317/1  1148/1318/1  1149/1319/1  1150/1320/1
usemtl chunksTextures/prop_desk02_base3
f  1151/1335/2  1149/1336/2  1148/1337/2  1152/1338/2
usemtl chunksTextures/color_05
f  1152/1339/3  1148/1303/3  1147/1302/3  1153/1340/3
usemtl chunksTextures/dev_nodraw
f  1154/1340/4  1150/1302/4  1149/1303/4  1151/1339/4
usemtl chunksTextures/prop_desk02_base3
f  1153/1338/5  1147/1337/5  1150/1336/5  1154/1335/5
usemtl chunksTextures/prop_desk02_base3
f  1154/1320/6  1151/1319/6  1152/1318/6  1153/1317/6

o entity8_brush0
usemtl chunksTextures/prop_desk02_tableBorder
f  1155/1341/1  1156/1342/1  1157/1343/1  1158/1344/1
usemtl chunksTextures/prop_desk02_tableBorder
f  1159/1345/2  1157/1346/2  1156/1347/2  1160/1348/2
usemtl chunksTextures/prop_desk02_table
f  1160/1349/3  1156/1350/3  1155/1351/3  1161/1352/3
usemtl chunksTextures/prop_desk02_table
f  1162/1352/4  1158/1351/4  1157/1350/4  1159/1349/4
usemtl chunksTextures/prop_desk02_tableBorder
f  1161/1348/5  1155/1347/5  1158/1346/5  1162/1345/5
usemtl chunksTextures/prop_desk02_tableBorder
f  1162/1344/6  1159/1343/6  1160/1342/6  1161/1341/6

o entity8_brush1
usemtl chunksTextures/dev_nodraw
f  1163/1353/1  1164/1354/1  1165/1355/1  1166/1356/1
usemtl chunksTextures/prop_desk02_leg
f  1167/1357/2  1165/1358/2  1164/1359/2  1168/1360/2
usemtl chunksTextures/prop_desk02_leg
f  1168/1361/3  1164/1362/3  1163/1363/3  1169/1364/3
usemtl chunksTextures/dev_nodraw
f  1170/1364/4  1166/1363/4  1165/1362/4  1167/1361/4
usemtl chunksTextures/prop_desk02_leg
f  1169/1360/5  1163/1359/5  1166/1358/5  1170/1357/5
usemtl chunksTextures/dev_nodraw
f  1170/1356/6  1167/1355/6  1168/1354/6  1169/1353/6

o entity8_brush2
usemtl chunksTextures/prop_desk02_leg
f  1171/1365/1  1172/1366/1  1173/1367/1  1174/1368/1
usemtl chunksTextures/prop_desk02_leg
f  1175/1358/2  1173/1369/2  1172/1370/2  1176/1371/2
usemtl chunksTextures/dev_nodraw
f  1176/1372/3  1172/1373/3  1171/1374/3  1177/1375/3
usemtl chunksTextures/dev_nodraw
f  1178/1375/4  1174/1374/4  1173/1373/4  1175/1372/4
usemtl chunksTextures/prop_desk02_leg
f  1177/1371/5  1171/1370/5  1174/1369/5  1178/1358/5
usemtl chunksTextures/prop_desk02_leg
f  1178/1368/6  1175/1367/6  1176/1366/6  1177/1365/6

o entity8_brush3
usemtl chunksTextures/prop_desk02_leg
f  1179/1365/1  1180/1366/1  1181/1367/1  1182/1368/1
usemtl chunksTextures/prop_desk02_leg
f  1183/1376/2  1181/1357/2  1180/1377/2  1184/1378/2
usemtl chunksTextures/dev_nodraw
f  1184/1379/3  1180/1380/3  1179/1381/3  1185/1382/3
usemtl chunksTextures/dev_nodraw
f  1186/1382/4  1182/1381/4  1181/1380/4  1183/1379/4
usemtl chunksTextures/prop_desk02_leg
f  1185/1378/5  1179/1377/5  1182/1357/5  1186/1376/5
usemtl chunksTextures/prop_desk02_leg
f  1186/1368/6  1183/1367/6  1184/1366/6  1185/1365/6

o entity8_brush4
usemtl chunksTextures/prop_desk02_cabinet_ext
f  1187/1383/1  1188/1384/1  1189/1385/1  1190/1386/1
usemtl chunksTextures/prop_desk02_cabinet_front
f  1191/1387/2  1189/1359/2  1188/1371/2  1192/1388/2
usemtl chunksTextures/prop_desk02_cabinet_ext
f  1192/1389/3  1188/1390/3  1187/1391/3  1193/1392/3
usemtl chunksTextures/prop_desk02_cabinet_ext
f  1194/1392/4  1190/1391/4  1189/1390/4  1191/1389/4
usemtl chunksTextures/prop_desk02_cabinet_ext
f  1193/1393/5  1187/1394/5  1190/1395/5  1194/1396/5
usemtl chunksTextures/prop_desk02_cabinet_ext
f  1194/1386/6  1191/1385/6  1192/1384/6  1193/1383/6

o entity8_brush5
usemtl chunksTextures/prop_desk02_cabinet_ext
f  1195/1383/1  1196/1384/1  1197/1385/1  1198/1386/1
usemtl chunksTextures/prop_desk02_cabinet_front2
f  1199/1360/2  1197/1397/2  1196/1398/2  1200/1377/2
usemtl chunksTextures/prop_desk02_cabinet_ext
f  1200/1399/3  1196/1400/3  1195/1401/3  1201/1402/3
usemtl chunksTextures/prop_desk02_cabinet_ext
f  1202/1402/4  1198/1401/4  1197/1400/4  1199/1399/4
usemtl chunksTextures/prop_desk02_cabinet_ext
f  1201/1403/5  1195/1404/5  1198/1405/5  1202/1406/5
usemtl chunksTextures/prop_desk02_cabinet_ext
f  1202/1386/6  1199/1385/6  1200/1384/6  1201/1383/6

o entity8_brush6
usemtl chunksTextures/prop_desk02_base
f  1203/1407/1  1204/1408/1  1205/1409/1  1206/1410/1
usemtl chunksTextures/prop_desk02_base
f  1207/1371/2  1205/1370/2  1204/1411/2  1208/1412/2
usemtl chunksTextures/prop_desk02_base2
f  1208/1413/3  1204/1414/3  1203/1415/3  1209/1416/3
usemtl chunksTextures/prop_desk02_base2
f  1210/1416/4  1206/1415/4  1205/1414/4  1207/1413/4
usemtl chunksTextures/prop_desk02_base
f  1209/1412/5  1203/1411/5  1206/1370/5  1210/1371/5
usemtl chunksTextures/prop_desk02_base
f  1210/1410/6  1207/1409/6  1208/1408/6  1209/1407/6

o entity8_brush7
usemtl chunksTextures/prop_desk02_base
f  1211/1417/1  1212/1418/1  1213/1408/1  1214/1419/1
usemtl chunksTextures/prop_desk02_base
f  1215/1412/2  1213/1411/2  1212/1420/2  1216/1421/2
usemtl chunksTextures/prop_desk02_base2
f  1216/1413/3  1212/1414/3  1211/1422/3  1217/1423/3
usemtl chunksTextures/prop_desk02_base2
f  1218/1423/4  1214/1422/4  1213/1414/4  1215/1413/4
usemtl chunksTextures/prop_desk02_base
f  1217/1421/5  1211/1420/5  1214/1411/5  1218/1412/5
usemtl chunksTextures/prop_desk02_base
f  1218/1419/6  1215/1408/6  1216/1418/6  1217/1417/6

o entity8_brush8
usemtl chunksTextures/prop_desk02_base
f  1219/1424/1  1220/1425/1  1221/1426/1  1222/1407/1
usemtl chunksTextures/prop_desk02_base
f  1223/1412/2  1221/1411/2  1220/1420/2  1224/1421/2
usemtl chunksTextures/prop_desk02_base2
f  1224/1427/3  1220/1428/3  1219/1415/3  1225/1416/3
usemtl chunksTextures/prop_desk02_base2
f  1226/1416/4  1222/1415/4  1221/1428/4  1223/1427/4
usemtl chunksTextures/prop_desk02_base
f  1225/1421/5  1219/1420/5  1222/1411/5  1226/1412/5
usemtl chunksTextures/prop_desk02_base
f  1226/1407/6  1223/1426/6  1224/1425/6  1225/1424/6

o entity8_brush9
usemtl chunksTextures/prop_desk02_base
f  1227/1417/1  1228/1418/1  1229/1408/1  1230/1419/1
usemtl chunksTextures/prop_desk02_base
f  1231/1429/2  1229/1430/2  1228/1431/2  1232/1432/2
usemtl chunksTextures/prop_desk02_base2
f  1232/1433/3  1228/1434/3  1227/1435/3  1233/1436/3
usemtl chunksTextures/prop_desk02_base2
f  1234/1437/4  1230/1438/4  1229/1439/4  1231/1440/4
usemtl chunksTextures/prop_desk02_base
f  1233/1432/5  1227/1431/5  1230/1430/5  1234/1429/5
usemtl chunksTextures/prop_desk02_base
f  1234/1419/6  1231/1408/6  1232/1418/6  1233/1417/6

o entity8_brush10
usemtl chunksTextures/prop_desk02_base
f  1235/1407/1  1236/1408/1  1237/1409/1  1238/1410/1
usemtl chunksTextures/prop_desk02_base
f  1239/1378/2  1237/1377/2  1236/1430/2  1240/1429/2
usemtl chunksTextures/prop_desk02_base2
f  1240/1440/3  1236/1439/3  1235/1441/3  1241/1442/3
usemtl chunksTextures/prop_desk02_base2
f  1242/1443/4  1238/1444/4  1237/1434/4  1239/1433/4
usemtl chunksTextures/prop_desk02_base
f  1241/1429/5  1235/1430/5  1238/1377/5  1242/1378/5
usemtl chunksTextures/prop_desk02_base
f  1242/1410/6  1239/1409/6  1240/1408/6  1241/1407/6

o entity8_brush11
usemtl chunksTextures/prop_desk02_base
f  1243/1424/1  1244/1425/1  1245/1426/1  1246/1407/1
usemtl chunksTextures/prop_desk02_base
f  1247/1429/2  1245/1430/2  1244/1431/2  1248/1432/2
usemtl chunksTextures/prop_desk02_base2
f  1248/1445/3  1244/1446/3  1243/1444/3  1249/1443/3
usemtl chunksTextures/prop_desk02_base2
f  1250/1442/4  1246/1441/4  1245/1447/4  1247/1448/4
usemtl chunksTextures/prop_desk02_base
f  1249/1432/5  1243/1431/5  1246/1430/5  1250/1429/5
usemtl chunksTextures/prop_desk02_base
f  1250/1407/6  1247/1426/6  1248/1425/6  1249/1424/6

o entity9_brush0
usemtl __TB_empty
f  1251/1449/1  1252/1450/1  1253/1451/1  1254/1452/1
usemtl __TB_empty
f  1255/1453/2  1253/1454/2  1252/1455/2  1256/1456/2
usemtl __TB_empty
f  1256/1457/3  1252/1458/3  1251/1459/3  1257/1460/3
usemtl __TB_empty
f  1258/1460/4  1254/1459/4  1253/1458/4  1255/1457/4
usemtl __TB_empty
f  1257/1456/5  1251/1455/5  1254/1454/5  1258/1453/5
usemtl __TB_empty
f  1258/1452/6  1255/1451/6  1256/1450/6  1257/1449/6

o entity9_brush1
usemtl __TB_empty
f  1259/1461/1  1260/1462/1  1261/1463/1  1262/1464/1
usemtl __TB_empty
f  1263/1465/2  1261/1466/2  1260/1467/2  1264/1468/2
usemtl __TB_empty
f  1264/1469/3  1260/1470/3  1259/1471/3  1265/1472/3
usemtl __TB_empty
f  1266/1472/4  1262/1471/4  1261/1470/4  1263/1469/4
usemtl __TB_empty
f  1265/1468/5  1259/1467/5  1262/1466/5  1266/1465/5
usemtl __TB_empty
f  1266/1464/6  1263/1463/6  1264/1462/6  1265/1461/6

o entity9_brush2
usemtl __TB_empty
f  1267/1449/1  1268/1450/1  1269/1451/1  1270/1452/1
usemtl __TB_empty
f  1271/1453/2  1269/1454/2  1268/1455/2  1272/1456/2
usemtl __TB_empty
f  1272/1457/3  1268/1458/3  1267/1459/3  1273/1460/3
usemtl __TB_empty
f  1274/1460/4  1270/1459/4  1269/1458/4  1271/1457/4
usemtl __TB_empty
f  1273/1456/5  1267/1455/5  1270/1454/5  1274/1453/5
usemtl __TB_empty
f  1274/1452/6  1271/1451/6  1272/1450/6  1273/1449/6

o entity9_brush3
usemtl __TB_empty
f  1275/1473/1  1276/1474/1  1277/1475/1  1278/1476/1
usemtl __TB_empty
f  1279/1477/2  1277/1478/2  1276/1479/2  1280/1480/2
usemtl __TB_empty
f  1280/1481/3  1276/1482/3  1275/1483/3  1281/1484/3
usemtl __TB_empty
f  1282/1484/4  1278/1483/4  1277/1482/4  1279/1481/4
usemtl __TB_empty
f  1281/1480/5  1275/1479/5  1278/1478/5  1282/1477/5
usemtl __TB_empty
f  1282/1476/6  1279/1475/6  1280/1474/6  1281/1473/6

o entity9_brush4
usemtl __TB_empty
f  1283/1485/1  1284/1486/1  1285/1487/1  1286/1488/1
usemtl __TB_empty
f  1287/1489/2  1285/1490/2  1284/1491/2  1288/1492/2
usemtl __TB_empty
f  1288/1493/3  1284/1494/3  1283/1495/3  1289/1496/3
usemtl __TB_empty
f  1290/1496/4  1286/1495/4  1285/1494/4  1287/1493/4
usemtl __TB_empty
f  1289/1492/5  1283/1491/5  1286/1490/5  1290/1489/5
usemtl __TB_empty
f  1290/1488/6  1287/1487/6  1288/1486/6  1289/1485/6

o entity10_brush0
usemtl chunksTextures/obj_scaffold_02
f  1291/1497/1  1292/1498/1  1293/1499/1  1294/1500/1
usemtl chunksTextures/obj_scaffold_02
f  1295/1501/2  1293/1502/2  1292/1503/2  1296/1504/2
usemtl chunksTextures/dev_nodraw
f  1296/1505/3  1292/1506/3  1291/1507/3  1297/1508/3
usemtl chunksTextures/color_03
f  1298/1508/4  1294/1507/4  1293/1506/4  1295/1505/4
usemtl chunksTextures/obj_scaffold_02
f  1297/1504/5  1291/1503/5  1294/1502/5  1298/1501/5
usemtl chunksTextures/obj_scaffold_02
f  1298/1500/6  1295/1499/6  1296/1498/6  1297/1497/6

o entity10_brush1
usemtl chunksTextures/color_02
f  1299/1509/1  1300/1499/1  1301/1510/1  1302/1511/1
usemtl chunksTextures/color_02
f  1303/1512/2  1301/1513/2  1300/1502/2  1304/1514/2
usemtl chunksTextures/dev_nodraw
f  1304/1515/3  1300/1506/3  1299/1516/3  1305/1517/3
usemtl chunksTextures/dev_nodraw
f  1306/1517/4  1302/1516/4  1301/1506/4  1303/1515/4
usemtl chunksTextures/dev_nodraw
f  1305/1514/5  1299/1502/5  1302/1513/5  1306/1512/5
usemtl chunksTextures/color_03
f  1306/1511/6  1303/1510/6  1304/1499/6  1305/1509/6

o entity10_brush2
usemtl chunksTextures/color_03
f  1307/1509/1  1308/1499/1  1309/1510/1  1310/1511/1
usemtl chunksTextures/color_02
f  1311/1518/2  1309/1519/2  1308/1520/2  1312/1501/2
usemtl chunksTextures/dev_nodraw
f  1312/1505/3  1308/1521/3  1307/1522/3  1313/1523/3
usemtl chunksTextures/dev_nodraw
f  1314/1523/4  1310/1522/4  1309/1521/4  1311/1505/4
usemtl chunksTextures/dev_nodraw
f  1313/1501/5  1307/1520/5  1310/1519/5  1314/1518/5
usemtl chunksTextures/color_02
f  1314/1511/6  1311/1510/6  1312/1499/6  1313/1509/6

o entity10_brush3
usemtl chunksTextures/obj_scaffold_02
f  1315/1524/1  1316/1510/1  1317/1525/1  1318/1526/1
usemtl chunksTextures/obj_scaffold_02
f  1319/1527/2  1317/1528/2  1316/1513/2  1320/1518/2
usemtl chunksTextures/color_03
f  1320/1505/3  1316/1506/3  1315/1507/3  1321/1508/3
usemtl chunksTextures/color_02
f  1322/1508/4  1318/1507/4  1317/1506/4  1319/1505/4
usemtl chunksTextures/obj_scaffold_02
f  1321/1518/5  1315/1513/5  1318/1528/5  1322/1527/5
usemtl chunksTextures/obj_scaffold_02
f  1322/1526/6  1319/1525/6  1320/1510/6  1321/1524/6

o entity10_brush4
usemtl chunksTextures/color_02
f  1323/1500/1  1324/1509/1  1325/1511/1  1326/1524/1
usemtl chunksTextures/dev_nodraw
f  1327/1518/2  1325/1513/2  1324/1502/2  1328/1501/2
usemtl chunksTextures/dev_nodraw
f  1328/1523/3  1324/1516/3  1323/1507/3  1329/1508/3
usemtl chunksTextures/dev_nodraw
f  1330/1508/4  1326/1507/4  1325/1516/4  1327/1523/4
usemtl chunksTextures/color_02
f  1329/1501/5  1323/1502/5  1326/1513/5  1330/1518/5
usemtl chunksTextures/color_02
f  1330/1524/6  1327/1511/6  1328/1509/6  1329/1500/6

o entity11_brush0
usemtl chunksTextures/obj_scaffold_03
f  1331/1529/1  1332/1530/1  1333/1531/1  1334/1532/1
usemtl chunksTextures/obj_scaffold_01
f  1335/1533/2  1333/1534/2  1332/1535/2  1336/1536/2
usemtl chunksTextures/color_02
f  1336/1537/3  1332/1538/3  1331/1539/3  1337/1540/3
usemtl chunksTextures/color_03
f  1338/1540/4  1334/1539/4  1333/1538/4  1335/1537/4
usemtl chunksTextures/obj_scaffold_03
f  1337/1541/5  1331/1542/5  1334/1543/5  1338/1544/5
usemtl chunksTextures/obj_scaffold_03
f  1338/1532/6  1335/1531/6  1336/1530/6  1337/1529/6

o entity11_brush1
usemtl chunksTextures/obj_scaffold_03
f  1339/1545/1  1340/1529/1  1341/1532/1  1342/1546/1
usemtl chunksTextures/obj_scaffold_01
f  1343/1547/2  1341/1534/2  1340/1535/2  1344/1548/2
usemtl chunksTextures/color_02
f  1344/1549/3  1340/1539/3  1339/1550/3  1345/1551/3
usemtl chunksTextures/color_03
f  1346/1551/4  1342/1550/4  1341/1539/4  1343/1549/4
usemtl chunksTextures/dev_nodraw
f  1345/1548/5  1339/1535/5  1342/1534/5  1346/1547/5
usemtl chunksTextures/obj_scaffold_03
f  1346/1546/6  1343/1532/6  1344/1529/6  1345/1545/6

o entity11_brush2
usemtl chunksTextures/dev_nodraw
f  1347/1552/1  1348/1553/1  1349/1554/1  1350/1555/1
usemtl chunksTextures/dev_nodraw
f  1351/1556/2  1349/1557/2  1348/1548/2  1352/1558/2
usemtl chunksTextures/obj_cabinet_04
f  1353/1559/224  1350/1560/224  1349/1561/224  1351/1562/224
usemtl chunksTextures/color_02
f  1352/1563/3  1348/1549/3  1347/1551/3  1354/1564/3
usemtl chunksTextures/dev_nodraw
f  1354/1558/5  1347/1548/5  1350/1565/5  1353/1566/5
usemtl chunksTextures/dev_nodraw
f  1351/1554/6  1352/1553/6  1354/1552/6  1353/1555/6

o entity11_brush3
usemtl chunksTextures/obj_scaffold_03
f  1355/1567/1  1356/1545/1  1357/1546/1  1358/1568/1
usemtl chunksTextures/obj_scaffold_03
f  1359/1544/2  1357/1543/2  1356/1542/2  1360/1541/2
usemtl chunksTextures/color_02
f  1360/1569/3  1356/1550/3  1355/1570/3  1361/1571/3
usemtl chunksTextures/color_03
f  1362/1571/4  1358/1570/4  1357/1550/4  1359/1569/4
usemtl chunksTextures/dev_nodraw
f  1361/1536/5  1355/1535/5  1358/1534/5  1362/1533/5
usemtl chunksTextures/obj_scaffold_03
f  1362/1568/6  1359/1546/6  1360/1545/6  1361/1567/6

o entity11_brush4
usemtl chunksTextures/obj_scaffold_03
f  1363/1545/1  1364/1529/1  1365/1532/1  1366/1546/1
usemtl chunksTextures/obj_scaffold_01
f  1367/1533/2  1365/1572/2  1364/1558/2  1368/1536/2
usemtl chunksTextures/color_02
f  1368/1540/3  1364/1563/3  1363/1564/3  1369/1569/3
usemtl chunksTextures/color_03
f  1370/1569/4  1366/1564/4  1365/1563/4  1367/1540/4
usemtl chunksTextures/dev_nodraw
f  1369/1536/5  1363/1558/5  1366/1572/5  1370/1533/5
usemtl chunksTextures/obj_scaffold_03
f  1370/1546/6  1367/1532/6  1368/1529/6  1369/1545/6

o entity12_brush0
usemtl chunksTextures/obj_scaffold_03
f  1371/206/1  1372/1573/1  1373/1530/1  1374/1529/1
usemtl chunksTextures/obj_scaffold_01
f  1375/1536/2  1373/1535/2  1372/1514/2  1376/1520/2
usemtl chunksTextures/color_02
f  1376/1537/3  1372/1538/3  1371/1539/3  1377/1540/3
usemtl chunksTextures/color_03
f  1378/1540/4  1374/1539/4  1373/1538/4  1375/1537/4
usemtl chunksTextures/obj_scaffold_03
f  1377/1574/5  1371/1575/5  1374/1542/5  1378/1541/5
usemtl chunksTextures/obj_scaffold_03
f  1378/1529/6  1375/1530/6  1376/1573/6  1377/206/6

o entity12_brush1
usemtl chunksTextures/obj_scaffold_03
f  1379/173/1  1380/206/1  1381/1529/1  1382/1545/1
usemtl chunksTextures/obj_scaffold_01
f  1383/1548/2  1381/1535/2  1380/1514/2  1384/1576/2
usemtl chunksTextures/color_02
f  1384/1549/3  1380/1539/3  1379/1550/3  1385/1551/3
usemtl chunksTextures/color_03
f  1386/1551/4  1382/1550/4  1381/1539/4  1383/1549/4
usemtl chunksTextures/dev_nodraw
f  1385/1576/5  1379/1514/5  1382/1535/5  1386/1548/5
usemtl chunksTextures/obj_scaffold_03
f  1386/1545/6  1383/1529/6  1384/206/6  1385/173/6

o entity12_brush2
usemtl chunksTextures/dev_nodraw
f  1387/1577/1  1388/1578/1  1389/1579/1  1390/1580/1
usemtl chunksTextures/dev_nodraw
f  1391/1581/2  1389/1582/2  1388/1576/2  1392/1583/2
usemtl chunksTextures/obj_cabinet_04
f  1393/1559/224  1390/1560/224  1389/1561/224  1391/1562/224
usemtl chunksTextures/color_02
f  1392/1563/3  1388/1549/3  1387/1551/3  1394/1564/3
usemtl chunksTextures/dev_nodraw
f  1394/1583/5  1387/1576/5  1390/1584/5  1393/1585/5
usemtl chunksTextures/dev_nodraw
f  1391/1579/6  1392/1578/6  1394/1577/6  1393/1580/6

o entity12_brush3
usemtl chunksTextures/obj_scaffold_03
f  1395/1586/1  1396/173/1  1397/1545/1  1398/1567/1
usemtl chunksTextures/obj_scaffold_03
f  1399/1541/2  1397/1542/2  1396/1575/2  1400/1574/2
usemtl chunksTextures/color_02
f  1400/1569/3  1396/1550/3  1395/1570/3  1401/1571/3
usemtl chunksTextures/color_03
f  1402/1571/4  1398/1570/4  1397/1550/4  1399/1569/4
usemtl chunksTextures/dev_nodraw
f  1401/1520/5  1395/1514/5  1398/1535/5  1402/1536/5
usemtl chunksTextures/obj_scaffold_03
f  1402/1567/6  1399/1545/6  1400/173/6  1401/1586/6

o entity12_brush4
usemtl chunksTextures/obj_scaffold_03
f  1403/173/1  1404/206/1  1405/1529/1  1406/1545/1
usemtl chunksTextures/obj_scaffold_01
f  1407/1536/2  1405/1558/2  1404/1583/2  1408/1520/2
usemtl chunksTextures/color_02
f  1408/1540/3  1404/1563/3  1403/1564/3  1409/1569/3
usemtl chunksTextures/color_03
f  1410/1569/4  1406/1564/4  1405/1563/4  1407/1540/4
usemtl chunksTextures/dev_nodraw
f  1409/1520/5  1403/1583/5  1406/1558/5  1410/1536/5
usemtl chunksTextures/obj_scaffold_03
f  1410/1545/6  1407/1529/6  1408/206/6  1409/173/6

o entity13_brush0
usemtl chunksTextures/obj_scaffold_03
f  1411/1532/1  1412/1531/1  1413/1587/1  1414/1588/1
usemtl chunksTextures/obj_scaffold_01
f  1415/1519/2  1413/1512/2  1412/1534/2  1416/1533/2
usemtl chunksTextures/color_02
f  1416/1537/3  1412/1538/3  1411/1539/3  1417/1540/3
usemtl chunksTextures/color_03
f  1418/1540/4  1414/1539/4  1413/1538/4  1415/1537/4
usemtl chunksTextures/obj_scaffold_03
f  1417/1544/5  1411/1543/5  1414/1589/5  1418/1590/5
usemtl chunksTextures/obj_scaffold_03
f  1418/1588/6  1415/1587/6  1416/1531/6  1417/1532/6

o entity13_brush1
usemtl chunksTextures/obj_scaffold_03
f  1419/1546/1  1420/1532/1  1421/1588/1  1422/1591/1
usemtl chunksTextures/obj_scaffold_01
f  1423/1592/2  1421/1512/2  1420/1534/2  1424/1547/2
usemtl chunksTextures/color_02
f  1424/1549/3  1420/1539/3  1419/1550/3  1425/1551/3
usemtl chunksTextures/color_03
f  1426/1551/4  1422/1550/4  1421/1539/4  1423/1549/4
usemtl chunksTextures/dev_nodraw
f  1425/1547/5  1419/1534/5  1422/1512/5  1426/1592/5
usemtl chunksTextures/obj_scaffold_03
f  1426/1591/6  1423/1588/6  1424/1532/6  1425/1546/6

o entity13_brush2
usemtl chunksTextures/dev_nodraw
f  1427/1593/1  1428/1594/1  1429/1595/1  1430/1596/1
usemtl chunksTextures/dev_nodraw
f  1431/1597/2  1429/1598/2  1428/1547/2  1432/1572/2
usemtl chunksTextures/obj_cabinet_04
f  1433/1559/224  1430/1560/224  1429/1561/224  1431/1562/224
usemtl chunksTextures/color_02
f  1432/1563/3  1428/1549/3  1427/1551/3  1434/1564/3
usemtl chunksTextures/dev_nodraw
f  1434/1572/5  1427/1547/5  1430/1599/5  1433/1600/5
usemtl chunksTextures/dev_nodraw
f  1431/1595/6  1432/1594/6  1434/1593/6  1433/1596/6

o entity13_brush3
usemtl chunksTextures/obj_scaffold_03
f  1435/1568/1  1436/1546/1  1437/1591/1  1438/1601/1
usemtl chunksTextures/obj_scaffold_03
f  1439/1590/2  1437/1589/2  1436/1543/2  1440/1544/2
usemtl chunksTextures/color_02
f  1440/1569/3  1436/1550/3  1435/1570/3  1441/1571/3
usemtl chunksTextures/color_03
f  1442/1571/4  1438/1570/4  1437/1550/4  1439/1569/4
usemtl chunksTextures/dev_nodraw
f  1441/1533/5  1435/1534/5  1438/1512/5  1442/1519/5
usemtl chunksTextures/obj_scaffold_03
f  1442/1601/6  1439/1591/6  1440/1546/6  1441/1568/6

o entity13_brush4
usemtl chunksTextures/obj_scaffold_03
f  1443/1546/1  1444/1532/1  1445/1588/1  1446/1591/1
usemtl chunksTextures/obj_scaffold_01
f  1447/1519/2  1445/1602/2  1444/1572/2  1448/1533/2
usemtl chunksTextures/color_02
f  1448/1540/3  1444/1563/3  1443/1564/3  1449/1569/3
usemtl chunksTextures/color_03
f  1450/1569/4  1446/1564/4  1445/1563/4  1447/1540/4
usemtl chunksTextures/dev_nodraw
f  1449/1533/5  1443/1572/5  1446/1602/5  1450/1519/5
usemtl chunksTextures/obj_scaffold_03
f  1450/1591/6  1447/1588/6  1448/1532/6  1449/1546/6

o entity14_brush0
usemtl __TB_empty
f  1451/1603/1  1452/1604/1  1453/1605/1  1454/153/1
usemtl __TB_empty
f  1455/1606/2  1453/1607/2  1452/809/2  1456/1608/2
usemtl __TB_empty
f  1456/1609/3  1452/1610/3  1451/1611/3  1457/1612/3
usemtl __TB_empty
f  1458/1612/4  1454/1611/4  1453/1610/4  1455/1609/4
usemtl __TB_empty
f  1457/1608/5  1451/809/5  1454/1607/5  1458/1606/5
usemtl __TB_empty
f  1458/153/6  1455/1605/6  1456/1604/6  1457/1603/6

o entity14_brush1
usemtl __TB_empty
f  1459/1613/1  1460/1605/1  1461/1614/1  1462/1615/1
usemtl __TB_empty
f  1463/1616/2  1461/1617/2  1460/1618/2  1464/1606/2
usemtl __TB_empty
f  1464/1609/3  1460/1619/3  1459/1620/3  1465/1621/3
usemtl __TB_empty
f  1466/1621/4  1462/1620/4  1461/1619/4  1463/1609/4
usemtl __TB_empty
f  1465/1606/5  1459/1618/5  1462/1617/5  1466/1616/5
usemtl __TB_empty
f  1466/1615/6  1463/1614/6  1464/1605/6  1465/1613/6

o entity14_brush2
usemtl __TB_empty
f  1467/1622/1  1468/1623/1  1469/1624/1  1470/1625/1
usemtl __TB_empty
f  1471/1626/2  1469/1627/2  1468/1628/2  1472/1629/2
usemtl __TB_empty
f  1472/1609/3  1468/1610/3  1467/1611/3  1473/1612/3
usemtl __TB_empty
f  1474/1612/4  1470/1611/4  1469/1610/4  1471/1609/4
usemtl __TB_empty
f  1473/1629/5  1467/1628/5  1470/1627/5  1474/1626/5
usemtl __TB_empty
f  1474/1625/6  1471/1624/6  1472/1623/6  1473/1622/6

o entity14_brush3
usemtl __TB_empty
f  1475/1613/1  1476/1605/1  1477/1614/1  1478/1615/1
usemtl __TB_empty
f  1479/1630/2  1477/1631/2  1476/1607/2  1480/1632/2
usemtl __TB_empty
f  1480/1633/3  1476/1610/3  1475/1634/3  1481/1635/3
usemtl __TB_empty
f  1482/1635/4  1478/1634/4  1477/1610/4  1479/1633/4
usemtl __TB_empty
f  1481/1632/5  1475/1607/5  1478/1631/5  1482/1630/5
usemtl __TB_empty
f  1482/1615/6  1479/1614/6  1480/1605/6  1481/1613/6

o entity14_brush4
usemtl __TB_empty
f  1483/1636/1  1484/1637/1  1485/1638/1  1486/1639/1
usemtl __TB_empty
f  1487/1616/2  1485/1631/2  1484/1607/2  1488/1606/2
usemtl __TB_empty
f  1488/1640/3  1484/1641/3  1483/1642/3  1489/1643/3
usemtl __TB_empty
f  1490/1643/4  1486/1642/4  1485/1641/4  1487/1640/4
usemtl __TB_empty
f  1489/1606/5  1483/1607/5  1486/1631/5  1490/1616/5
usemtl __TB_empty
f  1490/1639/6  1487/1638/6  1488/1637/6  1489/1636/6

o entity14_brush5
usemtl __TB_empty
f  1491/1644/1  1492/1645/1  1493/1646/1  1494/1647/1
usemtl __TB_empty
f  1495/1648/2  1493/1649/2  1492/1632/2  1496/1618/2
usemtl __TB_empty
f  1496/1650/3  1492/1651/3  1491/1652/3  1497/1653/3
usemtl __TB_empty
f  1498/1653/4  1494/1652/4  1493/1651/4  1495/1650/4
usemtl __TB_empty
f  1497/1618/5  1491/1632/5  1494/1649/5  1498/1648/5
usemtl __TB_empty
f  1498/1647/6  1495/1646/6  1496/1645/6  1497/1644/6

o entity14_brush6
usemtl __TB_empty
f  1499/1644/1  1500/1645/1  1501/1646/1  1502/1647/1
usemtl __TB_empty
f  1503/1648/2  1501/1649/2  1500/1632/2  1504/1618/2
usemtl __TB_empty
f  1504/1650/3  1500/1651/3  1499/1652/3  1505/1653/3
usemtl __TB_empty
f  1506/1653/4  1502/1652/4  1501/1651/4  1503/1650/4
usemtl __TB_empty
f  1505/1618/5  1499/1632/5  1502/1649/5  1506/1648/5
usemtl __TB_empty
f  1506/1647/6  1503/1646/6  1504/1645/6  1505/1644/6

o entity15_brush0
usemtl __TB_empty
f  1507/1654/1  1508/1604/1  1509/1655/1  1510/1656/1
usemtl __TB_empty
f  1511/1657/2  1509/1658/2  1508/1659/2  1512/1660/2
usemtl __TB_empty
f  1512/1661/3  1508/1662/3  1507/1663/3  1513/1664/3
usemtl __TB_empty
f  1514/1664/4  1510/1663/4  1509/1662/4  1511/1661/4
usemtl __TB_empty
f  1513/1660/5  1507/1659/5  1510/1658/5  1514/1657/5
usemtl __TB_empty
f  1514/1656/6  1511/1655/6  1512/1604/6  1513/1654/6

o entity15_brush1
usemtl __TB_empty
f  1515/1665/1  1516/1666/1  1517/1667/1  1518/1668/1
usemtl __TB_empty
f  1519/1669/2  1517/1670/2  1516/1671/2  1520/1672/2
usemtl __TB_empty
f  1520/1673/3  1516/1674/3  1515/1663/3  1521/1664/3
usemtl __TB_empty
f  1522/1664/4  1518/1663/4  1517/1674/4  1519/1673/4
usemtl __TB_empty
f  1521/1672/5  1515/1671/5  1518/1670/5  1522/1669/5
usemtl __TB_empty
f  1522/1668/6  1519/1667/6  1520/1666/6  1521/1665/6

o entity15_brush2
usemtl __TB_empty
f  1523/1675/225  1524/1676/225  1525/1677/225  1526/1678/225
usemtl __TB_empty
f  1526/1679/226  1525/1680/226  1527/1604/226
usemtl __TB_empty
f  1528/1681/2  1529/1682/2  1527/1683/2  1525/1684/2  1524/1685/2  1530/1686/2
usemtl __TB_empty
f  1530/1687/3  1524/1688/3  1523/1689/3  1531/1690/3
usemtl __TB_empty
f  1532/1690/4  1526/1689/4  1527/1691/4  1529/1692/4
usemtl __TB_empty
f  1531/1672/5  1523/1693/5  1526/1694/5  1532/1660/5
usemtl __TB_empty
f  1532/1654/227  1529/1695/227  1528/1696/227
usemtl __TB_empty
f  1528/1677/228  1530/1676/228  1531/1675/228  1532/1678/228

o entity15_brush3
usemtl __TB_empty
f  1533/1665/1  1534/1666/1  1535/1667/1  1536/1668/1
usemtl __TB_empty
f  1537/1669/2  1535/1670/2  1534/1671/2  1538/1672/2
usemtl __TB_empty
f  1538/1673/3  1534/1674/3  1533/1663/3  1539/1664/3
usemtl __TB_empty
f  1540/1664/4  1536/1663/4  1535/1674/4  1537/1673/4
usemtl __TB_empty
f  1539/1672/5  1533/1671/5  1536/1670/5  1540/1669/5
usemtl __TB_empty
f  1540/1668/6  1537/1667/6  1538/1666/6  1539/1665/6

o entity15_brush4
usemtl __TB_empty
f  1541/1697/225  1542/1698/225  1543/1699/225  1544/1700/225
usemtl __TB_empty
f  1544/1701/226  1543/1702/226  1545/1703/226
usemtl __TB_empty
f  1546/1704/2  1547/1705/2  1545/1706/2  1543/1707/2  1542/1708/2  1548/1709/2
usemtl __TB_empty
f  1548/1687/3  1542/1688/3  1541/1689/3  1549/1690/3
usemtl __TB_empty
f  1550/1690/4  1544/1689/4  1545/1691/4  1547/1692/4
usemtl __TB_empty
f  1549/1710/5  1541/1711/5  1544/1712/5  1550/1713/5
usemtl __TB_empty
f  1550/1714/227  1547/1715/227  1546/1716/227
usemtl __TB_empty
f  1546/1699/228  1548/1698/228  1549/1697/228  1550/1700/228

o entity15_brush5
usemtl __TB_empty
f  1551/1717/1  1552/1718/1  1553/1719/1  1554/1720/1
usemtl __TB_empty
f  1555/1721/2  1553/1722/2  1552/1723/2  1556/1724/2
usemtl __TB_empty
f  1556/1725/3  1552/1726/3  1551/1727/3  1557/1728/3
usemtl __TB_empty
f  1558/1728/4  1554/1727/4  1553/1726/4  1555/1725/4
usemtl __TB_empty
f  1557/1724/5  1551/1723/5  1554/1722/5  1558/1721/5
usemtl __TB_empty
f  1558/1720/6  1555/1719/6  1556/1718/6  1557/1717/6

o entity16_brush0
usemtl chunksTextures/dev_nodraw
f  1559/1729/1  1560/1730/1  1561/1731/1  1562/1732/1
usemtl chunksTextures/prop_desk02_leg
f  1563/1733/2  1561/1734/2  1560/1735/2  1564/1736/2
usemtl chunksTextures/prop_desk02_leg
f  1564/1737/3  1560/1738/3  1559/1739/3  1565/1740/3
usemtl chunksTextures/dev_nodraw
f  1566/1740/4  1562/1739/4  1561/1738/4  1563/1737/4
usemtl chunksTextures/prop_desk02_leg
f  1565/1736/5  1559/1735/5  1562/1734/5  1566/1733/5
usemtl chunksTextures/dev_nodraw
f  1566/1732/6  1563/1731/6  1564/1730/6  1565/1729/6

o entity16_brush1
usemtl chunksTextures/prop_desk02_leg
f  1567/1741/1  1568/1742/1  1569/1743/1  1570/1160/1
usemtl chunksTextures/prop_desk02_leg
f  1571/1734/2  1569/1744/2  1568/1745/2  1572/1746/2
usemtl chunksTextures/dev_nodraw
f  1572/1747/3  1568/1748/3  1567/1749/3  1573/1750/3
usemtl chunksTextures/dev_nodraw
f  1574/1750/4  1570/1749/4  1569/1748/4  1571/1747/4
usemtl chunksTextures/prop_desk02_leg
f  1573/1746/5  1567/1745/5  1570/1744/5  1574/1734/5
usemtl chunksTextures/prop_desk02_leg
f  1574/1160/6  1571/1743/6  1572/1742/6  1573/1741/6

o entity16_brush2
usemtl chunksTextures/prop_desk02_leg
f  1575/1741/1  1576/1742/1  1577/1743/1  1578/1160/1
usemtl chunksTextures/prop_desk02_leg
f  1579/1751/2  1577/1733/2  1576/1752/2  1580/1753/2
usemtl chunksTextures/dev_nodraw
f  1580/1754/3  1576/1755/3  1575/1756/3  1581/1757/3
usemtl chunksTextures/dev_nodraw
f  1582/1757/4  1578/1756/4  1577/1755/4  1579/1754/4
usemtl chunksTextures/prop_desk02_leg
f  1581/1753/5  1575/1752/5  1578/1733/5  1582/1751/5
usemtl chunksTextures/prop_desk02_leg
f  1582/1160/6  1579/1743/6  1580/1742/6  1581/1741/6

o entity16_brush3
usemtl chunksTextures/prop_desk02_cabinet_ext
f  1583/1758/1  1584/1759/1  1585/1760/1  1586/1761/1
usemtl chunksTextures/prop_desk02_cabinet_front2
f  1587/1762/2  1585/1763/2  1584/1764/2  1588/1765/2
usemtl chunksTextures/prop_desk02_cabinet_ext
f  1588/1766/3  1584/1767/3  1583/1768/3  1589/1769/3
usemtl chunksTextures/prop_desk02_cabinet_ext
f  1590/1769/4  1586/1768/4  1585/1767/4  1587/1766/4
usemtl chunksTextures/prop_desk02_cabinet_ext
f  1589/1770/5  1583/1771/5  1586/1772/5  1590/1773/5
usemtl chunksTextures/prop_desk02_cabinet_ext
f  1590/1761/6  1587/1760/6  1588/1759/6  1589/1758/6

o entity16_brush4
usemtl chunksTextures/prop_desk02_tableBorder
f  1591/1774/1  1592/1775/1  1593/1776/1  1594/1777/1
usemtl chunksTextures/prop_desk02_tableBorder
f  1595/1778/2  1593/1779/2  1592/1780/2  1596/1781/2
usemtl chunksTextures/prop_desk02_table
f  1596/1782/3  1592/1783/3  1591/1784/3  1597/1785/3
usemtl chunksTextures/prop_desk02_table
f  1598/1785/4  1594/1784/4  1593/1783/4  1595/1782/4
usemtl chunksTextures/prop_desk02_tableBorder
f  1597/1781/5  1591/1780/5  1594/1779/5  1598/1778/5
usemtl chunksTextures/prop_desk02_tableBorder
f  1598/1777/6  1595/1776/6  1596/1775/6  1597/1774/6

o entity16_brush5
usemtl chunksTextures/prop_desk02_base
f  1599/1786/1  1600/1787/1  1601/1788/1  1602/1789/1
usemtl chunksTextures/prop_desk02_base
f  1603/1746/2  1601/1745/2  1600/1790/2  1604/1791/2
usemtl chunksTextures/prop_desk02_base2
f  1604/1792/3  1600/1793/3  1599/1794/3  1605/1795/3
usemtl chunksTextures/prop_desk02_base2
f  1606/1796/4  1602/1797/4  1601/1798/4  1603/1799/4
usemtl chunksTextures/prop_desk02_base
f  1605/1791/5  1599/1790/5  1602/1745/5  1606/1746/5
usemtl chunksTextures/prop_desk02_base
f  1606/1789/6  1603/1788/6  1604/1787/6  1605/1786/6

o entity16_brush6
usemtl chunksTextures/prop_desk02_base
f  1607/1800/1  1608/1801/1  1609/1802/1  1610/1786/1
usemtl chunksTextures/prop_desk02_base
f  1611/1791/2  1609/1790/2  1608/1803/2  1612/1804/2
usemtl chunksTextures/prop_desk02_base2
f  1612/1805/3  1608/1806/3  1607/1797/3  1613/1796/3
usemtl chunksTextures/prop_desk02_base2
f  1614/1795/4  1610/1794/4  1609/1807/4  1611/1808/4
usemtl chunksTextures/prop_desk02_base
f  1613/1804/5  1607/1803/5  1610/1790/5  1614/1791/5
usemtl chunksTextures/prop_desk02_base
f  1614/1786/6  1611/1802/6  1612/1801/6  1613/1800/6

o entity16_brush7
usemtl chunksTextures/prop_desk02_base
f  1615/1809/1  1616/1810/1  1617/1787/1  1618/1811/1
usemtl chunksTextures/prop_desk02_base
f  1619/1791/2  1617/1790/2  1616/1803/2  1620/1804/2
usemtl chunksTextures/prop_desk02_base2
f  1620/1799/3  1616/1798/3  1615/1812/3  1621/1813/3
usemtl chunksTextures/prop_desk02_base2
f  1622/1814/4  1618/1815/4  1617/1793/4  1619/1792/4
usemtl chunksTextures/prop_desk02_base
f  1621/1804/5  1615/1803/5  1618/1790/5  1622/1791/5
usemtl chunksTextures/prop_desk02_base
f  1622/1811/6  1619/1787/6  1620/1810/6  1621/1809/6

o entity16_brush8
usemtl chunksTextures/prop_desk02_base
f  1623/1800/1  1624/1801/1  1625/1802/1  1626/1786/1
usemtl chunksTextures/prop_desk02_base
f  1627/1816/2  1625/1817/2  1624/1818/2  1628/1819/2
usemtl chunksTextures/prop_desk02_base2
f  1628/1820/3  1624/1821/3  1623/1822/3  1629/1823/3
usemtl chunksTextures/prop_desk02_base2
f  1630/1824/4  1626/1825/4  1625/1826/4  1627/1827/4
usemtl chunksTextures/prop_desk02_base
f  1629/1819/5  1623/1818/5  1626/1817/5  1630/1816/5
usemtl chunksTextures/prop_desk02_base
f  1630/1786/6  1627/1802/6  1628/1801/6  1629/1800/6

o entity16_brush9
usemtl chunksTextures/prop_desk02_base
f  1631/1786/1  1632/1787/1  1633/1788/1  1634/1789/1
usemtl chunksTextures/prop_desk02_base
f  1635/1753/2  1633/1752/2  1632/1817/2  1636/1816/2
usemtl chunksTextures/prop_desk02_base2
f  1636/1828/3  1632/1829/3  1631/1825/3  1637/1824/3
usemtl chunksTextures/prop_desk02_base2
f  1638/1823/4  1634/1822/4  1633/1830/4  1635/1831/4
usemtl chunksTextures/prop_desk02_base
f  1637/1816/5  1631/1817/5  1634/1752/5  1638/1753/5
usemtl chunksTextures/prop_desk02_base
f  1638/1789/6  1635/1788/6  1636/1787/6  1637/1786/6

o entity16_brush10
usemtl chunksTextures/prop_desk02_base
f  1639/1809/1  1640/1810/1  1641/1787/1  1642/1811/1
usemtl chunksTextures/prop_desk02_base
f  1643/1816/2  1641/1817/2  1640/1818/2  1644/1819/2
usemtl chunksTextures/prop_desk02_base2
f  1644/1831/3  1640/1830/3  1639/1832/3  1645/1833/3
usemtl chunksTextures/prop_desk02_base2
f  1646/1834/4  1642/1835/4  1641/1829/4  1643/1828/4
usemtl chunksTextures/prop_desk02_base
f  1645/1819/5  1639/1818/5  1642/1817/5  1646/1816/5
usemtl chunksTextures/prop_desk02_base
f  1646/1811/6  1643/1787/6  1644/1810/6  1645/1809/6

o entity17_brush0
usemtl __TB_empty
f  1647/1450/1  1648/1836/1  1649/1837/1  1650/1451/1
usemtl __TB_empty
f  1651/1838/2  1649/1839/2  1648/1840/2  1652/1841/2
usemtl __TB_empty
f  1652/1842/3  1648/1843/3  1647/1844/3  1653/1845/3
usemtl __TB_empty
f  1654/1845/4  1650/1844/4  1649/1843/4  1651/1842/4
usemtl __TB_empty
f  1653/1841/5  1647/1840/5  1650/1839/5  1654/1838/5
usemtl __TB_empty
f  1654/1451/6  1651/1837/6  1652/1836/6  1653/1450/6

o entity17_brush1
usemtl __TB_empty
f  1655/1846/1  1656/1847/1  1657/1848/1  1658/1849/1
usemtl __TB_empty
f  1659/1850/2  1657/1851/2  1656/1852/2  1660/1853/2
usemtl __TB_empty
f  1660/1854/3  1656/1855/3  1655/1856/3  1661/1857/3
usemtl __TB_empty
f  1662/1857/4  1658/1856/4  1657/1855/4  1659/1854/4
usemtl __TB_empty
f  1661/1853/5  1655/1852/5  1658/1851/5  1662/1850/5
usemtl __TB_empty
f  1662/1849/6  1659/1848/6  1660/1847/6  1661/1846/6

o entity17_brush2
usemtl __TB_empty
f  1663/1450/1  1664/1836/1  1665/1837/1  1666/1451/1
usemtl __TB_empty
f  1667/1838/2  1665/1839/2  1664/1840/2  1668/1841/2
usemtl __TB_empty
f  1668/1842/3  1664/1843/3  1663/1844/3  1669/1845/3
usemtl __TB_empty
f  1670/1845/4  1666/1844/4  1665/1843/4  1667/1842/4
usemtl __TB_empty
f  1669/1841/5  1663/1840/5  1666/1839/5  1670/1838/5
usemtl __TB_empty
f  1670/1451/6  1667/1837/6  1668/1836/6  1669/1450/6

o entity17_brush3
usemtl __TB_empty
f  1671/1858/1  1672/1859/1  1673/1860/1  1674/1861/1
usemtl __TB_empty
f  1675/1862/2  1673/1863/2  1672/1864/2  1676/1865/2
usemtl __TB_empty
f  1676/1866/3  1672/1867/3  1671/1868/3  1677/1869/3
usemtl __TB_empty
f  1678/1869/4  1674/1868/4  1673/1867/4  1675/1866/4
usemtl __TB_empty
f  1677/1865/5  1671/1864/5  1674/1863/5  1678/1862/5
usemtl __TB_empty
f  1678/1861/6  1675/1860/6  1676/1859/6  1677/1858/6

o entity17_brush4
usemtl __TB_empty
f  1679/1485/1  1680/1486/1  1681/1487/1  1682/1488/1
usemtl __TB_empty
f  1683/1870/2  1681/1871/2  1680/1872/2  1684/1873/2
usemtl __TB_empty
f  1684/1874/3  1680/1875/3  1679/1876/3  1685/1877/3
usemtl __TB_empty
f  1686/1877/4  1682/1876/4  1681/1875/4  1683/1874/4
usemtl __TB_empty
f  1685/1873/5  1679/1872/5  1682/1871/5  1686/1870/5
usemtl __TB_empty
f  1686/1488/6  1683/1487/6  1684/1486/6  1685/1485/6

o entity18_brush0
usemtl chunksTextures/prop_desk02_base3
f  1687/1878/1  1688/1879/1  1689/1880/1  1690/1881/1
usemtl chunksTextures/prop_desk02_base3
f  1691/1882/2  1689/1883/2  1688/1884/2  1692/1885/2
usemtl chunksTextures/dev_nodraw
f  1692/1886/3  1688/1887/3  1687/1888/3  1693/1889/3
usemtl chunksTextures/dev_nodraw
f  1694/1889/4  1690/1888/4  1689/1887/4  1691/1886/4
usemtl chunksTextures/prop_desk02_base3
f  1693/1885/5  1687/1884/5  1690/1883/5  1694/1882/5
usemtl chunksTextures/prop_desk02_base3
f  1694/1881/6  1691/1880/6  1692/1879/6  1693/1878/6

o entity18_brush1
usemtl chunksTextures/prop_desk02_leg
f  1695/1500/1  1696/1880/1  1697/1890/1  1698/1891/1
usemtl chunksTextures/prop_library_front
f  1699/1892/2  1697/1893/2  1696/1883/2  1700/1882/2
usemtl __TB_empty
f  1700/1894/3  1696/1895/3  1695/1896/3  1701/1897/3
usemtl chunksTextures/prop_desk02_leg
f  1702/1898/4  1698/1899/4  1697/1887/4  1699/1886/4
usemtl chunksTextures/prop_desk02_leg
f  1701/1882/5  1695/1883/5  1698/1893/5  1702/1892/5
usemtl chunksTextures/prop_desk02_leg
f  1702/1891/6  1699/1890/6  1700/1880/6  1701/1500/6

o entity18_brush2
usemtl chunksTextures/prop_desk02_base3
f  1703/1497/1  1704/1900/1  1705/1509/1  1706/1500/1
usemtl chunksTextures/prop_desk02_base3
f  1707/1882/2  1705/1883/2  1704/1884/2  1708/1885/2
usemtl chunksTextures/dev_nodraw
f  1708/1901/3  1704/1902/3  1703/1899/3  1709/1898/3
usemtl chunksTextures/dev_nodraw
f  1710/1898/4  1706/1899/4  1705/1902/4  1707/1901/4
usemtl chunksTextures/prop_desk02_base3
f  1709/1885/5  1703/1884/5  1706/1883/5  1710/1882/5
usemtl chunksTextures/prop_desk02_base3
f  1710/1500/6  1707/1509/6  1708/1900/6  1709/1497/6

o entity18_brush3
usemtl chunksTextures/prop_desk02_base3
f  1711/1878/1  1712/1879/1  1713/1880/1  1714/1881/1
usemtl chunksTextures/prop_desk02_base3
f  1715/1903/2  1713/1904/2  1712/1905/2  1716/1906/2
usemtl chunksTextures/dev_nodraw
f  1716/1907/3  1712/1908/3  1711/1909/3  1717/1910/3
usemtl chunksTextures/dev_nodraw
f  1718/1910/4  1714/1909/4  1713/1908/4  1715/1907/4
usemtl chunksTextures/prop_desk02_base3
f  1717/1906/5  1711/1905/5  1714/1904/5  1718/1903/5
usemtl chunksTextures/prop_desk02_base3
f  1718/1881/6  1715/1880/6  1716/1879/6  1717/1878/6

o entity18_brush4
usemtl chunksTextures/prop_desk02_leg
f  1719/1500/1  1720/1880/1  1721/1890/1  1722/1891/1
usemtl chunksTextures/prop_library_front
f  1723/1911/2  1721/1912/2  1720/1904/2  1724/1903/2
usemtl __TB_empty
f  1724/1913/3  1720/1914/3  1719/1915/3  1725/1916/3
usemtl chunksTextures/prop_desk02_leg
f  1726/1917/4  1722/1918/4  1721/1908/4  1723/1907/4
usemtl chunksTextures/prop_desk02_leg
f  1725/1903/5  1719/1904/5  1722/1912/5  1726/1911/5
usemtl chunksTextures/prop_desk02_leg
f  1726/1891/6  1723/1890/6  1724/1880/6  1725/1500/6

o entity18_brush5
usemtl chunksTextures/prop_desk02_base3
f  1727/1497/1  1728/1900/1  1729/1509/1  1730/1500/1
usemtl chunksTextures/prop_desk02_base3
f  1731/1903/2  1729/1904/2  1728/1905/2  1732/1906/2
usemtl chunksTextures/dev_nodraw
f  1732/1919/3  1728/1920/3  1727/1918/3  1733/1917/3
usemtl chunksTextures/dev_nodraw
f  1734/1917/4  1730/1918/4  1729/1920/4  1731/1919/4
usemtl chunksTextures/prop_desk02_base3
f  1733/1906/5  1727/1905/5  1730/1904/5  1734/1903/5
usemtl chunksTextures/prop_desk02_base3
f  1734/1500/6  1731/1509/6  1732/1900/6  1733/1497/6

o entity18_brush6
usemtl __TB_empty
f  1735/153/1  1736/1921/1  1737/1922/1  1738/156/1
usemtl chunksTextures/prop_library_back
f  1739/1923/2  1737/1924/2  1736/1903/2  1740/1883/2
usemtl __TB_empty
f  1740/1925/3  1736/1926/3  1735/1927/3  1741/1928/3
usemtl chunksTextures/prop_library_back
f  1742/1899/4  1738/1917/4  1737/1929/4  1739/1930/4
usemtl chunksTextures/prop_library_back
f  1741/1883/5  1735/1903/5  1738/1924/5  1742/1923/5
usemtl __TB_empty
f  1742/156/6  1739/1922/6  1740/1921/6  1741/153/6

o entity18_brush7
usemtl chunksTextures/prop_desk02_cabinet_ext
f  1743/1931/1  1744/1932/1  1745/1933/1  1746/1934/1
usemtl chunksTextures/prop_desk_cabinet_x64
f  1747/1935/2  1745/1936/2  1744/1937/2  1748/1938/2
usemtl chunksTextures/prop_desk02_cabinet_ext
f  1748/1939/3  1744/1940/3  1743/1941/3  1749/1942/3
usemtl chunksTextures/prop_desk02_cabinet_ext
f  1750/1942/4  1746/1941/4  1745/1940/4  1747/1939/4
usemtl chunksTextures/prop_desk02_cabinet_ext
f  1749/1943/5  1743/1944/5  1746/1945/5  1750/1946/5
usemtl chunksTextures/prop_desk02_cabinet_ext
f  1750/1934/6  1747/1933/6  1748/1932/6  1749/1931/6

o entity18_brush8
usemtl chunksTextures/prop_desk02_tableBorder
f  1751/1947/1  1752/1948/1  1753/1949/1  1754/1950/1
usemtl chunksTextures/prop_desk02_tableBorder
f  1755/1951/2  1753/1952/2  1752/1953/2  1756/1954/2
usemtl chunksTextures/prop_desk02_table
f  1756/1955/3  1752/1956/3  1751/1929/3  1757/1930/3
usemtl chunksTextures/prop_desk02_table
f  1758/1930/4  1754/1929/4  1753/1956/4  1755/1955/4
usemtl chunksTextures/prop_desk02_tableBorder
f  1757/1954/5  1751/1953/5  1754/1952/5  1758/1951/5
usemtl chunksTextures/prop_desk02_tableBorder
f  1758/1950/6  1755/1949/6  1756/1948/6  1757/1947/6

o entity18_brush9
usemtl chunksTextures/dev_nodraw
f  1759/1957/1  1760/1958/1  1761/1959/1  1762/1960/1
usemtl chunksTextures/prop_desk02_base2
f  1763/1961/2  1761/1962/2  1760/1963/2  1764/1964/2
usemtl chunksTextures/prop_desk02_base2
f  1764/1888/3  1760/1910/3  1759/1929/3  1765/1930/3
usemtl chunksTextures/prop_desk02_base2
f  1766/1930/4  1762/1929/4  1761/1910/4  1763/1888/4
usemtl chunksTextures/dev_nodraw
f  1765/1964/5  1759/1963/5  1762/1962/5  1766/1961/5
usemtl chunksTextures/dev_nodraw
f  1766/1960/6  1763/1959/6  1764/1958/6  1765/1957/6

o entity18_brush10
usemtl chunksTextures/dev_nodraw
f  1767/1965/1  1768/1966/1  1769/1967/1  1770/1968/1
usemtl chunksTextures/prop_desk02_base2
f  1771/1969/2  1769/1970/2  1768/1971/2  1772/1972/2
usemtl chunksTextures/prop_desk02_base2
f  1772/1888/3  1768/1910/3  1767/1929/3  1773/1930/3
usemtl chunksTextures/prop_desk02_base2
f  1774/1930/4  1770/1929/4  1769/1910/4  1771/1888/4
usemtl chunksTextures/dev_nodraw
f  1773/1972/5  1767/1971/5  1770/1970/5  1774/1969/5
usemtl chunksTextures/dev_nodraw
f  1774/1968/6  1771/1967/6  1772/1966/6  1773/1965/6

o entity18_brush11
usemtl chunksTextures/dev_nodraw
f  1775/1973/1  1776/1974/1  1777/1975/1  1778/1976/1
usemtl chunksTextures/prop_desk02_base2
f  1779/1977/2  1777/1978/2  1776/1979/2  1780/1980/2
usemtl chunksTextures/prop_desk02_base2
f  1780/1888/3  1776/1910/3  1775/1929/3  1781/1930/3
usemtl chunksTextures/prop_desk02_base2
f  1782/1930/4  1778/1929/4  1777/1910/4  1779/1888/4
usemtl chunksTextures/dev_nodraw
f  1781/1980/5  1775/1979/5  1778/1978/5  1782/1977/5
usemtl chunksTextures/dev_nodraw
f  1782/1976/6  1779/1975/6  1780/1974/6  1781/1973/6

o entity18_brush12
usemtl chunksTextures/dev_nodraw
f  1783/1981/1  1784/1982/1  1785/1983/1  1786/1984/1
usemtl chunksTextures/prop_desk02_leg
f  1787/1954/2  1785/1953/2  1784/1985/2  1788/1986/2
usemtl chunksTextures/prop_desk02_leg
f  1788/1987/3  1784/1988/3  1783/1989/3  1789/1990/3
usemtl chunksTextures/dev_nodraw
f  1790/1990/4  1786/1989/4  1785/1988/4  1787/1987/4
usemtl chunksTextures/prop_desk02_leg
f  1789/1986/5  1783/1985/5  1786/1953/5  1790/1954/5
usemtl chunksTextures/dev_nodraw
f  1790/1984/6  1787/1983/6  1788/1982/6  1789/1981/6

o entity19_brush0
usemtl chunksTextures/prop_desk02_base3
f  1791/204/1  1792/205/1  1793/174/1  1794/206/1
usemtl chunksTextures/prop_desk02_base3
f  1795/1991/2  1793/1992/2  1792/1993/2  1796/1994/2
usemtl chunksTextures/dev_nodraw
f  1796/1995/3  1792/1996/3  1791/1997/3  1797/1998/3
usemtl chunksTextures/dev_nodraw
f  1798/1998/4  1794/1997/4  1793/1996/4  1795/1995/4
usemtl chunksTextures/prop_desk02_base3
f  1797/1994/5  1791/1993/5  1794/1992/5  1798/1991/5
usemtl chunksTextures/prop_desk02_base3
f  1798/206/6  1795/174/6  1796/205/6  1797/204/6

o entity19_brush1
usemtl chunksTextures/prop_desk02_leg
f  1799/173/1  1800/174/1  1801/175/1  1802/176/1
usemtl chunksTextures/prop_library_front
f  1803/1999/2  1801/2000/2  1800/1992/2  1804/1991/2
usemtl __TB_empty
f  1804/2001/3  1800/2002/3  1799/2003/3  1805/2004/3
usemtl chunksTextures/prop_desk02_leg
f  1806/2005/4  1802/2006/4  1801/1996/4  1803/1995/4
usemtl chunksTextures/prop_desk02_leg
f  1805/1991/5  1799/1992/5  1802/2000/5  1806/1999/5
usemtl chunksTextures/prop_desk02_leg
f  1806/176/6  1803/175/6  1804/174/6  1805/173/6

o entity19_brush2
usemtl chunksTextures/prop_desk02_cabinet_ext
f  1807/2007/1  1808/2008/1  1809/2009/1  1810/2010/1
usemtl chunksTextures/prop_desk_cabinet_x126
f  1811/2011/2  1809/2012/2  1808/2013/2  1812/2014/2
usemtl chunksTextures/prop_desk02_cabinet_ext
f  1812/2015/3  1808/2016/3  1807/2017/3  1813/2018/3
usemtl chunksTextures/prop_desk02_cabinet_ext
f  1814/2018/4  1810/2017/4  1809/2016/4  1811/2015/4
usemtl chunksTextures/prop_desk02_cabinet_ext
f  1813/2019/5  1807/2020/5  1810/2021/5  1814/2022/5
usemtl chunksTextures/prop_desk02_cabinet_ext
f  1814/2010/6  1811/2009/6  1812/2008/6  1813/2007/6

o entity19_brush3
usemtl chunksTextures/prop_desk02_base3
f  1815/197/1  1816/198/1  1817/199/1  1818/173/1
usemtl chunksTextures/prop_desk02_base3
f  1819/1991/2  1817/1992/2  1816/1993/2  1820/1994/2
usemtl chunksTextures/dev_nodraw
f  1820/2023/3  1816/2024/3  1815/2006/3  1821/2005/3
usemtl chunksTextures/dev_nodraw
f  1822/2005/4  1818/2006/4  1817/2024/4  1819/2023/4
usemtl chunksTextures/prop_desk02_base3
f  1821/1994/5  1815/1993/5  1818/1992/5  1822/1991/5
usemtl chunksTextures/prop_desk02_base3
f  1822/173/6  1819/199/6  1820/198/6  1821/197/6

o entity19_brush4
usemtl __TB_empty
f  1823/153/1  1824/1921/1  1825/1922/1  1826/156/1
usemtl chunksTextures/prop_library_back
f  1827/2025/2  1825/2026/2  1824/1991/2  1828/2027/2
usemtl __TB_empty
f  1828/2028/3  1824/2029/3  1823/2030/3  1829/2031/3
usemtl chunksTextures/prop_library_back
f  1830/2032/4  1826/2005/4  1825/2033/4  1827/329/4
usemtl chunksTextures/prop_library_back
f  1829/2027/5  1823/1991/5  1826/2026/5  1830/2025/5
usemtl __TB_empty
f  1830/156/6  1827/1922/6  1828/1921/6  1829/153/6

o entity19_brush5
usemtl chunksTextures/prop_desk02_base3
f  1831/204/1  1832/205/1  1833/174/1  1834/206/1
usemtl chunksTextures/prop_desk02_base3
f  1835/2034/2  1833/2035/2  1832/2036/2  1836/2037/2
usemtl chunksTextures/dev_nodraw
f  1836/2038/3  1832/2039/3  1831/2040/3  1837/2041/3
usemtl chunksTextures/dev_nodraw
f  1838/2041/4  1834/2040/4  1833/2039/4  1835/2038/4
usemtl chunksTextures/prop_desk02_base3
f  1837/2037/5  1831/2036/5  1834/2035/5  1838/2034/5
usemtl chunksTextures/prop_desk02_base3
f  1838/206/6  1835/174/6  1836/205/6  1837/204/6

o entity19_brush6
usemtl chunksTextures/prop_desk02_leg
f  1839/173/1  1840/174/1  1841/175/1  1842/176/1
usemtl chunksTextures/prop_library_front
f  1843/2042/2  1841/2043/2  1840/2035/2  1844/2034/2
usemtl __TB_empty
f  1844/2044/3  1840/2045/3  1839/2046/3  1845/2047/3
usemtl chunksTextures/prop_desk02_leg
f  1846/2048/4  1842/2049/4  1841/2039/4  1843/2038/4
usemtl chunksTextures/prop_desk02_leg
f  1845/2034/5  1839/2035/5  1842/2043/5  1846/2042/5
usemtl chunksTextures/prop_desk02_leg
f  1846/176/6  1843/175/6  1844/174/6  1845/173/6

o entity19_brush7
usemtl chunksTextures/prop_desk02_base3
f  1847/197/1  1848/198/1  1849/199/1  1850/173/1
usemtl chunksTextures/prop_desk02_base3
f  1851/2034/2  1849/2035/2  1848/2036/2  1852/2037/2
usemtl chunksTextures/dev_nodraw
f  1852/2050/3  1848/2051/3  1847/2049/3  1853/2048/3
usemtl chunksTextures/dev_nodraw
f  1854/2048/4  1850/2049/4  1849/2051/4  1851/2050/4
usemtl chunksTextures/prop_desk02_base3
f  1853/2037/5  1847/2036/5  1850/2035/5  1854/2034/5
usemtl chunksTextures/prop_desk02_base3
f  1854/173/6  1851/199/6  1852/198/6  1853/197/6

o entity19_brush8
usemtl chunksTextures/prop_desk02_base3
f  1855/204/1  1856/205/1  1857/174/1  1858/206/1
usemtl chunksTextures/prop_desk02_base3
f  1859/2052/2  1857/2027/2  1856/2053/2  1860/2054/2
usemtl chunksTextures/dev_nodraw
f  1860/2055/3  1856/2056/3  1855/2057/3  1861/2058/3
usemtl chunksTextures/dev_nodraw
f  1862/2058/4  1858/2057/4  1857/2056/4  1859/2055/4
usemtl chunksTextures/prop_desk02_base3
f  1861/2054/5  1855/2053/5  1858/2027/5  1862/2052/5
usemtl chunksTextures/prop_desk02_base3
f  1862/206/6  1859/174/6  1860/205/6  1861/204/6

o entity19_brush9
usemtl chunksTextures/prop_desk02_leg
f  1863/173/1  1864/174/1  1865/175/1  1866/176/1
usemtl chunksTextures/prop_library_front
f  1867/2059/2  1865/2060/2  1864/2027/2  1868/2052/2
usemtl __TB_empty
f  1868/2061/3  1864/2062/3  1863/2063/3  1869/2064/3
usemtl chunksTextures/prop_desk02_leg
f  1870/2065/4  1866/2032/4  1865/2056/4  1867/2055/4
usemtl chunksTextures/prop_desk02_leg
f  1869/2052/5  1863/2027/5  1866/2060/5  1870/2059/5
usemtl chunksTextures/prop_desk02_leg
f  1870/176/6  1867/175/6  1868/174/6  1869/173/6

o entity19_brush10
usemtl chunksTextures/prop_desk02_base3
f  1871/197/1  1872/198/1  1873/199/1  1874/173/1
usemtl chunksTextures/prop_desk02_base3
f  1875/2052/2  1873/2027/2  1872/2053/2  1876/2054/2
usemtl chunksTextures/dev_nodraw
f  1876/2066/3  1872/2067/3  1871/2032/3  1877/2065/3
usemtl chunksTextures/dev_nodraw
f  1878/2065/4  1874/2032/4  1873/2067/4  1875/2066/4
usemtl chunksTextures/prop_desk02_base3
f  1877/2054/5  1871/2053/5  1874/2027/5  1878/2052/5
usemtl chunksTextures/prop_desk02_base3
f  1878/173/6  1875/199/6  1876/198/6  1877/197/6

o entity19_brush11
usemtl __TB_empty
f  1879/153/1  1880/1921/1  1881/1922/1  1882/156/1
usemtl chunksTextures/prop_library_back
f  1883/2068/2  1881/2069/2  1880/2052/2  1884/2035/2
usemtl __TB_empty
f  1884/2070/3  1880/2071/3  1879/2072/3  1885/2073/3
usemtl chunksTextures/prop_library_back
f  1886/2049/4  1882/2065/4  1881/330/4  1883/2074/4
usemtl chunksTextures/prop_library_back
f  1885/2035/5  1879/2052/5  1882/2069/5  1886/2068/5
usemtl __TB_empty
f  1886/156/6  1883/1922/6  1884/1921/6  1885/153/6

o entity19_brush12
usemtl chunksTextures/prop_desk02_cabinet_ext
f  1887/2007/1  1888/2008/1  1889/2009/1  1890/2010/1
usemtl chunksTextures/prop_desk_cabinet_x64
f  1891/2075/2  1889/2076/2  1888/2077/2  1892/2078/2
usemtl chunksTextures/prop_desk02_cabinet_ext
f  1892/2079/3  1888/2080/3  1887/2081/3  1893/2082/3
usemtl chunksTextures/prop_desk02_cabinet_ext
f  1894/2082/4  1890/2081/4  1889/2080/4  1891/2079/4
usemtl chunksTextures/prop_desk02_cabinet_ext
f  1893/2083/5  1887/2084/5  1890/2085/5  1894/2086/5
usemtl chunksTextures/prop_desk02_cabinet_ext
f  1894/2010/6  1891/2009/6  1892/2008/6  1893/2007/6

o entity19_brush13
usemtl chunksTextures/prop_desk02_tableBorder
f  1895/2087/1  1896/2088/1  1897/2089/1  1898/2090/1
usemtl chunksTextures/prop_desk02_tableBorder
f  1899/2091/2  1897/2092/2  1896/2093/2  1900/2094/2
usemtl chunksTextures/prop_desk02_table
f  1900/2095/3  1896/2096/3  1895/330/3  1901/2074/3
usemtl chunksTextures/prop_desk02_table
f  1902/2074/4  1898/330/4  1897/2096/4  1899/2095/4
usemtl chunksTextures/prop_desk02_tableBorder
f  1901/2094/5  1895/2093/5  1898/2092/5  1902/2091/5
usemtl chunksTextures/prop_desk02_tableBorder
f  1902/2090/6  1899/2089/6  1900/2088/6  1901/2087/6

o entity19_brush14
usemtl chunksTextures/dev_nodraw
f  1903/2097/1  1904/2098/1  1905/2099/1  1906/2100/1
usemtl chunksTextures/prop_desk02_base2
f  1907/2101/2  1905/326/2  1904/2102/2  1908/2103/2
usemtl chunksTextures/prop_desk02_base2
f  1908/2040/3  1904/2058/3  1903/330/3  1909/2074/3
usemtl chunksTextures/prop_desk02_base2
f  1910/2074/4  1906/330/4  1905/2058/4  1907/2040/4
usemtl chunksTextures/dev_nodraw
f  1909/2103/5  1903/2102/5  1906/326/5  1910/2101/5
usemtl chunksTextures/dev_nodraw
f  1910/2100/6  1907/2099/6  1908/2098/6  1909/2097/6

o entity19_brush15
usemtl chunksTextures/dev_nodraw
f  1911/2104/1  1912/2105/1  1913/2106/1  1914/2107/1
usemtl chunksTextures/prop_desk02_base2
f  1915/2108/2  1913/2109/2  1912/2110/2  1916/2111/2
usemtl chunksTextures/prop_desk02_base2
f  1916/2040/3  1912/2058/3  1911/330/3  1917/2074/3
usemtl chunksTextures/prop_desk02_base2
f  1918/2074/4  1914/330/4  1913/2058/4  1915/2040/4
usemtl chunksTextures/dev_nodraw
f  1917/2111/5  1911/2110/5  1914/2109/5  1918/2108/5
usemtl chunksTextures/dev_nodraw
f  1918/2107/6  1915/2106/6  1916/2105/6  1917/2104/6

o entity19_brush16
usemtl chunksTextures/dev_nodraw
f  1919/2112/1  1920/2113/1  1921/2114/1  1922/2115/1
usemtl chunksTextures/prop_desk02_base2
f  1923/2116/2  1921/2117/2  1920/2118/2  1924/2119/2
usemtl chunksTextures/prop_desk02_base2
f  1924/2040/3  1920/2058/3  1919/330/3  1925/2074/3
usemtl chunksTextures/prop_desk02_base2
f  1926/2074/4  1922/330/4  1921/2058/4  1923/2040/4
usemtl chunksTextures/dev_nodraw
f  1925/2119/5  1919/2118/5  1922/2117/5  1926/2116/5
usemtl chunksTextures/dev_nodraw
f  1926/2115/6  1923/2114/6  1924/2113/6  1925/2112/6

o entity19_brush17
usemtl chunksTextures/dev_nodraw
f  1927/1982/1  1928/2120/1  1929/2121/1  1930/1983/1
usemtl chunksTextures/prop_desk02_leg
f  1931/2094/2  1929/2093/2  1928/2122/2  1932/2123/2
usemtl chunksTextures/prop_desk02_leg
f  1932/2124/3  1928/2125/3  1927/2126/3  1933/2127/3
usemtl chunksTextures/dev_nodraw
f  1934/2127/4  1930/2126/4  1929/2125/4  1931/2124/4
usemtl chunksTextures/prop_desk02_leg
f  1933/2123/5  1927/2122/5  1930/2093/5  1934/2094/5
usemtl chunksTextures/dev_nodraw
f  1934/1983/6  1931/2121/6  1932/2120/6  1933/1982/6

o entity19_brush18
usemtl chunksTextures/prop_desk02_tableBorder
f  1935/2087/1  1936/2088/1  1937/2089/1  1938/2090/1
usemtl chunksTextures/prop_desk02_tableBorder
f  1939/2128/2  1937/2129/2  1936/2130/2  1940/2131/2
usemtl chunksTextures/prop_desk02_table
f  1940/2132/3  1936/2133/3  1935/2033/3  1941/329/3
usemtl chunksTextures/prop_desk02_table
f  1942/329/4  1938/2033/4  1937/2133/4  1939/2132/4
usemtl chunksTextures/prop_desk02_tableBorder
f  1941/2131/5  1935/2130/5  1938/2129/5  1942/2128/5
usemtl chunksTextures/prop_desk02_tableBorder
f  1942/2090/6  1939/2089/6  1940/2088/6  1941/2087/6

o entity19_brush19
usemtl chunksTextures/dev_nodraw
f  1943/1982/1  1944/2120/1  1945/2121/1  1946/1983/1
usemtl chunksTextures/prop_desk02_leg
f  1947/2131/2  1945/2130/2  1944/2134/2  1948/2135/2
usemtl chunksTextures/prop_desk02_leg
f  1948/2136/3  1944/2137/3  1943/2138/3  1949/2139/3
usemtl chunksTextures/dev_nodraw
f  1950/2139/4  1946/2138/4  1945/2137/4  1947/2136/4
usemtl chunksTextures/prop_desk02_leg
f  1949/2135/5  1943/2134/5  1946/2130/5  1950/2131/5
usemtl chunksTextures/dev_nodraw
f  1950/1983/6  1947/2121/6  1948/2120/6  1949/1982/6

o entity19_brush20
usemtl chunksTextures/dev_nodraw
f  1951/2097/1  1952/2098/1  1953/2099/1  1954/2100/1
usemtl chunksTextures/prop_desk02_base2
f  1955/325/2  1953/2140/2  1952/2141/2  1956/2142/2
usemtl chunksTextures/prop_desk02_base2
f  1956/2057/3  1952/1998/3  1951/2033/3  1957/329/3
usemtl chunksTextures/prop_desk02_base2
f  1958/329/4  1954/2033/4  1953/1998/4  1955/2057/4
usemtl chunksTextures/dev_nodraw
f  1957/2142/5  1951/2141/5  1954/2140/5  1958/325/5
usemtl chunksTextures/dev_nodraw
f  1958/2100/6  1955/2099/6  1956/2098/6  1957/2097/6

o entity19_brush21
usemtl chunksTextures/dev_nodraw
f  1959/2104/1  1960/2105/1  1961/2106/1  1962/2107/1
usemtl chunksTextures/prop_desk02_base2
f  1963/2143/2  1961/2144/2  1960/2145/2  1964/2146/2
usemtl chunksTextures/prop_desk02_base2
f  1964/2057/3  1960/1998/3  1959/2033/3  1965/329/3
usemtl chunksTextures/prop_desk02_base2
f  1966/329/4  1962/2033/4  1961/1998/4  1963/2057/4
usemtl chunksTextures/dev_nodraw
f  1965/2146/5  1959/2145/5  1962/2144/5  1966/2143/5
usemtl chunksTextures/dev_nodraw
f  1966/2107/6  1963/2106/6  1964/2105/6  1965/2104/6

o entity19_brush22
usemtl chunksTextures/dev_nodraw
f  1967/2112/1  1968/2113/1  1969/2114/1  1970/2115/1
usemtl chunksTextures/prop_desk02_base2
f  1971/2147/2  1969/2148/2  1968/2149/2  1972/2150/2
usemtl chunksTextures/prop_desk02_base2
f  1972/2057/3  1968/1998/3  1967/2033/3  1973/329/3
usemtl chunksTextures/prop_desk02_base2
f  1974/329/4  1970/2033/4  1969/1998/4  1971/2057/4
usemtl chunksTextures/dev_nodraw
f  1973/2150/5  1967/2149/5  1970/2148/5  1974/2147/5
usemtl chunksTextures/dev_nodraw
f  1974/2115/6  1971/2114/6  1972/2113/6  1973/2112/6

o entity20_brush0
usemtl chunksTextures/dev_nodraw
f  1975/1500/1  1976/1573/1  1977/2151/1  1978/2152/1
usemtl chunksTextures/obj_cabinet_02_shelf
f  1979/2153/2  1977/2154/2  1976/2155/2  1980/2156/2
usemtl chunksTextures/dev_nodraw
f  1980/2157/3  1976/2158/3  1975/2159/3  1981/2160/3
usemtl chunksTextures/dev_nodraw
f  1982/2160/4  1978/2159/4  1977/2158/4  1979/2157/4
usemtl chunksTextures/color_02
f  1981/2156/5  1975/2155/5  1978/2154/5  1982/2153/5
usemtl chunksTextures/dev_nodraw
f  1982/2152/6  1979/2151/6  1980/1573/6  1981/1500/6

o entity20_brush1
usemtl chunksTextures/obj_scaffold_02
f  1983/2161/1  1984/2162/1  1985/2163/1  1986/2164/1
usemtl chunksTextures/obj_scaffold_02
f  1987/2165/2  1985/2166/2  1984/2167/2  1988/2168/2
usemtl chunksTextures/color_03
f  1988/2169/3  1984/2170/3  1983/2171/3  1989/2172/3
usemtl chunksTextures/color_02
f  1990/2172/4  1986/2171/4  1985/2170/4  1987/2169/4
usemtl chunksTextures/obj_scaffold_02
f  1989/2168/5  1983/2167/5  1986/2166/5  1990/2165/5
usemtl chunksTextures/obj_scaffold_02
f  1990/2164/6  1987/2163/6  1988/2162/6  1989/2161/6

o entity20_brush2
usemtl chunksTextures/color_02
f  1991/1500/1  1992/1499/1  1993/2173/1  1994/2152/1
usemtl chunksTextures/color_02
f  1995/2154/2  1993/2174/2  1992/173/2  1996/2155/2
usemtl chunksTextures/dev_nodraw
f  1996/2175/3  1992/2170/3  1991/2171/3  1997/2159/3
usemtl chunksTextures/dev_nodraw
f  1998/2159/4  1994/2171/4  1993/2170/4  1995/2175/4
usemtl chunksTextures/color_02
f  1997/2155/5  1991/173/5  1994/2174/5  1998/2154/5
usemtl chunksTextures/color_03
f  1998/2152/6  1995/2173/6  1996/1499/6  1997/1500/6

o entity20_brush3
usemtl chunksTextures/obj_scaffold_02
f  1999/1497/1  2000/1498/1  2001/1499/1  2002/1500/1
usemtl chunksTextures/obj_scaffold_02
f  2003/2176/2  2001/173/2  2000/197/2  2004/2177/2
usemtl chunksTextures/dev_nodraw
f  2004/2169/3  2000/2170/3  1999/2171/3  2005/2172/3
usemtl chunksTextures/color_03
f  2006/2172/4  2002/2171/4  2001/2170/4  2003/2169/4
usemtl chunksTextures/obj_scaffold_02
f  2005/2177/5  1999/197/5  2002/173/5  2006/2176/5
usemtl chunksTextures/obj_scaffold_02
f  2006/1500/6  2003/1499/6  2004/1498/6  2005/1497/6

o entity20_brush4
usemtl chunksTextures/color_03
f  2007/1500/1  2008/1499/1  2009/2173/1  2010/2152/1
usemtl chunksTextures/color_02
f  2011/2178/2  2009/2153/2  2008/2156/2  2012/2176/2
usemtl chunksTextures/dev_nodraw
f  2012/2169/3  2008/2179/3  2007/2160/3  2013/2172/3
usemtl chunksTextures/dev_nodraw
f  2014/2172/4  2010/2160/4  2009/2179/4  2011/2169/4
usemtl chunksTextures/color_02
f  2013/2176/5  2007/2156/5  2010/2153/5  2014/2178/5
usemtl chunksTextures/color_02
f  2014/2152/6  2011/2173/6  2012/1499/6  2013/1500/6

o entity21_brush0
usemtl __TB_empty
f  2015/2180/1  2016/2181/1  2017/2182/1  2018/2183/1
usemtl __TB_empty
f  2019/2184/2  2017/2185/2  2016/2186/2  2020/2187/2
usemtl __TB_empty
f  2020/2188/3  2016/2189/3  2015/2190/3  2021/2191/3
usemtl __TB_empty
f  2022/2191/4  2018/2190/4  2017/2189/4  2019/2188/4
usemtl __TB_empty
f  2021/2187/5  2015/2186/5  2018/2185/5  2022/2184/5
usemtl __TB_empty
f  2022/2183/6  2019/2182/6  2020/2181/6  2021/2180/6

o entity21_brush1
usemtl __TB_empty
f  2023/2192/1  2024/2193/1  2025/2194/1  2026/2195/1
usemtl __TB_empty
f  2027/2196/2  2025/2197/2  2024/2198/2  2028/2199/2
usemtl __TB_empty
f  2028/2200/3  2024/2201/3  2023/2202/3  2029/2203/3
usemtl __TB_empty
f  2030/2204/4  2026/2205/4  2025/2189/4  2027/2188/4
usemtl __TB_empty
f  2029/2199/5  2023/2198/5  2026/2197/5  2030/2196/5
usemtl __TB_empty
f  2030/2195/6  2027/2194/6  2028/2193/6  2029/2192/6

o entity21_brush2
usemtl __TB_empty
f  2031/2206/1  2032/2207/1  2033/2208/1  2034/2209/1
usemtl __TB_empty
f  2035/2210/2  2033/2211/2  2032/2212/2  2036/2213/2
usemtl __TB_empty
f  2036/2214/3  2032/2215/3  2031/2216/3  2037/2217/3
usemtl __TB_empty
f  2038/2218/4  2034/2219/4  2033/2220/4  2035/2221/4
usemtl __TB_empty
f  2037/2213/5  2031/2212/5  2034/2211/5  2038/2210/5
usemtl __TB_empty
f  2038/2209/6  2035/2208/6  2036/2207/6  2037/2206/6

o entity21_brush3
usemtl __TB_empty
f  2039/2222/1  2040/2223/1  2041/2193/1  2042/2192/1
usemtl __TB_empty
f  2043/2199/2  2041/2198/2  2040/2224/2  2044/2225/2
usemtl __TB_empty
f  2044/2188/3  2040/2189/3  2039/2205/3  2045/2204/3
usemtl __TB_empty
f  2046/2204/4  2042/2205/4  2041/2189/4  2043/2188/4
usemtl __TB_empty
f  2045/2225/5  2039/2224/5  2042/2198/5  2046/2199/5
usemtl __TB_empty
f  2046/2192/6  2043/2193/6  2044/2223/6  2045/2222/6

o entity21_brush4
usemtl __TB_empty
f  2047/2226/1  2048/2227/1  2049/2228/1  2050/2229/1
usemtl __TB_empty
f  2051/2184/2  2049/2185/2  2048/2186/2  2052/2187/2
usemtl __TB_empty
f  2052/2230/3  2048/2231/3  2047/2205/3  2053/2204/3
usemtl __TB_empty
f  2054/2204/4  2050/2205/4  2049/2231/4  2051/2230/4
usemtl __TB_empty
f  2053/2187/5  2047/2186/5  2050/2185/5  2054/2184/5
usemtl __TB_empty
f  2054/2229/6  2051/2228/6  2052/2227/6  2053/2226/6

o entity21_brush5
usemtl __TB_empty
f  2055/2192/1  2056/2193/1  2057/2194/1  2058/2195/1
usemtl __TB_empty
f  2059/2232/2  2057/2233/2  2056/2234/2  2060/2235/2
usemtl __TB_empty
f  2060/2236/3  2056/2237/3  2055/2238/3  2061/2239/3
usemtl __TB_empty
f  2062/2240/4  2058/2241/4  2057/2242/4  2059/2243/4
usemtl __TB_empty
f  2061/2235/5  2055/2234/5  2058/2233/5  2062/2232/5
usemtl __TB_empty
f  2062/2195/6  2059/2194/6  2060/2193/6  2061/2192/6

o entity21_brush6
usemtl __TB_empty
f  2063/2222/1  2064/2223/1  2065/2193/1  2066/2192/1
usemtl __TB_empty
f  2067/2235/2  2065/2234/2  2064/2244/2  2068/2245/2
usemtl __TB_empty
f  2068/2243/3  2064/2242/3  2063/2241/3  2069/2240/3
usemtl __TB_empty
f  2070/2240/4  2066/2241/4  2065/2242/4  2067/2243/4
usemtl __TB_empty
f  2069/2245/5  2063/2244/5  2066/2234/5  2070/2235/5
usemtl __TB_empty
f  2070/2192/6  2067/2193/6  2068/2223/6  2069/2222/6

o entity21_brush7
usemtl __TB_empty
f  2071/2180/1  2072/2181/1  2073/2182/1  2074/2183/1
usemtl __TB_empty
f  2075/2246/2  2073/2247/2  2072/2248/2  2076/2249/2
usemtl __TB_empty
f  2076/2243/3  2072/2242/3  2071/2250/3  2077/2251/3
usemtl __TB_empty
f  2078/2251/4  2074/2250/4  2073/2242/4  2075/2243/4
usemtl __TB_empty
f  2077/2249/5  2071/2248/5  2074/2247/5  2078/2246/5
usemtl __TB_empty
f  2078/2183/6  2075/2182/6  2076/2181/6  2077/2180/6

o entity21_brush8
usemtl __TB_empty
f  2079/2226/1  2080/2227/1  2081/2228/1  2082/2229/1
usemtl __TB_empty
f  2083/2246/2  2081/2247/2  2080/2248/2  2084/2249/2
usemtl __TB_empty
f  2084/2252/3  2080/2253/3  2079/2241/3  2085/2240/3
usemtl __TB_empty
f  2086/2240/4  2082/2241/4  2081/2253/4  2083/2252/4
usemtl __TB_empty
f  2085/2249/5  2079/2248/5  2082/2247/5  2086/2246/5
usemtl __TB_empty
f  2086/2229/6  2083/2228/6  2084/2227/6  2085/2226/6

o entity21_brush9
usemtl __TB_empty
f  2087/2206/1  2088/2254/1  2089/2255/1  2090/153/1
usemtl __TB_empty
f  2091/2256/2  2089/2257/2  2088/2212/2  2092/2213/2
usemtl __TB_empty
f  2092/2258/3  2088/2259/3  2087/2216/3  2093/2217/3
usemtl __TB_empty
f  2094/2260/4  2090/2261/4  2089/2262/4  2091/2263/4
usemtl __TB_empty
f  2093/2213/5  2087/2212/5  2090/2257/5  2094/2256/5
usemtl __TB_empty
f  2094/153/6  2091/2255/6  2092/2254/6  2093/2206/6

o entity21_brush10
usemtl __TB_empty
f  2095/2206/1  2096/2254/1  2097/2255/1  2098/153/1
usemtl __TB_empty
f  2099/2256/2  2097/2257/2  2096/2212/2  2100/2213/2
usemtl __TB_empty
f  2100/2258/3  2096/2259/3  2095/2216/3  2101/2217/3
usemtl __TB_empty
f  2102/2260/4  2098/2261/4  2097/2262/4  2099/2263/4
usemtl __TB_empty
f  2101/2213/5  2095/2212/5  2098/2257/5  2102/2256/5
usemtl __TB_empty
f  2102/153/6  2099/2255/6  2100/2254/6  2101/2206/6

o entity21_brush11
usemtl __TB_empty
f  2103/2264/1  2104/2265/1  2105/2266/1  2106/1622/1
usemtl __TB_empty
f  2107/2267/2  2105/2268/2  2104/2269/2  2108/2270/2
usemtl __TB_empty
f  2108/2258/3  2104/2259/3  2103/2216/3  2109/2217/3
usemtl __TB_empty
f  2110/2260/4  2106/2261/4  2105/2262/4  2107/2263/4
usemtl __TB_empty
f  2109/2270/5  2103/2269/5  2106/2268/5  2110/2267/5
usemtl __TB_empty
f  2110/1622/6  2107/2266/6  2108/2265/6  2109/2264/6

o entity21_brush12
usemtl __TB_empty
f  2111/2271/1  2112/2272/1  2113/2273/1  2114/2274/1
usemtl __TB_empty
f  2115/2275/2  2113/2276/2  2112/2277/2  2116/2278/2
usemtl __TB_empty
f  2116/2258/3  2112/2259/3  2111/2216/3  2117/2217/3
usemtl __TB_empty
f  2118/2260/4  2114/2261/4  2113/2262/4  2115/2263/4
usemtl __TB_empty
f  2117/2278/5  2111/2277/5  2114/2276/5  2118/2275/5
usemtl __TB_empty
f  2118/2274/6  2115/2273/6  2116/2272/6  2117/2271/6

o entity21_brush13
usemtl __TB_empty
f  2119/2271/1  2120/2272/1  2121/2273/1  2122/2274/1
usemtl __TB_empty
f  2123/2275/2  2121/2276/2  2120/2277/2  2124/2278/2
usemtl __TB_empty
f  2124/2258/3  2120/2259/3  2119/2216/3  2125/2217/3
usemtl __TB_empty
f  2126/2260/4  2122/2261/4  2121/2262/4  2123/2263/4
usemtl __TB_empty
f  2125/2278/5  2119/2277/5  2122/2276/5  2126/2275/5
usemtl __TB_empty
f  2126/2274/6  2123/2273/6  2124/2272/6  2125/2271/6

o entity22_brush0
usemtl __TB_empty
f  2127/2279/1  2128/2280/1  2129/2281/1  2130/2282/1
usemtl __TB_empty
f  2131/2283/2  2129/2284/2  2128/2285/2  2132/2286/2
usemtl __TB_empty
f  2132/2287/3  2128/2288/3  2127/2289/3  2133/2290/3
usemtl __TB_empty
f  2134/2290/4  2130/2289/4  2129/2288/4  2131/2287/4
usemtl __TB_empty
f  2133/2286/5  2127/2285/5  2130/2284/5  2134/2283/5
usemtl __TB_empty
f  2134/2282/6  2131/2281/6  2132/2280/6  2133/2279/6

o entity22_brush1
usemtl __TB_empty
f  2135/2291/1  2136/2292/1  2137/2293/1  2138/2294/1
usemtl __TB_empty
f  2139/2295/2  2137/2296/2  2136/2297/2  2140/2298/2
usemtl __TB_empty
f  2140/2299/3  2136/2300/3  2135/2301/3  2141/2302/3
usemtl __TB_empty
f  2142/2302/4  2138/2301/4  2137/2300/4  2139/2299/4
usemtl __TB_empty
f  2141/2298/5  2135/2297/5  2138/2296/5  2142/2295/5
usemtl __TB_empty
f  2142/2294/6  2139/2293/6  2140/2292/6  2141/2291/6

o entity22_brush2
usemtl __TB_empty
f  2143/2279/1  2144/2280/1  2145/2281/1  2146/2282/1
usemtl __TB_empty
f  2147/2283/2  2145/2284/2  2144/2285/2  2148/2286/2
usemtl __TB_empty
f  2148/2287/3  2144/2288/3  2143/2289/3  2149/2290/3
usemtl __TB_empty
f  2150/2290/4  2146/2289/4  2145/2288/4  2147/2287/4
usemtl __TB_empty
f  2149/2286/5  2143/2285/5  2146/2284/5  2150/2283/5
usemtl __TB_empty
f  2150/2282/6  2147/2281/6  2148/2280/6  2149/2279/6

o entity22_brush3
usemtl __TB_empty
f  2151/2303/1  2152/2304/1  2153/2305/1  2154/2306/1
usemtl __TB_empty
f  2155/2307/2  2153/2308/2  2152/2309/2  2156/2310/2
usemtl __TB_empty
f  2156/2311/3  2152/2312/3  2151/2313/3  2157/2314/3
usemtl __TB_empty
f  2158/2314/4  2154/2313/4  2153/2312/4  2155/2311/4
usemtl __TB_empty
f  2157/2310/5  2151/2309/5  2154/2308/5  2158/2307/5
usemtl __TB_empty
f  2158/2306/6  2155/2305/6  2156/2304/6  2157/2303/6

o entity22_brush4
usemtl __TB_empty
f  2159/2315/1  2160/2316/1  2161/2317/1  2162/2318/1
usemtl __TB_empty
f  2163/2319/2  2161/2320/2  2160/2321/2  2164/2322/2
usemtl __TB_empty
f  2164/2323/3  2160/2324/3  2159/2325/3  2165/2326/3
usemtl __TB_empty
f  2166/2326/4  2162/2325/4  2161/2324/4  2163/2323/4
usemtl __TB_empty
f  2165/2322/5  2159/2321/5  2162/2320/5  2166/2319/5
usemtl __TB_empty
f  2166/2318/6  2163/2317/6  2164/2316/6  2165/2315/6

o entity23_brush0
usemtl chunksTextures/dev_nodraw
f  2167/1729/1  2168/1730/1  2169/1731/1  2170/1732/1
usemtl chunksTextures/prop_desk02_leg
f  2171/2327/2  2169/2328/2  2168/2329/2  2172/2330/2
usemtl chunksTextures/prop_desk02_leg
f  2172/2331/3  2168/2332/3  2167/2333/3  2173/2334/3
usemtl chunksTextures/dev_nodraw
f  2174/2334/4  2170/2333/4  2169/2332/4  2171/2331/4
usemtl chunksTextures/prop_desk02_leg
f  2173/2330/5  2167/2329/5  2170/2328/5  2174/2327/5
usemtl chunksTextures/dev_nodraw
f  2174/1732/6  2171/1731/6  2172/1730/6  2173/1729/6

o entity23_brush1
usemtl chunksTextures/prop_desk02_leg
f  2175/1741/1  2176/1742/1  2177/1743/1  2178/1160/1
usemtl chunksTextures/prop_desk02_leg
f  2179/2328/2  2177/2335/2  2176/2336/2  2180/2337/2
usemtl chunksTextures/dev_nodraw
f  2180/2338/3  2176/2339/3  2175/2340/3  2181/2341/3
usemtl chunksTextures/dev_nodraw
f  2182/2341/4  2178/2340/4  2177/2339/4  2179/2338/4
usemtl chunksTextures/prop_desk02_leg
f  2181/2337/5  2175/2336/5  2178/2335/5  2182/2328/5
usemtl chunksTextures/prop_desk02_leg
f  2182/1160/6  2179/1743/6  2180/1742/6  2181/1741/6

o entity23_brush2
usemtl chunksTextures/prop_desk02_cabinet_ext
f  2183/2342/1  2184/2343/1  2185/2344/1  2186/2345/1
usemtl chunksTextures/prop_desk02_cabinet_front2
f  2187/2346/2  2185/2347/2  2184/2348/2  2188/2349/2
usemtl chunksTextures/prop_desk02_cabinet_ext
f  2188/2350/3  2184/2351/3  2183/2352/3  2189/2353/3
usemtl chunksTextures/prop_desk02_cabinet_ext
f  2190/2353/4  2186/2352/4  2185/2351/4  2187/2350/4
usemtl chunksTextures/prop_desk02_cabinet_ext
f  2189/2354/5  2183/2355/5  2186/2356/5  2190/2357/5
usemtl chunksTextures/prop_desk02_cabinet_ext
f  2190/2345/6  2187/2344/6  2188/2343/6  2189/2342/6

o entity23_brush3
usemtl chunksTextures/prop_desk02_tableBorder
f  2191/2358/1  2192/2359/1  2193/2360/1  2194/2361/1
usemtl chunksTextures/prop_desk02_tableBorder
f  2195/2362/2  2193/2363/2  2192/2364/2  2196/2365/2
usemtl chunksTextures/prop_desk02_table
f  2196/2366/3  2192/2367/3  2191/2368/3  2197/2369/3
usemtl chunksTextures/prop_desk02_table
f  2198/2369/4  2194/2368/4  2193/2367/4  2195/2366/4
usemtl chunksTextures/prop_desk02_tableBorder
f  2197/2365/5  2191/2364/5  2194/2363/5  2198/2362/5
usemtl chunksTextures/prop_desk02_tableBorder
f  2198/2361/6  2195/2360/6  2196/2359/6  2197/2358/6

o entity23_brush4
usemtl chunksTextures/prop_desk02_base
f  2199/1203/1  2200/2370/1  2201/2371/1  2202/1206/1
usemtl chunksTextures/prop_desk02_base
f  2203/2337/2  2201/2336/2  2200/2372/2  2204/2373/2
usemtl chunksTextures/prop_desk02_base2
f  2204/2374/3  2200/2375/3  2199/2376/3  2205/2377/3
usemtl chunksTextures/prop_desk02_base2
f  2206/2378/4  2202/2379/4  2201/2380/4  2203/2381/4
usemtl chunksTextures/prop_desk02_base
f  2205/2373/5  2199/2372/5  2202/2336/5  2206/2337/5
usemtl chunksTextures/prop_desk02_base
f  2206/1206/6  2203/2371/6  2204/2370/6  2205/1203/6

o entity23_brush5
usemtl chunksTextures/prop_desk02_base
f  2207/1213/1  2208/1214/1  2209/1215/1  2210/1203/1
usemtl chunksTextures/prop_desk02_base
f  2211/2373/2  2209/2372/2  2208/2382/2  2212/2383/2
usemtl chunksTextures/prop_desk02_base2
f  2212/2384/3  2208/2385/3  2207/2379/3  2213/2378/3
usemtl chunksTextures/prop_desk02_base2
f  2214/2377/4  2210/2376/4  2209/2386/4  2211/2387/4
usemtl chunksTextures/prop_desk02_base
f  2213/2383/5  2207/2382/5  2210/2372/5  2214/2373/5
usemtl chunksTextures/prop_desk02_base
f  2214/1203/6  2211/1215/6  2212/1214/6  2213/1213/6

o entity23_brush6
usemtl chunksTextures/prop_desk02_base
f  2215/2388/1  2216/2389/1  2217/2370/1  2218/2390/1
usemtl chunksTextures/prop_desk02_base
f  2219/2373/2  2217/2372/2  2216/2382/2  2220/2383/2
usemtl chunksTextures/prop_desk02_base2
f  2220/2381/3  2216/2380/3  2215/2391/3  2221/2392/3
usemtl chunksTextures/prop_desk02_base2
f  2222/2393/4  2218/2394/4  2217/2375/4  2219/2374/4
usemtl chunksTextures/prop_desk02_base
f  2221/2383/5  2215/2382/5  2218/2372/5  2222/2373/5
usemtl chunksTextures/prop_desk02_base
f  2222/2390/6  2219/2370/6  2220/2389/6  2221/2388/6

o entity23_brush7
usemtl chunksTextures/prop_desk02_base
f  2223/2388/1  2224/2389/1  2225/2370/1  2226/2390/1
usemtl chunksTextures/prop_desk02_base
f  2227/2395/2  2225/2349/2  2224/2396/2  2228/2397/2
usemtl chunksTextures/prop_desk02_base2
f  2228/2398/3  2224/2399/3  2223/2400/3  2229/2401/3
usemtl chunksTextures/prop_desk02_base2
f  2230/2402/4  2226/2403/4  2225/2404/4  2227/2405/4
usemtl chunksTextures/prop_desk02_base
f  2229/2397/5  2223/2396/5  2226/2349/5  2230/2395/5
usemtl chunksTextures/prop_desk02_base
f  2230/2390/6  2227/2370/6  2228/2389/6  2229/2388/6

o entity23_brush8
usemtl chunksTextures/prop_desk02_leg
f  2231/1741/1  2232/1742/1  2233/1743/1  2234/1160/1
usemtl chunksTextures/prop_desk02_leg
f  2235/2406/2  2233/2327/2  2232/2407/2  2236/2408/2
usemtl chunksTextures/dev_nodraw
f  2236/2409/3  2232/2410/3  2231/2411/3  2237/2412/3
usemtl chunksTextures/dev_nodraw
f  2238/2412/4  2234/2411/4  2233/2410/4  2235/2409/4
usemtl chunksTextures/prop_desk02_leg
f  2237/2408/5  2231/2407/5  2234/2327/5  2238/2406/5
usemtl chunksTextures/prop_desk02_leg
f  2238/1160/6  2235/1743/6  2236/1742/6  2237/1741/6

o entity23_brush9
usemtl chunksTextures/prop_desk02_base
f  2239/1213/1  2240/1214/1  2241/1215/1  2242/1203/1
usemtl chunksTextures/prop_desk02_base
f  2243/2395/2  2241/2349/2  2240/2396/2  2244/2397/2
usemtl chunksTextures/prop_desk02_base2
f  2244/2413/3  2240/2414/3  2239/2415/3  2245/2416/3
usemtl chunksTextures/prop_desk02_base2
f  2246/2417/4  2242/2418/4  2241/2419/4  2243/2420/4
usemtl chunksTextures/prop_desk02_base
f  2245/2397/5  2239/2396/5  2242/2349/5  2246/2395/5
usemtl chunksTextures/prop_desk02_base
f  2246/1203/6  2243/1215/6  2244/1214/6  2245/1213/6

o entity23_brush10
usemtl chunksTextures/prop_desk02_base
f  2247/1203/1  2248/2370/1  2249/2371/1  2250/1206/1
usemtl chunksTextures/prop_desk02_base
f  2251/2408/2  2249/2407/2  2248/2349/2  2252/2395/2
usemtl chunksTextures/prop_desk02_base2
f  2252/2405/3  2248/2404/3  2247/2418/3  2253/2417/3
usemtl chunksTextures/prop_desk02_base2
f  2254/2416/4  2250/2415/4  2249/2399/4  2251/2398/4
usemtl chunksTextures/prop_desk02_base
f  2253/2395/5  2247/2349/5  2250/2407/5  2254/2408/5
usemtl chunksTextures/prop_desk02_base
f  2254/1206/6  2251/2371/6  2252/2370/6  2253/1203/6

o entity23_brush11
usemtl chunksTextures/prop_desk02_base
f  2255/2421/1  2256/2422/1  2257/2423/1  2258/2424/1
usemtl chunksTextures/prop_desk02_base
f  2259/2425/2  2257/2348/2  2256/2426/2  2260/2427/2
usemtl chunksTextures/prop_desk02_base2
f  2260/2428/3  2256/2429/3  2255/2430/3  2261/2431/3
usemtl chunksTextures/prop_desk02_base2
f  2262/2432/4  2258/2433/4  2257/2434/4  2259/2435/4
usemtl chunksTextures/prop_desk02_base
f  2261/2427/5  2255/2426/5  2258/2348/5  2262/2425/5
usemtl chunksTextures/prop_desk02_base
f  2262/2424/6  2259/2423/6  2260/2422/6  2261/2421/6

o entity23_brush12
usemtl chunksTextures/prop_desk02_base
f  2263/2436/1  2264/2437/1  2265/2438/1  2266/2439/1
usemtl chunksTextures/prop_desk02_base
f  2267/2425/2  2265/2348/2  2264/2426/2  2268/2427/2
usemtl chunksTextures/prop_desk02_base2
f  2268/2440/3  2264/2441/3  2263/2442/3  2269/2443/3
usemtl chunksTextures/prop_desk02_base2
f  2270/2444/4  2266/2445/4  2265/2446/4  2267/2447/4
usemtl chunksTextures/prop_desk02_base
f  2269/2427/5  2263/2426/5  2266/2348/5  2270/2425/5
usemtl chunksTextures/prop_desk02_base
f  2270/2439/6  2267/2438/6  2268/2437/6  2269/2436/6

o entity23_brush13
usemtl chunksTextures/prop_desk02_base
f  2271/2436/1  2272/2437/1  2273/2438/1  2274/2439/1
usemtl chunksTextures/prop_desk02_base
f  2275/2349/2  2273/2448/2  2272/2449/2  2276/2396/2
usemtl chunksTextures/prop_desk02_base2
f  2276/2450/3  2272/2451/3  2271/2452/3  2277/2453/3
usemtl chunksTextures/prop_desk02_base2
f  2278/2454/4  2274/2455/4  2273/2456/4  2275/2457/4
usemtl chunksTextures/prop_desk02_base
f  2277/2396/5  2271/2449/5  2274/2448/5  2278/2349/5
usemtl chunksTextures/prop_desk02_base
f  2278/2439/6  2275/2438/6  2276/2437/6  2277/2436/6

o entity23_brush14
usemtl chunksTextures/prop_desk02_base
f  2279/2421/1  2280/2422/1  2281/2423/1  2282/2424/1
usemtl chunksTextures/prop_desk02_base
f  2283/2349/2  2281/2448/2  2280/2449/2  2284/2396/2
usemtl chunksTextures/prop_desk02_base2
f  2284/2458/3  2280/2459/3  2279/2460/3  2285/2461/3
usemtl chunksTextures/prop_desk02_base2
f  2286/2462/4  2282/2463/4  2281/2464/4  2283/2465/4
usemtl chunksTextures/prop_desk02_base
f  2285/2396/5  2279/2449/5  2282/2448/5  2286/2349/5
usemtl chunksTextures/prop_desk02_base
f  2286/2424/6  2283/2423/6  2284/2422/6  2285/2421/6

o entity24_brush0
usemtl chunksTextures/prop_desk02_tableBorder
f  2287/2466/1  2288/2467/1  2289/2468/1  2290/2469/1
usemtl chunksTextures/prop_desk02_tableBorder
f  2291/2470/2  2289/2471/2  2288/2472/2  2292/2473/2
usemtl chunksTextures/prop_desk02_table
f  2292/2474/3  2288/2475/3  2287/2476/3  2293/2477/3
usemtl chunksTextures/prop_desk02_table
f  2294/2477/4  2290/2476/4  2289/2475/4  2291/2474/4
usemtl chunksTextures/prop_desk02_tableBorder
f  2293/2473/5  2287/2472/5  2290/2471/5  2294/2470/5
usemtl chunksTextures/prop_desk02_tableBorder
f  2294/2469/6  2291/2468/6  2292/2467/6  2293/2466/6

o entity24_brush1
usemtl chunksTextures/dev_nodraw
f  2295/2478/1  2296/2479/1  2297/1171/1  2298/1172/1
usemtl chunksTextures/prop_desk02_leg
f  2299/2480/2  2297/2481/2  2296/2482/2  2300/2483/2
usemtl chunksTextures/prop_desk02_leg
f  2300/2484/3  2296/2485/3  2295/2486/3  2301/2487/3
usemtl chunksTextures/dev_nodraw
f  2302/2487/4  2298/2486/4  2297/2485/4  2299/2484/4
usemtl chunksTextures/prop_desk02_leg
f  2301/2483/5  2295/2482/5  2298/2481/5  2302/2480/5
usemtl chunksTextures/dev_nodraw
f  2302/1172/6  2299/1171/6  2300/2479/6  2301/2478/6

o entity24_brush2
usemtl chunksTextures/prop_desk02_leg
f  2303/2488/1  2304/2489/1  2305/2490/1  2306/2491/1
usemtl chunksTextures/prop_desk02_leg
f  2307/2481/2  2305/2492/2  2304/2493/2  2308/2494/2
usemtl chunksTextures/dev_nodraw
f  2308/2495/3  2304/2496/3  2303/2497/3  2309/2498/3
usemtl chunksTextures/dev_nodraw
f  2310/2498/4  2306/2497/4  2305/2496/4  2307/2495/4
usemtl chunksTextures/prop_desk02_leg
f  2309/2494/5  2303/2493/5  2306/2492/5  2310/2481/5
usemtl chunksTextures/prop_desk02_leg
f  2310/2491/6  2307/2490/6  2308/2489/6  2309/2488/6

o entity24_brush3
usemtl chunksTextures/prop_desk02_leg
f  2311/2488/1  2312/2489/1  2313/2490/1  2314/2491/1
usemtl chunksTextures/prop_desk02_leg
f  2315/2499/2  2313/2480/2  2312/2500/2  2316/2501/2
usemtl chunksTextures/dev_nodraw
f  2316/2502/3  2312/2503/3  2311/2504/3  2317/2505/3
usemtl chunksTextures/dev_nodraw
f  2318/2505/4  2314/2504/4  2313/2503/4  2315/2502/4
usemtl chunksTextures/prop_desk02_leg
f  2317/2501/5  2311/2500/5  2314/2480/5  2318/2499/5
usemtl chunksTextures/prop_desk02_leg
f  2318/2491/6  2315/2490/6  2316/2489/6  2317/2488/6

o entity24_brush4
usemtl chunksTextures/prop_desk02_cabinet_ext
f  2319/1393/1  2320/2506/1  2321/2507/1  2322/1396/1
usemtl chunksTextures/prop_desk02_cabinet_front
f  2323/2508/2  2321/2482/2  2320/2494/2  2324/2509/2
usemtl chunksTextures/prop_desk02_cabinet_ext
f  2324/2510/3  2320/2511/3  2319/2512/3  2325/2513/3
usemtl chunksTextures/prop_desk02_cabinet_ext
f  2326/2513/4  2322/2512/4  2321/2511/4  2323/2510/4
usemtl chunksTextures/prop_desk02_cabinet_ext
f  2325/2514/5  2319/2515/5  2322/2516/5  2326/2517/5
usemtl chunksTextures/prop_desk02_cabinet_ext
f  2326/1396/6  2323/2507/6  2324/2506/6  2325/1393/6

o entity24_brush5
usemtl chunksTextures/prop_desk02_cabinet_ext
f  2327/1393/1  2328/2506/1  2329/2507/1  2330/1396/1
usemtl chunksTextures/prop_desk02_cabinet_front2
f  2331/2483/2  2329/2518/2  2328/2519/2  2332/2500/2
usemtl chunksTextures/prop_desk02_cabinet_ext
f  2332/2520/3  2328/2521/3  2327/2522/3  2333/2523/3
usemtl chunksTextures/prop_desk02_cabinet_ext
f  2334/2523/4  2330/2522/4  2329/2521/4  2331/2520/4
usemtl chunksTextures/prop_desk02_cabinet_ext
f  2333/2524/5  2327/2525/5  2330/2526/5  2334/2527/5
usemtl chunksTextures/prop_desk02_cabinet_ext
f  2334/1396/6  2331/2507/6  2332/2506/6  2333/1393/6

o entity24_brush6
usemtl chunksTextures/prop_desk02_base
f  2335/2528/1  2336/2529/1  2337/2530/1  2338/2531/1
usemtl chunksTextures/prop_desk02_base
f  2339/2494/2  2337/2493/2  2336/2532/2  2340/2533/2
usemtl chunksTextures/prop_desk02_base2
f  2340/2534/3  2336/2535/3  2335/2536/3  2341/2537/3
usemtl chunksTextures/prop_desk02_base2
f  2342/2537/4  2338/2536/4  2337/2535/4  2339/2534/4
usemtl chunksTextures/prop_desk02_base
f  2341/2533/5  2335/2532/5  2338/2493/5  2342/2494/5
usemtl chunksTextures/prop_desk02_base
f  2342/2531/6  2339/2530/6  2340/2529/6  2341/2528/6

o entity24_brush7
usemtl chunksTextures/prop_desk02_base
f  2343/2538/1  2344/2539/1  2345/2529/1  2346/2540/1
usemtl chunksTextures/prop_desk02_base
f  2347/2533/2  2345/2532/2  2344/2541/2  2348/2542/2
usemtl chunksTextures/prop_desk02_base2
f  2348/2534/3  2344/2535/3  2343/2543/3  2349/2544/3
usemtl chunksTextures/prop_desk02_base2
f  2350/2544/4  2346/2543/4  2345/2535/4  2347/2534/4
usemtl chunksTextures/prop_desk02_base
f  2349/2542/5  2343/2541/5  2346/2532/5  2350/2533/5
usemtl chunksTextures/prop_desk02_base
f  2350/2540/6  2347/2529/6  2348/2539/6  2349/2538/6

o entity24_brush8
usemtl chunksTextures/prop_desk02_base
f  2351/2545/1  2352/2546/1  2353/2547/1  2354/2528/1
usemtl chunksTextures/prop_desk02_base
f  2355/2533/2  2353/2532/2  2352/2541/2  2356/2542/2
usemtl chunksTextures/prop_desk02_base2
f  2356/2548/3  2352/2549/3  2351/2536/3  2357/2537/3
usemtl chunksTextures/prop_desk02_base2
f  2358/2537/4  2354/2536/4  2353/2549/4  2355/2548/4
usemtl chunksTextures/prop_desk02_base
f  2357/2542/5  2351/2541/5  2354/2532/5  2358/2533/5
usemtl chunksTextures/prop_desk02_base
f  2358/2528/6  2355/2547/6  2356/2546/6  2357/2545/6

o entity24_brush9
usemtl chunksTextures/prop_desk02_base
f  2359/2538/1  2360/2539/1  2361/2529/1  2362/2540/1
usemtl chunksTextures/prop_desk02_base
f  2363/2550/2  2361/2551/2  2360/2552/2  2364/2553/2
usemtl chunksTextures/prop_desk02_base2
f  2364/2554/3  2360/2555/3  2359/2556/3  2365/2557/3
usemtl chunksTextures/prop_desk02_base2
f  2366/2558/4  2362/2559/4  2361/2560/4  2363/2561/4
usemtl chunksTextures/prop_desk02_base
f  2365/2553/5  2359/2552/5  2362/2551/5  2366/2550/5
usemtl chunksTextures/prop_desk02_base
f  2366/2540/6  2363/2529/6  2364/2539/6  2365/2538/6

o entity24_brush10
usemtl chunksTextures/prop_desk02_base
f  2367/2528/1  2368/2529/1  2369/2530/1  2370/2531/1
usemtl chunksTextures/prop_desk02_base
f  2371/2501/2  2369/2500/2  2368/2551/2  2372/2550/2
usemtl chunksTextures/prop_desk02_base2
f  2372/2561/3  2368/2560/3  2367/2562/3  2373/2563/3
usemtl chunksTextures/prop_desk02_base2
f  2374/2564/4  2370/2565/4  2369/2555/4  2371/2554/4
usemtl chunksTextures/prop_desk02_base
f  2373/2550/5  2367/2551/5  2370/2500/5  2374/2501/5
usemtl chunksTextures/prop_desk02_base
f  2374/2531/6  2371/2530/6  2372/2529/6  2373/2528/6

o entity24_brush11
usemtl chunksTextures/prop_desk02_base
f  2375/2545/1  2376/2546/1  2377/2547/1  2378/2528/1
usemtl chunksTextures/prop_desk02_base
f  2379/2550/2  2377/2551/2  2376/2552/2  2380/2553/2
usemtl chunksTextures/prop_desk02_base2
f  2380/2566/3  2376/2567/3  2375/2565/3  2381/2564/3
usemtl chunksTextures/prop_desk02_base2
f  2382/2563/4  2378/2562/4  2377/2568/4  2379/2569/4
usemtl chunksTextures/prop_desk02_base
f  2381/2553/5  2375/2552/5  2378/2551/5  2382/2550/5
usemtl chunksTextures/prop_desk02_base
f  2382/2528/6  2379/2547/6  2380/2546/6  2381/2545/6

o entity25_brush0
usemtl __TB_empty
f  2383/2570/1  2384/2571/1  2385/2572/1  2386/2573/1
usemtl __TB_empty
f  2387/2574/2  2385/2575/2  2384/2576/2  2388/2577/2
usemtl __TB_empty
f  2388/2578/3  2384/2579/3  2383/2580/3  2389/2581/3
usemtl __TB_empty
f  2390/2581/4  2386/2580/4  2385/2579/4  2387/2578/4
usemtl __TB_empty
f  2389/2577/5  2383/2576/5  2386/2575/5  2390/2574/5
usemtl __TB_empty
f  2390/2573/6  2387/2572/6  2388/2571/6  2389/2570/6

o entity25_brush1
usemtl __TB_empty
f  2391/2582/1  2392/2583/1  2393/2584/1  2394/2585/1
usemtl __TB_empty
f  2395/2586/2  2393/2587/2  2392/2588/2  2396/2589/2
usemtl __TB_empty
f  2396/2590/3  2392/2591/3  2391/2592/3  2397/2593/3
usemtl __TB_empty
f  2398/2593/4  2394/2592/4  2393/2591/4  2395/2590/4
usemtl __TB_empty
f  2397/2589/5  2391/2588/5  2394/2587/5  2398/2586/5
usemtl __TB_empty
f  2398/2585/6  2395/2584/6  2396/2583/6  2397/2582/6

o entity25_brush2
usemtl __TB_empty
f  2399/2594/229  2400/2595/229  2401/2596/229
usemtl __TB_empty
f  2401/2596/230  2400/2597/230  2402/2598/230
usemtl __TB_empty
f  2403/2599/231  2402/2600/231  2400/2601/231  2404/2602/231
usemtl __TB_empty
f  2404/2603/3  2400/2604/3  2399/2605/3  2405/2606/3
usemtl __TB_empty
f  2405/2607/232  2399/2608/232  2401/2609/232  2406/2610/232
usemtl __TB_empty
f  2406/2611/5  2401/2612/5  2402/2613/5  2403/2614/5
usemtl __TB_empty
f  2405/2615/233  2406/2596/233  2403/2598/233
usemtl __TB_empty
f  2404/2616/234  2405/2617/234  2403/2598/234

o entity25_brush3
usemtl __TB_empty
f  2407/2618/235  2408/2619/235  2409/2620/235
usemtl __TB_empty
f  2409/2621/236  2408/2619/236  2410/2622/236
usemtl __TB_empty
f  2411/2623/2  2410/2624/2  2408/2625/2  2412/2626/2
usemtl __TB_empty
f  2412/2627/237  2408/2628/237  2407/2629/237  2413/2630/237
usemtl __TB_empty
f  2413/2631/3  2407/2632/3  2409/2633/3  2414/2634/3
usemtl __TB_empty
f  2414/2635/238  2409/2636/238  2410/2637/238  2411/2638/238
usemtl __TB_empty
f  2411/2622/239  2412/2619/239  2413/2639/239
usemtl __TB_empty
f  2414/2640/234  2411/2622/234  2413/2641/234

o entity25_brush4
usemtl __TB_empty
f  2415/2570/1  2416/2571/1  2417/2642/1  2418/2643/1
usemtl __TB_empty
f  2419/2644/2  2417/2645/2  2416/2646/2  2420/2577/2
usemtl __TB_empty
f  2420/2578/3  2416/2647/3  2415/2648/3  2421/2581/3
usemtl __TB_empty
f  2422/2581/4  2418/2648/4  2417/2647/4  2419/2578/4
usemtl __TB_empty
f  2421/2577/5  2415/2646/5  2418/2645/5  2422/2644/5
usemtl __TB_empty
f  2422/2643/6  2419/2642/6  2420/2571/6  2421/2570/6

o entity25_brush5
usemtl __TB_empty
f  2423/2570/1  2424/2571/1  2425/2572/1  2426/2573/1
usemtl __TB_empty
f  2427/2649/2  2425/2650/2  2424/2651/2  2428/2646/2
usemtl __TB_empty
f  2428/2647/3  2424/2652/3  2423/2653/3  2429/2648/3
usemtl __TB_empty
f  2430/2648/4  2426/2653/4  2425/2652/4  2427/2647/4
usemtl __TB_empty
f  2429/2646/5  2423/2651/5  2426/2650/5  2430/2649/5
usemtl __TB_empty
f  2430/2573/6  2427/2572/6  2428/2571/6  2429/2570/6

o entity25_brush6
usemtl __TB_empty
f  2431/2616/240  2432/2598/240  2433/2617/240
usemtl __TB_empty
f  2434/2596/241  2433/2615/241  2432/2598/241
usemtl __TB_empty
f  2435/2654/231  2432/2655/231  2431/2656/231  2436/2657/231
usemtl __TB_empty
f  2436/2658/3  2431/2659/3  2433/2660/3  2437/2661/3
usemtl __TB_empty
f  2437/2662/242  2433/2663/242  2434/2664/242  2438/2665/242
usemtl __TB_empty
f  2438/2666/5  2434/2667/5  2432/2668/5  2435/2669/5
usemtl __TB_empty
f  2438/2596/243  2435/2598/243  2436/2597/243
usemtl __TB_empty
f  2438/2596/244  2436/2595/244  2437/2594/244

o entity25_brush7
usemtl __TB_empty
f  2439/2640/245  2440/2641/245  2441/2622/245
usemtl __TB_empty
f  2442/2619/246  2441/2622/246  2440/2639/246
usemtl __TB_empty
f  2443/2623/2  2441/2624/2  2442/2625/2  2444/2626/2
usemtl __TB_empty
f  2444/2627/247  2442/2628/247  2440/2670/247  2445/2671/247
usemtl __TB_empty
f  2445/2672/3  2440/2673/3  2439/2674/3  2446/2675/3
usemtl __TB_empty
f  2446/2676/238  2439/2677/238  2441/2637/238  2443/2638/238
usemtl __TB_empty
f  2446/2621/248  2443/2622/248  2444/2619/248
usemtl __TB_empty
f  2445/2618/249  2446/2620/249  2444/2619/249

o entity25_brush8
usemtl __TB_empty
f  2447/2582/1  2448/2583/1  2449/2584/1  2450/2585/1
usemtl __TB_empty
f  2451/2678/2  2449/2679/2  2448/2680/2  2452/2681/2
usemtl __TB_empty
f  2452/2682/3  2448/2683/3  2447/2684/3  2453/2685/3
usemtl __TB_empty
f  2454/2685/4  2450/2684/4  2449/2683/4  2451/2682/4
usemtl __TB_empty
f  2453/2681/5  2447/2680/5  2450/2679/5  2454/2678/5
usemtl __TB_empty
f  2454/2585/6  2451/2584/6  2452/2583/6  2453/2582/6

o entity25_brush9
usemtl __TB_empty
f  2455/2686/1  2456/2687/1  2457/2688/1  2458/2689/1
usemtl __TB_empty
f  2459/2690/2  2457/2691/2  2456/2650/2  2460/2575/2
usemtl __TB_empty
f  2460/2692/3  2456/2693/3  2455/2694/3  2461/2695/3
usemtl __TB_empty
f  2462/2591/4  2458/2683/4  2457/2693/4  2459/2692/4
usemtl __TB_empty
f  2461/2696/250  2455/2697/250  2458/2698/250  2462/2699/250
usemtl __TB_empty
f  2462/2689/6  2459/2688/6  2460/2687/6  2461/2686/6

o entity25_brush10
usemtl __TB_empty
f  2463/2689/1  2464/2688/1  2465/2700/1  2466/2701/1
usemtl __TB_empty
f  2466/2701/251  2465/2700/251  2467/2702/251  2468/2703/251
usemtl __TB_empty
f  2468/2704/252  2467/2705/252  2469/2706/252  2470/2682/252
usemtl __TB_empty
f  2471/2707/2  2472/2708/2  2473/2709/2  2469/2710/2  2467/2711/2  2465/2712/2  2464/2691/2  2474/2690/2
usemtl __TB_empty
f  2474/2692/3  2464/2693/3  2463/2683/3  2475/2591/3
usemtl __TB_empty
f  2476/2713/4  2470/2682/4  2469/2706/4  2473/2714/4
usemtl __TB_empty
f  2475/2690/5  2463/2691/5  2466/2712/5  2468/2711/5  2470/2710/5  2476/2709/5  2477/2708/5  2478/2707/5
usemtl __TB_empty
f  2477/2715/253  2476/2713/253  2473/2714/253  2472/2716/253
usemtl __TB_empty
f  2478/2701/254  2477/2703/254  2472/2702/254  2471/2700/254
usemtl __TB_empty
f  2475/2689/6  2478/2701/6  2471/2700/6  2474/2688/6

o entity25_brush11
usemtl __TB_empty
f  2479/2717/1  2480/2718/1  2481/2719/1  2482/2720/1
usemtl __TB_empty
f  2483/2721/255  2481/2722/255  2480/2723/255  2484/2724/255
usemtl __TB_empty
f  2484/2725/3  2480/2726/3  2479/2727/3  2485/2728/3
usemtl __TB_empty
f  2486/2728/4  2482/2727/4  2481/2694/4  2483/2695/4
usemtl __TB_empty
f  2485/2576/5  2479/2651/5  2482/2729/5  2486/2730/5
usemtl __TB_empty
f  2486/2720/6  2483/2719/6  2484/2718/6  2485/2717/6

o entity25_brush12
usemtl __TB_empty
f  2487/2731/1  2488/2732/1  2489/2717/1  2490/2720/1
usemtl __TB_empty
f  2488/2733/256  2487/2734/256  2491/2735/256  2492/2736/256
usemtl __TB_empty
f  2493/2737/257  2492/2738/257  2491/2739/257  2494/2740/257
usemtl __TB_empty
f  2495/2730/2  2490/2729/2  2489/2651/2  2496/2576/2
usemtl __TB_empty
f  2496/2728/3  2489/2727/3  2488/2741/3  2497/2742/3
usemtl __TB_empty
f  2498/2742/4  2499/2743/4  2500/2744/4  2494/2745/4  2491/2746/4  2487/2741/4  2490/2727/4  2495/2728/4
usemtl __TB_empty
f  2497/2742/258  2488/2741/258  2492/2746/258  2501/2743/258
usemtl __TB_empty
f  2501/2747/259  2492/2748/259  2493/2749/259  2502/2750/259
usemtl __TB_empty
f  2502/2751/5  2493/2752/5  2494/2753/5  2500/2754/5
usemtl __TB_empty
f  2501/2755/260  2502/2756/260  2500/2757/260  2499/2758/260
usemtl __TB_empty
f  2497/2759/261  2501/2760/261  2499/2761/261  2498/2762/261
usemtl __TB_empty
f  2498/2731/6  2495/2720/6  2496/2717/6  2497/2732/6

o entity26_brush0
usemtl __TB_empty
f  2503/2763/1  2504/2764/1  2505/2765/1  2506/2766/1
usemtl __TB_empty
f  2507/2767/2  2505/2768/2  2504/2769/2  2508/2770/2
usemtl __TB_empty
f  2508/2771/3  2504/2772/3  2503/2773/3  2509/2774/3
usemtl __TB_empty
f  2510/2774/4  2506/2773/4  2505/2772/4  2507/2771/4
usemtl __TB_empty
f  2509/2770/5  2503/2769/5  2506/2768/5  2510/2767/5
usemtl __TB_empty
f  2510/2766/6  2507/2765/6  2508/2764/6  2509/2763/6

o entity26_brush1
usemtl __TB_empty
f  2511/2775/1  2512/2776/1  2513/2777/1  2514/2778/1
usemtl __TB_empty
f  2515/2779/2  2513/2780/2  2512/2781/2  2516/2782/2
usemtl __TB_empty
f  2516/2783/3  2512/2784/3  2511/2785/3  2517/2786/3
usemtl __TB_empty
f  2518/2786/4  2514/2785/4  2513/2784/4  2515/2783/4
usemtl __TB_empty
f  2517/2782/5  2511/2781/5  2514/2780/5  2518/2779/5
usemtl __TB_empty
f  2518/2778/6  2515/2777/6  2516/2776/6  2517/2775/6

o entity26_brush2
usemtl __TB_empty
f  2519/1467/240  2520/2787/240  2521/2788/240
usemtl __TB_empty
f  2522/2789/262  2521/2788/262  2520/2790/262
usemtl __TB_empty
f  2523/2623/2  2521/2624/2  2522/2625/2  2524/2626/2
usemtl __TB_empty
f  2524/2627/263  2522/2628/263  2520/2670/263  2525/2671/263
usemtl __TB_empty
f  2525/2791/3  2520/2792/3  2519/2793/3  2526/2794/3
usemtl __TB_empty
f  2526/2676/238  2519/2677/238  2521/2637/238  2523/2638/238
usemtl __TB_empty
f  2526/2795/248  2523/2796/248  2524/2797/248
usemtl __TB_empty
f  2525/2798/249  2526/2799/249  2524/2789/249

o entity26_brush3
usemtl __TB_empty
f  2527/2800/240  2528/2801/240  2529/2802/240
usemtl __TB_empty
f  2530/2803/264  2529/2804/264  2528/2801/264
usemtl __TB_empty
f  2531/2654/231  2528/2655/231  2527/2656/231  2532/2657/231
usemtl __TB_empty
f  2532/2805/3  2527/2806/3  2529/2807/3  2533/2808/3
usemtl __TB_empty
f  2533/2662/265  2529/2663/265  2530/2664/265  2534/2665/265
usemtl __TB_empty
f  2534/2666/5  2530/2667/5  2528/2668/5  2531/2669/5
usemtl __TB_empty
f  2534/2809/243  2531/2810/243  2532/2811/243
usemtl __TB_empty
f  2534/2803/266  2532/2812/266  2533/2813/266

o entity26_brush4
usemtl __TB_empty
f  2535/2763/1  2536/2764/1  2537/2814/1  2538/2815/1
usemtl __TB_empty
f  2539/2816/2  2537/2817/2  2536/2769/2  2540/2818/2
usemtl __TB_empty
f  2540/2819/3  2536/2772/3  2535/2773/3  2541/2820/3
usemtl __TB_empty
f  2542/2820/4  2538/2773/4  2537/2772/4  2539/2819/4
usemtl __TB_empty
f  2541/2818/5  2535/2769/5  2538/2817/5  2542/2816/5
usemtl __TB_empty
f  2542/2815/6  2539/2814/6  2540/2764/6  2541/2763/6

o entity26_brush5
usemtl __TB_empty
f  2543/2763/1  2544/2764/1  2545/2765/1  2546/2766/1
usemtl __TB_empty
f  2547/2821/2  2545/2822/2  2544/2818/2  2548/2823/2
usemtl __TB_empty
f  2548/2824/3  2544/2819/3  2543/2820/3  2549/2825/3
usemtl __TB_empty
f  2550/2825/4  2546/2820/4  2545/2819/4  2547/2824/4
usemtl __TB_empty
f  2549/2823/5  2543/2818/5  2546/2822/5  2550/2821/5
usemtl __TB_empty
f  2550/2766/6  2547/2765/6  2548/2764/6  2549/2763/6

o entity26_brush6
usemtl __TB_empty
f  2551/2798/229  2552/2789/229  2553/2799/229
usemtl __TB_empty
f  2553/2795/236  2552/2797/236  2554/2796/236
usemtl __TB_empty
f  2555/2826/2  2554/2827/2  2552/2828/2  2556/2829/2
usemtl __TB_empty
f  2556/2830/267  2552/2831/267  2551/2832/267  2557/2833/267
usemtl __TB_empty
f  2557/2834/3  2551/2835/3  2553/2836/3  2558/2837/3
usemtl __TB_empty
f  2558/2838/238  2553/2839/238  2554/2840/238  2555/2841/238
usemtl __TB_empty
f  2555/2788/268  2556/2789/268  2557/2790/268
usemtl __TB_empty
f  2558/1467/234  2555/2788/234  2557/2787/234

o entity26_brush7
usemtl __TB_empty
f  2559/2813/229  2560/2812/229  2561/2803/229
usemtl __TB_empty
f  2561/2809/230  2560/2811/230  2562/2810/230
usemtl __TB_empty
f  2563/2599/231  2562/2600/231  2560/2601/231  2564/2602/231
usemtl __TB_empty
f  2564/2842/3  2560/2843/3  2559/2844/3  2565/2845/3
usemtl __TB_empty
f  2565/2607/269  2559/2608/269  2561/2609/269  2566/2610/269
usemtl __TB_empty
f  2566/2611/5  2561/2612/5  2562/2613/5  2563/2614/5
usemtl __TB_empty
f  2565/2804/270  2566/2803/270  2563/2801/270
usemtl __TB_empty
f  2564/2800/271  2565/2802/271  2563/2801/271

o entity26_brush8
usemtl __TB_empty
f  2567/2775/1  2568/2776/1  2569/2777/1  2570/2778/1
usemtl __TB_empty
f  2571/2846/2  2569/2847/2  2568/2848/2  2572/2849/2
usemtl __TB_empty
f  2572/2850/3  2568/2851/3  2567/2852/3  2573/2853/3
usemtl __TB_empty
f  2574/2853/4  2570/2852/4  2569/2851/4  2571/2850/4
usemtl __TB_empty
f  2573/2849/5  2567/2848/5  2570/2847/5  2574/2846/5
usemtl __TB_empty
f  2574/2778/6  2571/2777/6  2572/2776/6  2573/2775/6

o entity26_brush9
usemtl __TB_empty
f  2575/2854/1  2576/2855/1  2577/2856/1  2578/2857/1
usemtl __TB_empty
f  2579/2858/272  2577/2859/272  2576/2860/272  2580/2861/272
usemtl __TB_empty
f  2580/2862/3  2576/2863/3  2575/2864/3  2581/2865/3
usemtl __TB_empty
f  2582/2866/4  2578/2867/4  2577/2868/4  2579/2869/4
usemtl __TB_empty
f  2581/2821/5  2575/2767/5  2578/2870/5  2582/2871/5
usemtl __TB_empty
f  2582/2857/6  2579/2856/6  2580/2855/6  2581/2854/6

o entity26_brush10
usemtl __TB_empty
f  2583/2857/1  2584/2856/1  2585/1861/1  2586/2872/1
usemtl __TB_empty
f  2586/2873/251  2585/2874/251  2587/2875/251  2588/2876/251
usemtl __TB_empty
f  2588/2877/252  2587/2878/252  2589/2879/252  2590/2880/252
usemtl __TB_empty
f  2591/2881/2  2592/2882/2  2593/2883/2  2589/2884/2  2587/2885/2  2585/2886/2  2584/2870/2  2594/2871/2
usemtl __TB_empty
f  2594/2869/3  2584/2868/3  2583/2867/3  2595/2866/3
usemtl __TB_empty
f  2596/2887/4  2590/2888/4  2589/2889/4  2593/2890/4
usemtl __TB_empty
f  2595/2871/5  2583/2870/5  2586/2886/5  2588/2885/5  2590/2884/5  2596/2883/5  2597/2882/5  2598/2881/5
usemtl __TB_empty
f  2597/2891/253  2596/2892/253  2593/2893/253  2592/2894/253
usemtl __TB_empty
f  2598/2873/254  2597/2876/254  2592/2875/254  2591/2874/254
usemtl __TB_empty
f  2595/2857/6  2598/2872/6  2591/1861/6  2594/2856/6

o entity26_brush11
usemtl __TB_empty
f  2599/2895/1  2600/2896/1  2601/2897/1  2602/1451/1
usemtl __TB_empty
f  2603/2898/2  2601/2899/2  2600/2900/2  2604/2901/2
usemtl __TB_empty
f  2604/2902/3  2600/2903/3  2599/2904/3  2605/2905/3
usemtl __TB_empty
f  2606/2862/4  2602/2863/4  2601/2903/4  2603/2902/4
usemtl __TB_empty
f  2605/2906/273  2599/2907/273  2602/2908/273  2606/2909/273
usemtl __TB_empty
f  2606/1451/6  2603/2897/6  2604/2896/6  2605/2895/6

o entity26_brush12
usemtl __TB_empty
f  2607/2896/1  2608/2910/1  2609/2911/1  2610/2897/1
usemtl __TB_empty
f  2609/2912/274  2608/2913/274  2611/2914/274  2612/2915/274
usemtl __TB_empty
f  2612/2916/275  2611/2917/275  2613/2918/275  2614/2919/275
usemtl __TB_empty
f  2615/2920/2  2614/2921/2  2613/2922/2  2616/2923/2
usemtl __TB_empty
f  2616/2924/276  2613/2925/276  2611/2926/276  2617/2927/276
usemtl __TB_empty
f  2617/2928/277  2611/2929/277  2608/2930/277  2618/2931/277
usemtl __TB_empty
f  2618/2932/3  2608/2933/3  2607/2903/3  2619/2902/3
usemtl __TB_empty
f  2620/2934/4  2610/2935/4  2609/2936/4  2612/2937/4  2614/2938/4  2615/2939/4  2621/2940/4  2622/2941/4
usemtl __TB_empty
f  2619/2901/5  2607/2900/5  2610/2899/5  2620/2898/5
usemtl __TB_empty
f  2621/2942/278  2615/2943/278  2616/2944/278  2617/2945/278
usemtl __TB_empty
f  2622/2946/279  2621/2947/279  2617/2948/279  2618/2949/279
usemtl __TB_empty
f  2619/2896/6  2620/2897/6  2622/2911/6  2618/2910/6

o entity27_brush0
usemtl __TB_empty
f  2623/2950/1  2624/797/1  2625/2951/1  2626/2952/1
usemtl __TB_empty
f  2627/2953/2  2625/2954/2  2624/2955/2  2628/2956/2
usemtl __TB_empty
f  2628/2957/3  2624/2958/3  2623/2959/3  2629/2960/3
usemtl __TB_empty
f  2630/2960/4  2626/2959/4  2625/2958/4  2627/2957/4
usemtl __TB_empty
f  2629/2956/5  2623/2955/5  2626/2954/5  2630/2953/5
usemtl __TB_empty
f  2630/2952/6  2627/2951/6  2628/797/6  2629/2950/6

o entity27_brush1
usemtl __TB_empty
f  2631/2950/1  2632/797/1  2633/2951/1  2634/2952/1
usemtl __TB_empty
f  2635/2961/2  2633/2962/2  2632/2963/2  2636/2964/2
usemtl __TB_empty
f  2636/2965/3  2632/2966/3  2631/2967/3  2637/2968/3
usemtl __TB_empty
f  2638/2968/4  2634/2967/4  2633/2966/4  2635/2965/4
usemtl __TB_empty
f  2637/2964/5  2631/2963/5  2634/2962/5  2638/2961/5
usemtl __TB_empty
f  2638/2952/6  2635/2951/6  2636/797/6  2637/2950/6

o entity27_brush2
usemtl __TB_empty
f  2639/2969/1  2640/797/1  2641/2951/1  2642/2970/1
usemtl __TB_empty
f  2643/2962/2  2641/2953/2  2640/2956/2  2644/2963/2
usemtl __TB_empty
f  2644/2966/3  2640/2957/3  2639/2971/3  2645/2972/3
usemtl __TB_empty
f  2646/2972/4  2642/2971/4  2641/2957/4  2643/2966/4
usemtl __TB_empty
f  2645/2963/5  2639/2956/5  2642/2953/5  2646/2962/5
usemtl __TB_empty
f  2646/2970/6  2643/2951/6  2644/797/6  2645/2969/6

o entity27_brush3
usemtl __TB_empty
f  2647/2973/1  2648/2969/1  2649/2974/1  2650/2975/1
usemtl __TB_empty
f  2651/2976/2  2649/2977/2  2648/2956/2  2652/2963/2
usemtl __TB_empty
f  2652/2972/3  2648/2971/3  2647/2978/3  2653/2979/3
usemtl __TB_empty
f  2654/2979/4  2650/2978/4  2649/2971/4  2651/2972/4
usemtl __TB_empty
f  2653/2963/5  2647/2956/5  2650/2977/5  2654/2976/5
usemtl __TB_empty
f  2654/2975/6  2651/2974/6  2652/2969/6  2653/2973/6

o entity27_brush4
usemtl __TB_empty
f  2655/2950/1  2656/2973/1  2657/2980/1  2658/2952/1
usemtl __TB_empty
f  2659/2962/2  2657/2953/2  2656/2956/2  2660/2963/2
usemtl __TB_empty
f  2660/2979/3  2656/2978/3  2655/2960/3  2661/2967/3
usemtl __TB_empty
f  2662/2967/4  2658/2960/4  2657/2978/4  2659/2979/4
usemtl __TB_empty
f  2661/2963/5  2655/2956/5  2658/2953/5  2662/2962/5
usemtl __TB_empty
f  2662/2952/6  2659/2980/6  2660/2973/6  2661/2950/6

o entity27_brush5
usemtl __TB_empty
f  2663/2981/1  2664/2982/1  2665/2983/1  2666/2984/1
usemtl __TB_empty
f  2667/2985/2  2665/2986/2  2664/2987/2  2668/2988/2
usemtl __TB_empty
f  2668/2989/3  2664/2990/3  2663/2991/3  2669/2992/3
usemtl __TB_empty
f  2670/2992/4  2666/2991/4  2665/2990/4  2667/2989/4
usemtl __TB_empty
f  2669/2988/5  2663/2987/5  2666/2986/5  2670/2985/5
usemtl __TB_empty
f  2670/2984/6  2667/2983/6  2668/2982/6  2669/2981/6

o entity27_brush6
usemtl __TB_empty
f  2671/2981/1  2672/2982/1  2673/2983/1  2674/2984/1
usemtl __TB_empty
f  2675/2985/2  2673/2986/2  2672/2987/2  2676/2988/2
usemtl __TB_empty
f  2676/2989/3  2672/2990/3  2671/2991/3  2677/2992/3
usemtl __TB_empty
f  2678/2992/4  2674/2991/4  2673/2990/4  2675/2989/4
usemtl __TB_empty
f  2677/2988/5  2671/2987/5  2674/2986/5  2678/2985/5
usemtl __TB_empty
f  2678/2984/6  2675/2983/6  2676/2982/6  2677/2981/6

o entity27_brush7
usemtl __TB_empty
f  2679/2981/1  2680/2982/1  2681/2983/1  2682/2984/1
usemtl __TB_empty
f  2683/2985/2  2681/2986/2  2680/2987/2  2684/2988/2
usemtl __TB_empty
f  2684/2989/3  2680/2990/3  2679/2991/3  2685/2992/3
usemtl __TB_empty
f  2686/2992/4  2682/2991/4  2681/2990/4  2683/2989/4
usemtl __TB_empty
f  2685/2988/5  2679/2987/5  2682/2986/5  2686/2985/5
usemtl __TB_empty
f  2686/2984/6  2683/2983/6  2684/2982/6  2685/2981/6

o entity27_brush8
usemtl __TB_empty
f  2687/2981/1  2688/2982/1  2689/2983/1  2690/2984/1
usemtl __TB_empty
f  2691/2985/2  2689/2986/2  2688/2987/2  2692/2988/2
usemtl __TB_empty
f  2692/2989/3  2688/2990/3  2687/2991/3  2693/2992/3
usemtl __TB_empty
f  2694/2992/4  2690/2991/4  2689/2990/4  2691/2989/4
usemtl __TB_empty
f  2693/2988/5  2687/2987/5  2690/2986/5  2694/2985/5
usemtl __TB_empty
f  2694/2984/6  2691/2983/6  2692/2982/6  2693/2981/6

o entity28_brush0
usemtl __TB_empty
f  2695/2993/1  2696/2994/1  2697/2995/1  2698/2996/1
usemtl __TB_empty
f  2699/2997/2  2697/2998/2  2696/2999/2  2700/3000/2
usemtl __TB_empty
f  2700/3001/3  2696/3002/3  2695/3003/3  2701/3004/3
usemtl __TB_empty
f  2702/3004/4  2698/3003/4  2697/3002/4  2699/3001/4
usemtl __TB_empty
f  2701/3000/5  2695/2999/5  2698/2998/5  2702/2997/5
usemtl __TB_empty
f  2702/2996/6  2699/2995/6  2700/2994/6  2701/2993/6

o entity28_brush1
usemtl __TB_empty
f  2703/3005/1  2704/3006/1  2705/3007/1  2706/3008/1
usemtl __TB_empty
f  2707/3009/2  2705/3010/2  2704/3011/2  2708/3012/2
usemtl __TB_empty
f  2708/3013/3  2704/3014/3  2703/3015/3  2709/3016/3
usemtl __TB_empty
f  2710/3016/4  2706/3015/4  2705/3014/4  2707/3013/4
usemtl __TB_empty
f  2709/3012/5  2703/3011/5  2706/3010/5  2710/3009/5
usemtl __TB_empty
f  2710/3008/6  2707/3007/6  2708/3006/6  2709/3005/6

o entity28_brush2
usemtl __TB_empty
f  2711/2993/1  2712/2994/1  2713/2995/1  2714/2996/1
usemtl __TB_empty
f  2715/2997/2  2713/2998/2  2712/2999/2  2716/3000/2
usemtl __TB_empty
f  2716/3001/3  2712/3002/3  2711/3003/3  2717/3004/3
usemtl __TB_empty
f  2718/3004/4  2714/3003/4  2713/3002/4  2715/3001/4
usemtl __TB_empty
f  2717/3000/5  2711/2999/5  2714/2998/5  2718/2997/5
usemtl __TB_empty
f  2718/2996/6  2715/2995/6  2716/2994/6  2717/2993/6

o entity28_brush3
usemtl __TB_empty
f  2719/3017/1  2720/3018/1  2721/3019/1  2722/3020/1
usemtl __TB_empty
f  2723/3021/2  2721/3022/2  2720/3023/2  2724/3024/2
usemtl __TB_empty
f  2724/3025/3  2720/3026/3  2719/3027/3  2725/3028/3
usemtl __TB_empty
f  2726/3028/4  2722/3027/4  2721/3026/4  2723/3025/4
usemtl __TB_empty
f  2725/3024/5  2719/3023/5  2722/3022/5  2726/3021/5
usemtl __TB_empty
f  2726/3020/6  2723/3019/6  2724/3018/6  2725/3017/6

o entity28_brush4
usemtl __TB_empty
f  2727/3029/1  2728/3030/1  2729/3031/1  2730/3032/1
usemtl __TB_empty
f  2731/3033/2  2729/3034/2  2728/3035/2  2732/3036/2
usemtl __TB_empty
f  2732/3037/3  2728/3038/3  2727/3039/3  2733/3040/3
usemtl __TB_empty
f  2734/3040/4  2730/3039/4  2729/3038/4  2731/3037/4
usemtl __TB_empty
f  2733/3036/5  2727/3035/5  2730/3034/5  2734/3033/5
usemtl __TB_empty
f  2734/3032/6  2731/3031/6  2732/3030/6  2733/3029/6

o entity29_brush0
usemtl chunksTextures/dev_nodraw
f  2735/3041/1  2736/3042/1  2737/3043/1  2738/3044/1
usemtl chunksTextures/prop_desk02_leg
f  2739/3045/2  2737/3046/2  2736/3047/2  2740/3048/2
usemtl chunksTextures/prop_desk02_leg
f  2740/3049/3  2736/3050/3  2735/3051/3  2741/3052/3
usemtl chunksTextures/dev_nodraw
f  2742/3052/4  2738/3051/4  2737/3050/4  2739/3049/4
usemtl chunksTextures/prop_desk02_leg
f  2741/3048/5  2735/3047/5  2738/3046/5  2742/3045/5
usemtl chunksTextures/dev_nodraw
f  2742/3044/6  2739/3043/6  2740/3042/6  2741/3041/6

o entity29_brush1
usemtl chunksTextures/prop_desk02_leg
f  2743/3053/1  2744/3054/1  2745/3055/1  2746/3056/1
usemtl chunksTextures/prop_desk02_leg
f  2747/3046/2  2745/3057/2  2744/3058/2  2748/3059/2
usemtl chunksTextures/dev_nodraw
f  2748/3060/3  2744/3061/3  2743/3062/3  2749/3063/3
usemtl chunksTextures/dev_nodraw
f  2750/3063/4  2746/3062/4  2745/3061/4  2747/3060/4
usemtl chunksTextures/prop_desk02_leg
f  2749/3059/5  2743/3058/5  2746/3057/5  2750/3046/5
usemtl chunksTextures/prop_desk02_leg
f  2750/3056/6  2747/3055/6  2748/3054/6  2749/3053/6

o entity29_brush2
usemtl chunksTextures/prop_desk02_base
f  2751/3064/1  2752/3065/1  2753/3066/1  2754/3067/1
usemtl chunksTextures/prop_desk02_base
f  2755/3059/2  2753/3058/2  2752/3068/2  2756/3069/2
usemtl chunksTextures/prop_desk02_base2
f  2756/3070/3  2752/3071/3  2751/3072/3  2757/3073/3
usemtl chunksTextures/prop_desk02_base2
f  2758/3074/4  2754/3075/4  2753/3076/4  2755/3077/4
usemtl chunksTextures/prop_desk02_base
f  2757/3069/5  2751/3068/5  2754/3058/5  2758/3059/5
usemtl chunksTextures/prop_desk02_base
f  2758/3067/6  2755/3066/6  2756/3065/6  2757/3064/6

o entity29_brush3
usemtl chunksTextures/prop_desk02_base
f  2759/3078/1  2760/3079/1  2761/3080/1  2762/3064/1
usemtl chunksTextures/prop_desk02_base
f  2763/3069/2  2761/3068/2  2760/3081/2  2764/3082/2
usemtl chunksTextures/prop_desk02_base2
f  2764/3083/3  2760/3084/3  2759/3075/3  2765/3074/3
usemtl chunksTextures/prop_desk02_base2
f  2766/3073/4  2762/3072/4  2761/3085/4  2763/3086/4
usemtl chunksTextures/prop_desk02_base
f  2765/3082/5  2759/3081/5  2762/3068/5  2766/3069/5
usemtl chunksTextures/prop_desk02_base
f  2766/3064/6  2763/3080/6  2764/3079/6  2765/3078/6

o entity29_brush4
usemtl chunksTextures/prop_desk02_base
f  2767/3087/1  2768/3088/1  2769/3065/1  2770/3089/1
usemtl chunksTextures/prop_desk02_base
f  2771/3069/2  2769/3068/2  2768/3081/2  2772/3082/2
usemtl chunksTextures/prop_desk02_base2
f  2772/3077/3  2768/3076/3  2767/3090/3  2773/3091/3
usemtl chunksTextures/prop_desk02_base2
f  2774/3092/4  2770/3093/4  2769/3071/4  2771/3070/4
usemtl chunksTextures/prop_desk02_base
f  2773/3082/5  2767/3081/5  2770/3068/5  2774/3069/5
usemtl chunksTextures/prop_desk02_base
f  2774/3089/6  2771/3065/6  2772/3088/6  2773/3087/6

o entity29_brush5
usemtl chunksTextures/prop_desk02_base
f  2775/3087/1  2776/3088/1  2777/3065/1  2778/3089/1
usemtl chunksTextures/prop_desk02_base
f  2779/3094/2  2777/3095/2  2776/3096/2  2780/3097/2
usemtl chunksTextures/prop_desk02_base2
f  2780/3098/3  2776/3099/3  2775/3100/3  2781/3101/3
usemtl chunksTextures/prop_desk02_base2
f  2782/3102/4  2778/3103/4  2777/3104/4  2779/3105/4
usemtl chunksTextures/prop_desk02_base
f  2781/3097/5  2775/3096/5  2778/3095/5  2782/3094/5
usemtl chunksTextures/prop_desk02_base
f  2782/3089/6  2779/3065/6  2780/3088/6  2781/3087/6

o entity29_brush6
usemtl chunksTextures/prop_desk02_leg
f  2783/3053/1  2784/3054/1  2785/3055/1  2786/3056/1
usemtl chunksTextures/prop_desk02_leg
f  2787/3106/2  2785/3045/2  2784/3107/2  2788/3108/2
usemtl chunksTextures/dev_nodraw
f  2788/3109/3  2784/3110/3  2783/3111/3  2789/3112/3
usemtl chunksTextures/dev_nodraw
f  2790/3112/4  2786/3111/4  2785/3110/4  2787/3109/4
usemtl chunksTextures/prop_desk02_leg
f  2789/3108/5  2783/3107/5  2786/3045/5  2790/3106/5
usemtl chunksTextures/prop_desk02_leg
f  2790/3056/6  2787/3055/6  2788/3054/6  2789/3053/6

o entity29_brush7
usemtl chunksTextures/prop_desk02_base
f  2791/3078/1  2792/3079/1  2793/3080/1  2794/3064/1
usemtl chunksTextures/prop_desk02_base
f  2795/3094/2  2793/3095/2  2792/3096/2  2796/3097/2
usemtl chunksTextures/prop_desk02_base2
f  2796/3113/3  2792/3114/3  2791/3115/3  2797/3116/3
usemtl chunksTextures/prop_desk02_base2
f  2798/3117/4  2794/3118/4  2793/3119/4  2795/3120/4
usemtl chunksTextures/prop_desk02_base
f  2797/3097/5  2791/3096/5  2794/3095/5  2798/3094/5
usemtl chunksTextures/prop_desk02_base
f  2798/3064/6  2795/3080/6  2796/3079/6  2797/3078/6

o entity29_brush8
usemtl chunksTextures/prop_desk02_base
f  2799/3064/1  2800/3065/1  2801/3066/1  2802/3067/1
usemtl chunksTextures/prop_desk02_base
f  2803/3108/2  2801/3107/2  2800/3095/2  2804/3094/2
usemtl chunksTextures/prop_desk02_base2
f  2804/3105/3  2800/3104/3  2799/3118/3  2805/3117/3
usemtl chunksTextures/prop_desk02_base2
f  2806/3116/4  2802/3115/4  2801/3099/4  2803/3098/4
usemtl chunksTextures/prop_desk02_base
f  2805/3094/5  2799/3095/5  2802/3107/5  2806/3108/5
usemtl chunksTextures/prop_desk02_base
f  2806/3067/6  2803/3066/6  2804/3065/6  2805/3064/6

o entity29_brush9
usemtl chunksTextures/dev_nodraw
f  2807/3121/1  2808/3122/1  2809/3123/1  2810/3124/1
usemtl chunksTextures/prop_desk02_leg
f  2811/3048/2  2809/3047/2  2808/3125/2  2812/3126/2
usemtl chunksTextures/prop_desk02_leg
f  2812/3127/3  2808/3128/3  2807/3129/3  2813/3130/3
usemtl chunksTextures/dev_nodraw
f  2814/3130/4  2810/3129/4  2809/3128/4  2811/3127/4
usemtl chunksTextures/prop_desk02_leg
f  2813/3126/5  2807/3125/5  2810/3047/5  2814/3048/5
usemtl chunksTextures/dev_nodraw
f  2814/3124/6  2811/3123/6  2812/3122/6  2813/3121/6

o entity29_brush10
usemtl chunksTextures/dev_nodraw
f  2815/3131/1  2816/3132/1  2817/3133/1  2818/3134/1  2819/3135/1  2820/3136/1
usemtl chunksTextures/prop_desk02_leg
f  2821/3126/2  2819/3125/2  2818/3137/2  2822/3138/2
usemtl chunksTextures/prop_desk02_leg
f  2822/3139/255  2818/3140/255  2817/3141/255  2823/3142/255
usemtl chunksTextures/prop_desk02_leg
f  2823/3142/3  2817/3141/3  2816/3143/3  2824/3144/3
usemtl chunksTextures/dev_nodraw
f  2825/3145/4  2820/3146/4  2819/3140/4  2821/3139/4
usemtl chunksTextures/prop_desk02_leg
f  2824/3144/273  2816/3143/273  2815/3146/273  2826/3145/273
usemtl chunksTextures/prop_desk02_leg
f  2826/3138/5  2815/3137/5  2820/3125/5  2825/3126/5
usemtl chunksTextures/dev_nodraw
f  2822/3134/6  2823/3133/6  2824/3132/6  2826/3131/6  2825/3136/6  2821/3135/6

o entity29_brush11
usemtl chunksTextures/prop_desk02_tableBorder
f  2827/3147/1  2828/3148/1  2829/3149/1  2830/3150/1  2831/3151/1  2832/3152/1  2833/3153/1  2834/3154/1  2835/3155/1  2836/3156/1
usemtl __TB_empty
f  2837/3157/280  2832/3158/280  2831/3159/280  2838/3160/280
usemtl __TB_empty
f  2838/3161/281  2831/3162/281  2830/3163/281  2839/3164/281
usemtl __TB_empty
f  2840/3165/282  2833/3166/282  2832/3167/282  2837/3168/282
usemtl __TB_empty
f  2839/3168/283  2830/3167/283  2829/3166/283  2841/3165/283
usemtl chunksTextures/prop_desk02_table
f  2841/3169/3  2829/3170/3  2828/3171/3  2842/3172/3
usemtl chunksTextures/prop_desk02_table
f  2843/3172/4  2834/3171/4  2833/3170/4  2840/3169/4
usemtl __TB_empty
f  2842/3173/284  2828/3174/284  2827/3175/284  2844/3176/284
usemtl __TB_empty
f  2845/3176/285  2835/3175/285  2834/3174/285  2843/3173/285
usemtl __TB_empty
f  2846/3160/286  2836/3159/286  2835/3158/286  2845/3157/286
usemtl __TB_empty
f  2844/3164/287  2827/3163/287  2836/3162/287  2846/3161/287
usemtl chunksTextures/prop_desk02_tableBorder
f  2840/3153/6  2837/3152/6  2838/3151/6  2839/3150/6  2841/3149/6  2842/3148/6  2844/3147/6  2846/3156/6  2845/3155/6  2843/3154/6

o entity30_brush0
usemtl chunksTextures/dev_nodraw
f  2847/3177/1  2848/3178/1  2849/3179/1  2850/3180/1
usemtl chunksTextures/prop_desk02_leg
f  2851/3181/2  2849/3182/2  2848/3183/2  2852/3184/2
usemtl chunksTextures/prop_desk02_leg
f  2852/3185/3  2848/3186/3  2847/3187/3  2853/3188/3
usemtl chunksTextures/dev_nodraw
f  2854/3188/4  2850/3187/4  2849/3186/4  2851/3185/4
usemtl chunksTextures/prop_desk02_leg
f  2853/3184/5  2847/3183/5  2850/3182/5  2854/3181/5
usemtl chunksTextures/dev_nodraw
f  2854/3180/6  2851/3179/6  2852/3178/6  2853/3177/6

o entity30_brush1
usemtl chunksTextures/prop_desk02_leg
f  2855/3189/1  2856/3190/1  2857/3191/1  2858/3192/1
usemtl chunksTextures/prop_desk02_leg
f  2859/3182/2  2857/3193/2  2856/3194/2  2860/3195/2
usemtl chunksTextures/dev_nodraw
f  2860/3196/3  2856/3197/3  2855/3198/3  2861/3199/3
usemtl chunksTextures/dev_nodraw
f  2862/3199/4  2858/3198/4  2857/3197/4  2859/3196/4
usemtl chunksTextures/prop_desk02_leg
f  2861/3195/5  2855/3194/5  2858/3193/5  2862/3182/5
usemtl chunksTextures/prop_desk02_leg
f  2862/3192/6  2859/3191/6  2860/3190/6  2861/3189/6

o entity30_brush2
usemtl chunksTextures/prop_desk02_cabinet_ext
f  2863/3200/1  2864/3201/1  2865/3202/1  2866/3203/1
usemtl chunksTextures/prop_desk02_cabinet_front2
f  2867/3204/2  2865/3205/2  2864/3206/2  2868/3207/2
usemtl chunksTextures/prop_desk02_cabinet_ext
f  2868/3208/3  2864/3209/3  2863/3210/3  2869/3211/3
usemtl chunksTextures/prop_desk02_cabinet_ext
f  2870/3211/4  2866/3210/4  2865/3209/4  2867/3208/4
usemtl chunksTextures/prop_desk02_cabinet_ext
f  2869/3212/5  2863/3213/5  2866/3214/5  2870/3215/5
usemtl chunksTextures/prop_desk02_cabinet_ext
f  2870/3203/6  2867/3202/6  2868/3201/6  2869/3200/6

o entity30_brush3
usemtl chunksTextures/prop_desk02_tableBorder
f  2871/3216/1  2872/3217/1  2873/3218/1  2874/3219/1
usemtl chunksTextures/prop_desk02_tableBorder
f  2875/3220/2  2873/3221/2  2872/3222/2  2876/3223/2
usemtl chunksTextures/prop_desk02_table
f  2876/3224/3  2872/3225/3  2871/3226/3  2877/3227/3
usemtl chunksTextures/prop_desk02_table
f  2878/3227/4  2874/3226/4  2873/3225/4  2875/3224/4
usemtl chunksTextures/prop_desk02_tableBorder
f  2877/3223/5  2871/3222/5  2874/3221/5  2878/3220/5
usemtl chunksTextures/prop_desk02_tableBorder
f  2878/3219/6  2875/3218/6  2876/3217/6  2877/3216/6

o entity30_brush4
usemtl chunksTextures/prop_desk02_base
f  2879/3228/1  2880/3229/1  2881/3230/1  2882/3231/1
usemtl chunksTextures/prop_desk02_base
f  2883/3195/2  2881/3194/2  2880/3232/2  2884/3233/2
usemtl chunksTextures/prop_desk02_base2
f  2884/3234/3  2880/3235/3  2879/3236/3  2885/3237/3
usemtl chunksTextures/prop_desk02_base2
f  2886/3238/4  2882/3239/4  2881/3240/4  2883/3241/4
usemtl chunksTextures/prop_desk02_base
f  2885/3233/5  2879/3232/5  2882/3194/5  2886/3195/5
usemtl chunksTextures/prop_desk02_base
f  2886/3231/6  2883/3230/6  2884/3229/6  2885/3228/6

o entity30_brush5
usemtl chunksTextures/prop_desk02_base
f  2887/3242/1  2888/3243/1  2889/3244/1  2890/3228/1
usemtl chunksTextures/prop_desk02_base
f  2891/3233/2  2889/3232/2  2888/3245/2  2892/3246/2
usemtl chunksTextures/prop_desk02_base2
f  2892/3247/3  2888/3248/3  2887/3239/3  2893/3238/3
usemtl chunksTextures/prop_desk02_base2
f  2894/3237/4  2890/3236/4  2889/3249/4  2891/3250/4
usemtl chunksTextures/prop_desk02_base
f  2893/3246/5  2887/3245/5  2890/3232/5  2894/3233/5
usemtl chunksTextures/prop_desk02_base
f  2894/3228/6  2891/3244/6  2892/3243/6  2893/3242/6

o entity30_brush6
usemtl chunksTextures/prop_desk02_base
f  2895/3251/1  2896/3252/1  2897/3229/1  2898/3253/1
usemtl chunksTextures/prop_desk02_base
f  2899/3233/2  2897/3232/2  2896/3245/2  2900/3246/2
usemtl chunksTextures/prop_desk02_base2
f  2900/3241/3  2896/3240/3  2895/3254/3  2901/3255/3
usemtl chunksTextures/prop_desk02_base2
f  2902/3256/4  2898/3257/4  2897/3235/4  2899/3234/4
usemtl chunksTextures/prop_desk02_base
f  2901/3246/5  2895/3245/5  2898/3232/5  2902/3233/5
usemtl chunksTextures/prop_desk02_base
f  2902/3253/6  2899/3229/6  2900/3252/6  2901/3251/6

o entity30_brush7
usemtl chunksTextures/prop_desk02_base
f  2903/3251/1  2904/3252/1  2905/3229/1  2906/3253/1
usemtl chunksTextures/prop_desk02_base
f  2907/3258/2  2905/3207/2  2904/3259/2  2908/3260/2
usemtl chunksTextures/prop_desk02_base2
f  2908/3261/3  2904/3262/3  2903/3263/3  2909/3264/3
usemtl chunksTextures/prop_desk02_base2
f  2910/3265/4  2906/3266/4  2905/3267/4  2907/3268/4
usemtl chunksTextures/prop_desk02_base
f  2909/3260/5  2903/3259/5  2906/3207/5  2910/3258/5
usemtl chunksTextures/prop_desk02_base
f  2910/3253/6  2907/3229/6  2908/3252/6  2909/3251/6

o entity30_brush8
usemtl chunksTextures/prop_desk02_leg
f  2911/3189/1  2912/3190/1  2913/3191/1  2914/3192/1
usemtl chunksTextures/prop_desk02_leg
f  2915/3269/2  2913/3181/2  2912/3270/2  2916/3271/2
usemtl chunksTextures/dev_nodraw
f  2916/3272/3  2912/3273/3  2911/3274/3  2917/3275/3
usemtl chunksTextures/dev_nodraw
f  2918/3275/4  2914/3274/4  2913/3273/4  2915/3272/4
usemtl chunksTextures/prop_desk02_leg
f  2917/3271/5  2911/3270/5  2914/3181/5  2918/3269/5
usemtl chunksTextures/prop_desk02_leg
f  2918/3192/6  2915/3191/6  2916/3190/6  2917/3189/6

o entity30_brush9
usemtl chunksTextures/prop_desk02_base
f  2919/3242/1  2920/3243/1  2921/3244/1  2922/3228/1
usemtl chunksTextures/prop_desk02_base
f  2923/3258/2  2921/3207/2  2920/3259/2  2924/3260/2
usemtl chunksTextures/prop_desk02_base2
f  2924/3276/3  2920/3277/3  2919/3278/3  2925/3279/3
usemtl chunksTextures/prop_desk02_base2
f  2926/3280/4  2922/3281/4  2921/3282/4  2923/3283/4
usemtl chunksTextures/prop_desk02_base
f  2925/3260/5  2919/3259/5  2922/3207/5  2926/3258/5
usemtl chunksTextures/prop_desk02_base
f  2926/3228/6  2923/3244/6  2924/3243/6  2925/3242/6

o entity30_brush10
usemtl chunksTextures/prop_desk02_base
f  2927/3228/1  2928/3229/1  2929/3230/1  2930/3231/1
usemtl chunksTextures/prop_desk02_base
f  2931/3271/2  2929/3270/2  2928/3207/2  2932/3258/2
usemtl chunksTextures/prop_desk02_base2
f  2932/3268/3  2928/3267/3  2927/3281/3  2933/3280/3
usemtl chunksTextures/prop_desk02_base2
f  2934/3279/4  2930/3278/4  2929/3262/4  2931/3261/4
usemtl chunksTextures/prop_desk02_base
f  2933/3258/5  2927/3207/5  2930/3270/5  2934/3271/5
usemtl chunksTextures/prop_desk02_base
f  2934/3231/6  2931/3230/6  2932/3229/6  2933/3228/6

o entity30_brush11
usemtl chunksTextures/prop_desk02_base
f  2935/3284/1  2936/3285/1  2937/3286/1  2938/3287/1
usemtl chunksTextures/prop_desk02_base
f  2939/3288/2  2937/3206/2  2936/3289/2  2940/3290/2
usemtl chunksTextures/prop_desk02_base2
f  2940/3291/3  2936/3292/3  2935/3293/3  2941/3294/3
usemtl chunksTextures/prop_desk02_base2
f  2942/3295/4  2938/3296/4  2937/3297/4  2939/3298/4
usemtl chunksTextures/prop_desk02_base
f  2941/3290/5  2935/3289/5  2938/3206/5  2942/3288/5
usemtl chunksTextures/prop_desk02_base
f  2942/3287/6  2939/3286/6  2940/3285/6  2941/3284/6

o entity30_brush12
usemtl chunksTextures/prop_desk02_base
f  2943/3299/1  2944/3300/1  2945/3301/1  2946/3302/1
usemtl chunksTextures/prop_desk02_base
f  2947/3288/2  2945/3206/2  2944/3289/2  2948/3290/2
usemtl chunksTextures/prop_desk02_base2
f  2948/3303/3  2944/3304/3  2943/3305/3  2949/3306/3
usemtl chunksTextures/prop_desk02_base2
f  2950/3307/4  2946/3308/4  2945/3309/4  2947/3310/4
usemtl chunksTextures/prop_desk02_base
f  2949/3290/5  2943/3289/5  2946/3206/5  2950/3288/5
usemtl chunksTextures/prop_desk02_base
f  2950/3302/6  2947/3301/6  2948/3300/6  2949/3299/6

o entity30_brush13
usemtl chunksTextures/prop_desk02_base
f  2951/3299/1  2952/3300/1  2953/3301/1  2954/3302/1
usemtl chunksTextures/prop_desk02_base
f  2955/3207/2  2953/3311/2  2952/3312/2  2956/3259/2
usemtl chunksTextures/prop_desk02_base2
f  2956/3313/3  2952/3314/3  2951/3315/3  2957/3316/3
usemtl chunksTextures/prop_desk02_base2
f  2958/3317/4  2954/3318/4  2953/3319/4  2955/3320/4
usemtl chunksTextures/prop_desk02_base
f  2957/3259/5  2951/3312/5  2954/3311/5  2958/3207/5
usemtl chunksTextures/prop_desk02_base
f  2958/3302/6  2955/3301/6  2956/3300/6  2957/3299/6

o entity30_brush14
usemtl chunksTextures/prop_desk02_base
f  2959/3284/1  2960/3285/1  2961/3286/1  2962/3287/1
usemtl chunksTextures/prop_desk02_base
f  2963/3207/2  2961/3311/2  2960/3312/2  2964/3259/2
usemtl chunksTextures/prop_desk02_base2
f  2964/3321/3  2960/3322/3  2959/3323/3  2965/3324/3
usemtl chunksTextures/prop_desk02_base2
f  2966/3325/4  2962/3326/4  2961/3327/4  2963/3328/4
usemtl chunksTextures/prop_desk02_base
f  2965/3259/5  2959/3312/5  2962/3311/5  2966/3207/5
usemtl chunksTextures/prop_desk02_base
f  2966/3287/6  2963/3286/6  2964/3285/6  2965/3284/6

o entity31_brush0
usemtl __TB_empty
f  2967/3329/1  2968/1679/1  2969/3330/1  2970/3331/1
usemtl __TB_empty
f  2971/3332/2  2969/3333/2  2968/3334/2  2972/3335/2
usemtl __TB_empty
f  2972/3336/3  2968/3337/3  2967/3338/3  2973/3339/3
usemtl __TB_empty
f  2974/3339/4  2970/3338/4  2969/3337/4  2971/3336/4
usemtl __TB_empty
f  2973/3335/5  2967/3334/5  2970/3333/5  2974/3332/5
usemtl __TB_empty
f  2974/3331/6  2971/3330/6  2972/1679/6  2973/3329/6

o entity31_brush1
usemtl __TB_empty
f  2975/3340/1  2976/3341/1  2977/3342/1  2978/3343/1
usemtl __TB_empty
f  2979/3344/2  2977/3345/2  2976/3346/2  2980/3347/2
usemtl __TB_empty
f  2980/3348/3  2976/3349/3  2975/3350/3  2981/3351/3
usemtl __TB_empty
f  2982/3352/4  2978/3353/4  2977/3337/4  2979/3336/4
usemtl __TB_empty
f  2981/3347/5  2975/3346/5  2978/3345/5  2982/3344/5
usemtl __TB_empty
f  2982/3343/6  2979/3342/6  2980/3341/6  2981/3340/6

o entity31_brush2
usemtl __TB_empty
f  2983/3354/1  2984/3355/1  2985/3356/1  2986/3357/1
usemtl __TB_empty
f  2987/3358/2  2985/3359/2  2984/3360/2  2988/3361/2
usemtl __TB_empty
f  2988/3362/3  2984/3363/3  2983/3364/3  2989/3365/3
usemtl __TB_empty
f  2990/3366/4  2986/3367/4  2985/3368/4  2987/3369/4
usemtl __TB_empty
f  2989/3361/5  2983/3360/5  2986/3359/5  2990/3358/5
usemtl __TB_empty
f  2990/3357/6  2987/3356/6  2988/3355/6  2989/3354/6

o entity31_brush3
usemtl __TB_empty
f  2991/3370/1  2992/3371/1  2993/3341/1  2994/3340/1
usemtl __TB_empty
f  2995/3347/2  2993/3346/2  2992/3372/2  2996/3373/2
usemtl __TB_empty
f  2996/3336/3  2992/3337/3  2991/3353/3  2997/3352/3
usemtl __TB_empty
f  2998/3352/4  2994/3353/4  2993/3337/4  2995/3336/4
usemtl __TB_empty
f  2997/3373/5  2991/3372/5  2994/3346/5  2998/3347/5
usemtl __TB_empty
f  2998/3340/6  2995/3341/6  2996/3371/6  2997/3370/6

o entity31_brush4
usemtl __TB_empty
f  2999/3374/1  3000/3375/1  3001/3376/1  3002/3377/1
usemtl __TB_empty
f  3003/3332/2  3001/3333/2  3000/3334/2  3004/3335/2
usemtl __TB_empty
f  3004/3378/3  3000/3379/3  2999/3353/3  3005/3352/3
usemtl __TB_empty
f  3006/3352/4  3002/3353/4  3001/3379/4  3003/3378/4
usemtl __TB_empty
f  3005/3335/5  2999/3334/5  3002/3333/5  3006/3332/5
usemtl __TB_empty
f  3006/3377/6  3003/3376/6  3004/3375/6  3005/3374/6

o entity31_brush5
usemtl __TB_empty
f  3007/3340/1  3008/3341/1  3009/3342/1  3010/3343/1
usemtl __TB_empty
f  3011/3380/2  3009/3381/2  3008/3382/2  3012/3383/2
usemtl __TB_empty
f  3012/3384/3  3008/3385/3  3007/3386/3  3013/3387/3
usemtl __TB_empty
f  3014/3388/4  3010/3366/4  3009/3389/4  3011/3390/4
usemtl __TB_empty
f  3013/3383/5  3007/3382/5  3010/3381/5  3014/3380/5
usemtl __TB_empty
f  3014/3343/6  3011/3342/6  3012/3341/6  3013/3340/6

o entity31_brush6
usemtl __TB_empty
f  3015/3370/1  3016/3371/1  3017/3341/1  3018/3340/1
usemtl __TB_empty
f  3019/3383/2  3017/3382/2  3016/3361/2  3020/3391/2
usemtl __TB_empty
f  3020/3390/3  3016/3389/3  3015/3366/3  3021/3388/3
usemtl __TB_empty
f  3022/3388/4  3018/3366/4  3017/3389/4  3019/3390/4
usemtl __TB_empty
f  3021/3391/5  3015/3361/5  3018/3382/5  3022/3383/5
usemtl __TB_empty
f  3022/3340/6  3019/3341/6  3020/3371/6  3021/3370/6

o entity31_brush7
usemtl __TB_empty
f  3023/3329/1  3024/1679/1  3025/3330/1  3026/3331/1
usemtl __TB_empty
f  3027/3392/2  3025/3393/2  3024/3394/2  3028/3395/2
usemtl __TB_empty
f  3028/3390/3  3024/3389/3  3023/3396/3  3029/3397/3
usemtl __TB_empty
f  3030/3397/4  3026/3396/4  3025/3389/4  3027/3390/4
usemtl __TB_empty
f  3029/3395/5  3023/3394/5  3026/3393/5  3030/3392/5
usemtl __TB_empty
f  3030/3331/6  3027/3330/6  3028/1679/6  3029/3329/6

o entity31_brush8
usemtl __TB_empty
f  3031/3374/1  3032/3375/1  3033/3376/1  3034/3377/1
usemtl __TB_empty
f  3035/3392/2  3033/3393/2  3032/3394/2  3036/3395/2
usemtl __TB_empty
f  3036/3398/3  3032/3399/3  3031/3366/3  3037/3388/3
usemtl __TB_empty
f  3038/3388/4  3034/3366/4  3033/3399/4  3035/3398/4
usemtl __TB_empty
f  3037/3395/5  3031/3394/5  3034/3393/5  3038/3392/5
usemtl __TB_empty
f  3038/3377/6  3035/3376/6  3036/3375/6  3037/3374/6

o entity31_brush9
usemtl __TB_empty
f  3039/3354/1  3040/3400/1  3041/3401/1  3042/3402/1
usemtl __TB_empty
f  3043/3403/2  3041/3404/2  3040/3360/2  3044/3361/2
usemtl __TB_empty
f  3044/3405/3  3040/3406/3  3039/3364/3  3045/3365/3
usemtl __TB_empty
f  3046/3366/4  3042/3367/4  3041/3407/4  3043/3389/4
usemtl __TB_empty
f  3045/3361/5  3039/3360/5  3042/3404/5  3046/3403/5
usemtl __TB_empty
f  3046/3402/6  3043/3401/6  3044/3400/6  3045/3354/6

o entity31_brush10
usemtl __TB_empty
f  3047/3354/1  3048/3400/1  3049/3401/1  3050/3402/1
usemtl __TB_empty
f  3051/3403/2  3049/3404/2  3048/3360/2  3052/3361/2
usemtl __TB_empty
f  3052/3405/3  3048/3406/3  3047/3364/3  3053/3365/3
usemtl __TB_empty
f  3054/3366/4  3050/3367/4  3049/3407/4  3051/3389/4
usemtl __TB_empty
f  3053/3361/5  3047/3360/5  3050/3404/5  3054/3403/5
usemtl __TB_empty
f  3054/3402/6  3051/3401/6  3052/3400/6  3053/3354/6

o entity31_brush11
usemtl __TB_empty
f  3055/3408/1  3056/3409/1  3057/3410/1  3058/3411/1
usemtl __TB_empty
f  3059/3412/2  3057/3413/2  3056/3414/2  3060/3415/2
usemtl __TB_empty
f  3060/3405/3  3056/3406/3  3055/3364/3  3061/3365/3
usemtl __TB_empty
f  3062/3366/4  3058/3367/4  3057/3407/4  3059/3389/4
usemtl __TB_empty
f  3061/3415/5  3055/3414/5  3058/3413/5  3062/3412/5
usemtl __TB_empty
f  3062/3411/6  3059/3410/6  3060/3409/6  3061/3408/6

o entity31_brush12
usemtl __TB_empty
f  3063/3416/1  3064/3417/1  3065/3418/1  3066/3419/1
usemtl __TB_empty
f  3067/3420/2  3065/3421/2  3064/3422/2  3068/3423/2
usemtl __TB_empty
f  3068/3405/3  3064/3406/3  3063/3364/3  3069/3365/3
usemtl __TB_empty
f  3070/3366/4  3066/3367/4  3065/3407/4  3067/3389/4
usemtl __TB_empty
f  3069/3423/5  3063/3422/5  3066/3421/5  3070/3420/5
usemtl __TB_empty
f  3070/3419/6  3067/3418/6  3068/3417/6  3069/3416/6

o entity31_brush13
usemtl __TB_empty
f  3071/3416/1  3072/3417/1  3073/3418/1  3074/3419/1
usemtl __TB_empty
f  3075/3420/2  3073/3421/2  3072/3422/2  3076/3423/2
usemtl __TB_empty
f  3076/3405/3  3072/3406/3  3071/3364/3  3077/3365/3
usemtl __TB_empty
f  3078/3366/4  3074/3367/4  3073/3407/4  3075/3389/4
usemtl __TB_empty
f  3077/3423/5  3071/3422/5  3074/3421/5  3078/3420/5
usemtl __TB_empty
f  3078/3419/6  3075/3418/6  3076/3417/6  3077/3416/6

o entity32_brush0
usemtl __TB_empty
f  3079/3329/1  3080/1679/1  3081/3330/1  3082/3331/1
usemtl __TB_empty
f  3083/3424/2  3081/3425/2  3080/3426/2  3084/3427/2
usemtl __TB_empty
f  3084/3428/3  3080/3429/3  3079/3430/3  3085/3431/3
usemtl __TB_empty
f  3086/3431/4  3082/3430/4  3081/3429/4  3083/3428/4
usemtl __TB_empty
f  3085/3427/5  3079/3426/5  3082/3425/5  3086/3424/5
usemtl __TB_empty
f  3086/3331/6  3083/3330/6  3084/1679/6  3085/3329/6

o entity32_brush1
usemtl __TB_empty
f  3087/3340/1  3088/3341/1  3089/3342/1  3090/3343/1
usemtl __TB_empty
f  3091/3432/2  3089/3433/2  3088/3434/2  3092/3435/2
usemtl __TB_empty
f  3092/3436/3  3088/3437/3  3087/3438/3  3093/3439/3
usemtl __TB_empty
f  3094/3440/4  3090/3441/4  3089/3429/4  3091/3428/4
usemtl __TB_empty
f  3093/3435/5  3087/3434/5  3090/3433/5  3094/3432/5
usemtl __TB_empty
f  3094/3343/6  3091/3342/6  3092/3341/6  3093/3340/6

o entity32_brush2
usemtl __TB_empty
f  3095/3354/1  3096/3355/1  3097/3356/1  3098/3357/1
usemtl __TB_empty
f  3099/3442/2  3097/3443/2  3096/3444/2  3100/3372/2
usemtl __TB_empty
f  3100/3445/3  3096/3446/3  3095/3447/3  3101/3448/3
usemtl __TB_empty
f  3102/3353/4  3098/3449/4  3097/3450/4  3099/3451/4
usemtl __TB_empty
f  3101/3372/5  3095/3444/5  3098/3443/5  3102/3442/5
usemtl __TB_empty
f  3102/3357/6  3099/3356/6  3100/3355/6  3101/3354/6

o entity32_brush3
usemtl __TB_empty
f  3103/3370/1  3104/3371/1  3105/3341/1  3106/3340/1
usemtl __TB_empty
f  3107/3435/2  3105/3434/2  3104/3452/2  3108/3453/2
usemtl __TB_empty
f  3108/3428/3  3104/3429/3  3103/3441/3  3109/3440/3
usemtl __TB_empty
f  3110/3440/4  3106/3441/4  3105/3429/4  3107/3428/4
usemtl __TB_empty
f  3109/3453/5  3103/3452/5  3106/3434/5  3110/3435/5
usemtl __TB_empty
f  3110/3340/6  3107/3341/6  3108/3371/6  3109/3370/6

o entity32_brush4
usemtl __TB_empty
f  3111/3374/1  3112/3375/1  3113/3376/1  3114/3377/1
usemtl __TB_empty
f  3115/3424/2  3113/3425/2  3112/3426/2  3116/3427/2
usemtl __TB_empty
f  3116/3454/3  3112/3455/3  3111/3441/3  3117/3440/3
usemtl __TB_empty
f  3118/3440/4  3114/3441/4  3113/3455/4  3115/3454/4
usemtl __TB_empty
f  3117/3427/5  3111/3426/5  3114/3425/5  3118/3424/5
usemtl __TB_empty
f  3118/3377/6  3115/3376/6  3116/3375/6  3117/3374/6

o entity32_brush5
usemtl __TB_empty
f  3119/3340/1  3120/3341/1  3121/3342/1  3122/3343/1
usemtl __TB_empty
f  3123/3344/2  3121/3345/2  3120/3346/2  3124/3347/2
usemtl __TB_empty
f  3124/3456/3  3120/3457/3  3119/3458/3  3125/3459/3
usemtl __TB_empty
f  3126/3352/4  3122/3353/4  3121/3337/4  3123/3336/4
usemtl __TB_empty
f  3125/3347/5  3119/3346/5  3122/3345/5  3126/3344/5
usemtl __TB_empty
f  3126/3343/6  3123/3342/6  3124/3341/6  3125/3340/6

o entity32_brush6
usemtl __TB_empty
f  3127/3370/1  3128/3371/1  3129/3341/1  3130/3340/1
usemtl __TB_empty
f  3131/3347/2  3129/3346/2  3128/3372/2  3132/3373/2
usemtl __TB_empty
f  3132/3336/3  3128/3337/3  3127/3353/3  3133/3352/3
usemtl __TB_empty
f  3134/3352/4  3130/3353/4  3129/3337/4  3131/3336/4
usemtl __TB_empty
f  3133/3373/5  3127/3372/5  3130/3346/5  3134/3347/5
usemtl __TB_empty
f  3134/3340/6  3131/3341/6  3132/3371/6  3133/3370/6

o entity32_brush7
usemtl __TB_empty
f  3135/3329/1  3136/1679/1  3137/3330/1  3138/3331/1
usemtl __TB_empty
f  3139/3332/2  3137/3333/2  3136/3334/2  3140/3335/2
usemtl __TB_empty
f  3140/3336/3  3136/3337/3  3135/3338/3  3141/3339/3
usemtl __TB_empty
f  3142/3339/4  3138/3338/4  3137/3337/4  3139/3336/4
usemtl __TB_empty
f  3141/3335/5  3135/3334/5  3138/3333/5  3142/3332/5
usemtl __TB_empty
f  3142/3331/6  3139/3330/6  3140/1679/6  3141/3329/6

o entity32_brush8
usemtl __TB_empty
f  3143/3374/1  3144/3375/1  3145/3376/1  3146/3377/1
usemtl __TB_empty
f  3147/3332/2  3145/3333/2  3144/3334/2  3148/3335/2
usemtl __TB_empty
f  3148/3378/3  3144/3379/3  3143/3353/3  3149/3352/3
usemtl __TB_empty
f  3150/3352/4  3146/3353/4  3145/3379/4  3147/3378/4
usemtl __TB_empty
f  3149/3335/5  3143/3334/5  3146/3333/5  3150/3332/5
usemtl __TB_empty
f  3150/3377/6  3147/3376/6  3148/3375/6  3149/3374/6

o entity32_brush9
usemtl __TB_empty
f  3151/3354/1  3152/3400/1  3153/3401/1  3154/3402/1
usemtl __TB_empty
f  3155/3460/2  3153/3461/2  3152/3444/2  3156/3372/2
usemtl __TB_empty
f  3156/3462/3  3152/3463/3  3151/3447/3  3157/3448/3
usemtl __TB_empty
f  3158/3353/4  3154/3449/4  3153/3464/4  3155/3337/4
usemtl __TB_empty
f  3157/3372/5  3151/3444/5  3154/3461/5  3158/3460/5
usemtl __TB_empty
f  3158/3402/6  3155/3401/6  3156/3400/6  3157/3354/6

o entity32_brush10
usemtl __TB_empty
f  3159/3354/1  3160/3400/1  3161/3401/1  3162/3402/1
usemtl __TB_empty
f  3163/3460/2  3161/3461/2  3160/3444/2  3164/3372/2
usemtl __TB_empty
f  3164/3462/3  3160/3463/3  3159/3447/3  3165/3448/3
usemtl __TB_empty
f  3166/3353/4  3162/3449/4  3161/3464/4  3163/3337/4
usemtl __TB_empty
f  3165/3372/5  3159/3444/5  3162/3461/5  3166/3460/5
usemtl __TB_empty
f  3166/3402/6  3163/3401/6  3164/3400/6  3165/3354/6

o entity32_brush11
usemtl __TB_empty
f  3167/3408/1  3168/3409/1  3169/3410/1  3170/3411/1
usemtl __TB_empty
f  3171/3465/2  3169/3466/2  3168/3467/2  3172/3468/2
usemtl __TB_empty
f  3172/3462/3  3168/3463/3  3167/3447/3  3173/3448/3
usemtl __TB_empty
f  3174/3353/4  3170/3449/4  3169/3464/4  3171/3337/4
usemtl __TB_empty
f  3173/3468/5  3167/3467/5  3170/3466/5  3174/3465/5
usemtl __TB_empty
f  3174/3411/6  3171/3410/6  3172/3409/6  3173/3408/6

o entity32_brush12
usemtl __TB_empty
f  3175/3416/1  3176/3417/1  3177/3418/1  3178/3419/1
usemtl __TB_empty
f  3179/3469/2  3177/3470/2  3176/3471/2  3180/3472/2
usemtl __TB_empty
f  3180/3462/3  3176/3463/3  3175/3447/3  3181/3448/3
usemtl __TB_empty
f  3182/3353/4  3178/3449/4  3177/3464/4  3179/3337/4
usemtl __TB_empty
f  3181/3472/5  3175/3471/5  3178/3470/5  3182/3469/5
usemtl __TB_empty
f  3182/3419/6  3179/3418/6  3180/3417/6  3181/3416/6

o entity32_brush13
usemtl __TB_empty
f  3183/3416/1  3184/3417/1  3185/3418/1  3186/3419/1
usemtl __TB_empty
f  3187/3469/2  3185/3470/2  3184/3471/2  3188/3472/2
usemtl __TB_empty
f  3188/3462/3  3184/3463/3  3183/3447/3  3189/3448/3
usemtl __TB_empty
f  3190/3353/4  3186/3449/4  3185/3464/4  3187/3337/4
usemtl __TB_empty
f  3189/3472/5  3183/3471/5  3186/3470/5  3190/3469/5
usemtl __TB_empty
f  3190/3419/6  3187/3418/6  3188/3417/6  3189/3416/6

o entity33_brush0
usemtl __TB_empty
f  3191/3473/1  3192/3474/1  3193/3475/1  3194/3476/1
usemtl __TB_empty
f  3195/3477/2  3193/3478/2  3192/3479/2  3196/3480/2
usemtl __TB_empty
f  3196/3481/3  3192/3482/3  3191/3483/3  3197/3484/3
usemtl __TB_empty
f  3198/3484/4  3194/3483/4  3193/3482/4  3195/3481/4
usemtl __TB_empty
f  3197/3480/5  3191/3479/5  3194/3478/5  3198/3477/5
usemtl __TB_empty
f  3198/3476/6  3195/3475/6  3196/3474/6  3197/3473/6

o entity33_brush1
usemtl __TB_empty
f  3199/3485/1  3200/3486/1  3201/3487/1  3202/3488/1
usemtl __TB_empty
f  3203/3489/2  3201/3490/2  3200/3491/2  3204/3492/2
usemtl __TB_empty
f  3204/3493/3  3200/3494/3  3199/3495/3  3205/3496/3
usemtl __TB_empty
f  3206/3496/4  3202/3495/4  3201/3494/4  3203/3493/4
usemtl __TB_empty
f  3205/3492/5  3199/3491/5  3202/3490/5  3206/3489/5
usemtl __TB_empty
f  3206/3488/6  3203/3487/6  3204/3486/6  3205/3485/6

o entity33_brush2
usemtl __TB_empty
f  3207/3497/229  3208/3498/229  3209/3499/229
usemtl __TB_empty
f  3209/3499/230  3208/3500/230  3210/3501/230
usemtl __TB_empty
f  3211/3502/231  3210/3503/231  3208/3504/231  3212/3505/231
usemtl __TB_empty
f  3212/3506/3  3208/3507/3  3207/3508/3  3213/3509/3
usemtl __TB_empty
f  3213/3510/232  3207/3511/232  3209/3512/232  3214/3513/232
usemtl __TB_empty
f  3214/3514/5  3209/3515/5  3210/3516/5  3211/3517/5
usemtl __TB_empty
f  3213/3518/233  3214/3499/233  3211/3501/233
usemtl __TB_empty
f  3212/3519/234  3213/3520/234  3211/3501/234

o entity33_brush3
usemtl __TB_empty
f  3215/3521/235  3216/3522/235  3217/3523/235
usemtl __TB_empty
f  3217/3524/236  3216/3522/236  3218/3525/236
usemtl __TB_empty
f  3219/3526/2  3218/3527/2  3216/3528/2  3220/3529/2
usemtl __TB_empty
f  3220/3530/237  3216/3531/237  3215/3532/237  3221/3533/237
usemtl __TB_empty
f  3221/3534/3  3215/3535/3  3217/3536/3  3222/3537/3
usemtl __TB_empty
f  3222/3538/238  3217/3539/238  3218/3540/238  3219/3541/238
usemtl __TB_empty
f  3219/3525/239  3220/3522/239  3221/3542/239
usemtl __TB_empty
f  3222/3543/234  3219/3525/234  3221/3544/234

o entity33_brush4
usemtl __TB_empty
f  3223/3473/1  3224/3474/1  3225/3545/1  3226/3546/1
usemtl __TB_empty
f  3227/3547/2  3225/3548/2  3224/3549/2  3228/3480/2
usemtl __TB_empty
f  3228/3481/3  3224/3550/3  3223/3551/3  3229/3484/3
usemtl __TB_empty
f  3230/3484/4  3226/3551/4  3225/3550/4  3227/3481/4
usemtl __TB_empty
f  3229/3480/5  3223/3549/5  3226/3548/5  3230/3547/5
usemtl __TB_empty
f  3230/3546/6  3227/3545/6  3228/3474/6  3229/3473/6

o entity33_brush5
usemtl __TB_empty
f  3231/3473/1  3232/3474/1  3233/3475/1  3234/3476/1
usemtl __TB_empty
f  3235/3552/2  3233/3553/2  3232/3554/2  3236/3549/2
usemtl __TB_empty
f  3236/3550/3  3232/3555/3  3231/3556/3  3237/3551/3
usemtl __TB_empty
f  3238/3551/4  3234/3556/4  3233/3555/4  3235/3550/4
usemtl __TB_empty
f  3237/3549/5  3231/3554/5  3234/3553/5  3238/3552/5
usemtl __TB_empty
f  3238/3476/6  3235/3475/6  3236/3474/6  3237/3473/6

o entity33_brush6
usemtl __TB_empty
f  3239/3519/240  3240/3501/240  3241/3520/240
usemtl __TB_empty
f  3242/3499/241  3241/3518/241  3240/3501/241
usemtl __TB_empty
f  3243/3557/231  3240/3558/231  3239/3559/231  3244/3560/231
usemtl __TB_empty
f  3244/3561/3  3239/3562/3  3241/3563/3  3245/3564/3
usemtl __TB_empty
f  3245/3565/242  3241/3566/242  3242/3567/242  3246/3568/242
usemtl __TB_empty
f  3246/3569/5  3242/3570/5  3240/3571/5  3243/3572/5
usemtl __TB_empty
f  3246/3499/243  3243/3501/243  3244/3500/243
usemtl __TB_empty
f  3246/3499/244  3244/3498/244  3245/3497/244

o entity33_brush7
usemtl __TB_empty
f  3247/3543/245  3248/3544/245  3249/3525/245
usemtl __TB_empty
f  3250/3522/246  3249/3525/246  3248/3542/246
usemtl __TB_empty
f  3251/3573/2  3249/3574/2  3250/3575/2  3252/3576/2
usemtl __TB_empty
f  3252/3577/247  3250/3578/247  3248/3579/247  3253/3580/247
usemtl __TB_empty
f  3253/3581/3  3248/3582/3  3247/3583/3  3254/3584/3
usemtl __TB_empty
f  3254/3585/238  3247/3586/238  3249/3587/238  3251/3588/238
usemtl __TB_empty
f  3254/3524/248  3251/3525/248  3252/3522/248
usemtl __TB_empty
f  3253/3521/249  3254/3523/249  3252/3522/249

o entity33_brush8
usemtl __TB_empty
f  3255/3485/1  3256/3486/1  3257/3487/1  3258/3488/1
usemtl __TB_empty
f  3259/3589/2  3257/3590/2  3256/3591/2  3260/3592/2
usemtl __TB_empty
f  3260/3593/3  3256/3594/3  3255/3595/3  3261/3596/3
usemtl __TB_empty
f  3262/3596/4  3258/3595/4  3257/3594/4  3259/3593/4
usemtl __TB_empty
f  3261/3592/5  3255/3591/5  3258/3590/5  3262/3589/5
usemtl __TB_empty
f  3262/3488/6  3259/3487/6  3260/3486/6  3261/3485/6

o entity33_brush9
usemtl __TB_empty
f  3263/3597/1  3264/3598/1  3265/3599/1  3266/3600/1
usemtl __TB_empty
f  3267/3601/2  3265/3602/2  3264/3553/2  3268/3478/2
usemtl __TB_empty
f  3268/3603/3  3264/3604/3  3263/3605/3  3269/3606/3
usemtl __TB_empty
f  3270/3607/4  3266/3608/4  3265/3604/4  3267/3603/4
usemtl __TB_empty
f  3269/3609/250  3263/3610/250  3266/3611/250  3270/3612/250
usemtl __TB_empty
f  3270/3600/6  3267/3599/6  3268/3598/6  3269/3597/6

o entity33_brush10
usemtl __TB_empty
f  3271/3600/1  3272/3599/1  3273/3613/1  3274/3614/1
usemtl __TB_empty
f  3274/3614/251  3273/3613/251  3275/3615/251  3276/3616/251
usemtl __TB_empty
f  3276/3617/252  3275/3618/252  3277/3619/252  3278/3620/252
usemtl __TB_empty
f  3279/3621/2  3280/3622/2  3281/3623/2  3277/3624/2  3275/3625/2  3273/3626/2  3272/3602/2  3282/3601/2
usemtl __TB_empty
f  3282/3603/3  3272/3604/3  3271/3608/3  3283/3607/3
usemtl __TB_empty
f  3284/3627/4  3278/3628/4  3277/3629/4  3281/3630/4
usemtl __TB_empty
f  3283/3601/5  3271/3602/5  3274/3626/5  3276/3625/5  3278/3624/5  3284/3623/5  3285/3622/5  3286/3621/5
usemtl __TB_empty
f  3285/3631/253  3284/3632/253  3281/3633/253  3280/3634/253
usemtl __TB_empty
f  3286/3614/254  3285/3616/254  3280/3615/254  3279/3613/254
usemtl __TB_empty
f  3283/3600/6  3286/3614/6  3279/3613/6  3282/3599/6

o entity33_brush11
usemtl __TB_empty
f  3287/3635/1  3288/3636/1  3289/2282/1  3290/3637/1
usemtl __TB_empty
f  3291/3638/255  3289/3639/255  3288/3640/255  3292/3641/255
usemtl __TB_empty
f  3292/3642/3  3288/3643/3  3287/3644/3  3293/3645/3
usemtl __TB_empty
f  3294/3645/4  3290/3644/4  3289/3605/4  3291/3606/4
usemtl __TB_empty
f  3293/3479/5  3287/3554/5  3290/3646/5  3294/3647/5
usemtl __TB_empty
f  3294/3637/6  3291/2282/6  3292/3636/6  3293/3635/6

o entity33_brush12
usemtl __TB_empty
f  3295/3648/1  3296/3649/1  3297/3635/1  3298/3637/1
usemtl __TB_empty
f  3296/3650/288  3295/3651/288  3299/3652/288  3300/3653/288
usemtl __TB_empty
f  3301/3654/289  3300/3655/289  3299/3656/289  3302/3657/289
usemtl __TB_empty
f  3303/3647/2  3298/3646/2  3297/3554/2  3304/3479/2
usemtl __TB_empty
f  3304/3645/3  3297/3644/3  3296/3658/3  3305/3659/3
usemtl __TB_empty
f  3306/3659/4  3307/3660/4  3308/3661/4  3302/3662/4  3299/3663/4  3295/3658/4  3298/3644/4  3303/3645/4
usemtl __TB_empty
f  3305/3659/258  3296/3658/258  3300/3663/258  3309/3660/258
usemtl __TB_empty
f  3309/3664/290  3300/3665/290  3301/3666/290  3310/3667/290
usemtl __TB_empty
f  3310/3668/5  3301/3669/5  3302/3670/5  3308/3671/5
usemtl __TB_empty
f  3309/3672/260  3310/3673/260  3308/3674/260  3307/3675/260
usemtl __TB_empty
f  3305/3676/291  3309/3677/291  3307/3678/291  3306/3679/291
usemtl __TB_empty
f  3306/3648/6  3303/3637/6  3304/3635/6  3305/3649/6

o entity34_brush0
usemtl __TB_empty
f  3311/3680/1  3312/3681/1  3313/3682/1  3314/3683/1
usemtl __TB_empty
f  3315/3684/2  3313/3685/2  3312/3686/2  3316/3687/2
usemtl __TB_empty
f  3316/3688/3  3312/3689/3  3311/3690/3  3317/3691/3
usemtl __TB_empty
f  3318/3691/4  3314/3690/4  3313/3689/4  3315/3688/4
usemtl __TB_empty
f  3317/3687/5  3311/3686/5  3314/3685/5  3318/3684/5
usemtl __TB_empty
f  3318/3683/6  3315/3682/6  3316/3681/6  3317/3680/6

o entity34_brush1
usemtl __TB_empty
f  3319/3692/1  3320/3693/1  3321/3694/1  3322/3695/1
usemtl __TB_empty
f  3323/3696/2  3321/3697/2  3320/3698/2  3324/3699/2
usemtl __TB_empty
f  3324/3700/3  3320/3701/3  3319/3702/3  3325/3703/3
usemtl __TB_empty
f  3326/3703/4  3322/3702/4  3321/3701/4  3323/3700/4
usemtl __TB_empty
f  3325/3699/5  3319/3698/5  3322/3697/5  3326/3696/5
usemtl __TB_empty
f  3326/3695/6  3323/3694/6  3324/3693/6  3325/3692/6

o entity34_brush2
usemtl __TB_empty
f  3327/3704/240  3328/3705/240  3329/3706/240
usemtl __TB_empty
f  3330/3707/262  3329/3708/262  3328/3709/262
usemtl __TB_empty
f  3331/3573/2  3329/3574/2  3330/3575/2  3332/3576/2
usemtl __TB_empty
f  3332/3577/263  3330/3578/263  3328/3579/263  3333/3580/263
usemtl __TB_empty
f  3333/3710/3  3328/3711/3  3327/3712/3  3334/3713/3
usemtl __TB_empty
f  3334/3585/238  3327/3586/238  3329/3587/238  3331/3588/238
usemtl __TB_empty
f  3334/3714/248  3331/3715/248  3332/3716/248
usemtl __TB_empty
f  3333/3717/249  3334/3718/249  3332/3719/249

o entity34_brush3
usemtl __TB_empty
f  3335/3720/240  3336/3721/240  3337/3722/240
usemtl __TB_empty
f  3338/3723/264  3337/3724/264  3336/3725/264
usemtl __TB_empty
f  3339/3557/231  3336/3558/231  3335/3559/231  3340/3560/231
usemtl __TB_empty
f  3340/3726/3  3335/3727/3  3337/3728/3  3341/3729/3
usemtl __TB_empty
f  3341/3565/265  3337/3566/265  3338/3567/265  3342/3568/265
usemtl __TB_empty
f  3342/3569/5  3338/3570/5  3336/3571/5  3339/3572/5
usemtl __TB_empty
f  3342/3730/243  3339/3731/243  3340/3732/243
usemtl __TB_empty
f  3342/3733/266  3340/3734/266  3341/3735/266

o entity34_brush4
usemtl __TB_empty
f  3343/3680/1  3344/3681/1  3345/3736/1  3346/3737/1
usemtl __TB_empty
f  3347/3738/2  3345/3739/2  3344/3686/2  3348/3740/2
usemtl __TB_empty
f  3348/3741/3  3344/3689/3  3343/3690/3  3349/3742/3
usemtl __TB_empty
f  3350/3742/4  3346/3690/4  3345/3689/4  3347/3741/4
usemtl __TB_empty
f  3349/3740/5  3343/3686/5  3346/3739/5  3350/3738/5
usemtl __TB_empty
f  3350/3737/6  3347/3736/6  3348/3681/6  3349/3680/6

o entity34_brush5
usemtl __TB_empty
f  3351/3680/1  3352/3681/1  3353/3682/1  3354/3683/1
usemtl __TB_empty
f  3355/3743/2  3353/3744/2  3352/3740/2  3356/3745/2
usemtl __TB_empty
f  3356/3746/3  3352/3741/3  3351/3742/3  3357/3747/3
usemtl __TB_empty
f  3358/3747/4  3354/3742/4  3353/3741/4  3355/3746/4
usemtl __TB_empty
f  3357/3745/5  3351/3740/5  3354/3744/5  3358/3743/5
usemtl __TB_empty
f  3358/3683/6  3355/3682/6  3356/3681/6  3357/3680/6

o entity34_brush6
usemtl __TB_empty
f  3359/3717/229  3360/3719/229  3361/3718/229
usemtl __TB_empty
f  3361/3714/236  3360/3716/236  3362/3715/236
usemtl __TB_empty
f  3363/3526/2  3362/3527/2  3360/3528/2  3364/3529/2
usemtl __TB_empty
f  3364/3530/267  3360/3531/267  3359/3532/267  3365/3533/267
usemtl __TB_empty
f  3365/3748/3  3359/3749/3  3361/3750/3  3366/3751/3
usemtl __TB_empty
f  3366/3538/238  3361/3539/238  3362/3540/238  3363/3541/238
usemtl __TB_empty
f  3363/3708/268  3364/3707/268  3365/3709/268
usemtl __TB_empty
f  3366/3704/234  3363/3706/234  3365/3705/234

o entity34_brush7
usemtl __TB_empty
f  3367/3735/229  3368/3734/229  3369/3733/229
usemtl __TB_empty
f  3369/3730/230  3368/3732/230  3370/3731/230
usemtl __TB_empty
f  3371/3502/231  3370/3503/231  3368/3504/231  3372/3505/231
usemtl __TB_empty
f  3372/3752/3  3368/3753/3  3367/3754/3  3373/3755/3
usemtl __TB_empty
f  3373/3510/269  3367/3511/269  3369/3512/269  3374/3513/269
usemtl __TB_empty
f  3374/3514/5  3369/3515/5  3370/3516/5  3371/3517/5
usemtl __TB_empty
f  3373/3724/270  3374/3723/270  3371/3725/270
usemtl __TB_empty
f  3372/3720/271  3373/3722/271  3371/3721/271

o entity34_brush8
usemtl __TB_empty
f  3375/3692/1  3376/3693/1  3377/3694/1  3378/3695/1
usemtl __TB_empty
f  3379/3756/2  3377/3757/2  3376/3758/2  3380/3759/2
usemtl __TB_empty
f  3380/3760/3  3376/3761/3  3375/3762/3  3381/3763/3
usemtl __TB_empty
f  3382/3763/4  3378/3762/4  3377/3761/4  3379/3760/4
usemtl __TB_empty
f  3381/3759/5  3375/3758/5  3378/3757/5  3382/3756/5
usemtl __TB_empty
f  3382/3695/6  3379/3694/6  3380/3693/6  3381/3692/6

o entity34_brush9
usemtl __TB_empty
f  3383/3764/1  3384/3765/1  3385/3766/1  3386/3767/1
usemtl __TB_empty
f  3387/3768/272  3385/3769/272  3384/3770/272  3388/3771/272
usemtl __TB_empty
f  3388/3772/3  3384/3773/3  3383/3774/3  3389/3775/3
usemtl __TB_empty
f  3390/3775/4  3386/3774/4  3385/3776/4  3387/3777/4
usemtl __TB_empty
f  3389/3743/5  3383/3684/5  3386/3778/5  3390/3779/5
usemtl __TB_empty
f  3390/3767/6  3387/3766/6  3388/3765/6  3389/3764/6

o entity34_brush10
usemtl __TB_empty
f  3391/3767/1  3392/3766/1  3393/3780/1  3394/3781/1
usemtl __TB_empty
f  3394/3781/251  3393/3780/251  3395/3782/251  3396/3783/251
usemtl __TB_empty
f  3396/3784/252  3395/3785/252  3397/3786/252  3398/3787/252
usemtl __TB_empty
f  3399/3788/2  3400/3789/2  3401/3790/2  3397/3791/2  3395/3792/2  3393/3793/2  3392/3778/2  3402/3779/2
usemtl __TB_empty
f  3402/3777/3  3392/3776/3  3391/3774/3  3403/3775/3
usemtl __TB_empty
f  3404/3794/4  3398/3795/4  3397/3796/4  3401/3797/4
usemtl __TB_empty
f  3403/3779/5  3391/3778/5  3394/3793/5  3396/3792/5  3398/3791/5  3404/3790/5  3405/3789/5  3406/3788/5
usemtl __TB_empty
f  3405/3798/253  3404/3799/253  3401/3800/253  3400/3801/253
usemtl __TB_empty
f  3406/3781/254  3405/3783/254  3400/3782/254  3399/3780/254
usemtl __TB_empty
f  3403/3767/6  3406/3781/6  3399/3780/6  3402/3766/6

o entity34_brush11
usemtl __TB_empty
f  3407/3802/1  3408/3803/1  3409/3804/1  3410/3805/1
usemtl __TB_empty
f  3411/3806/2  3409/3807/2  3408/3687/2  3412/3745/2
usemtl __TB_empty
f  3412/3808/3  3408/3809/3  3407/3810/3  3413/3811/3
usemtl __TB_empty
f  3414/3772/4  3410/3773/4  3409/3809/4  3411/3808/4
usemtl __TB_empty
f  3413/3812/273  3407/3813/273  3410/3814/273  3414/3815/273
usemtl __TB_empty
f  3414/3805/6  3411/3804/6  3412/3803/6  3413/3802/6

o entity34_brush12
usemtl __TB_empty
f  3415/3803/1  3416/3816/1  3417/3817/1  3418/3804/1
usemtl __TB_empty
f  3417/3818/292  3416/3819/292  3419/3820/292  3420/3821/292
usemtl __TB_empty
f  3420/3822/293  3419/3823/293  3421/3824/293  3422/3825/293
usemtl __TB_empty
f  3423/3826/2  3422/3827/2  3421/3828/2  3424/3829/2
usemtl __TB_empty
f  3424/3830/294  3421/3831/294  3419/3832/294  3425/3833/294
usemtl __TB_empty
f  3425/3834/295  3419/3835/295  3416/3836/295  3426/3837/295
usemtl __TB_empty
f  3426/3838/3  3416/3839/3  3415/3809/3  3427/3808/3
usemtl __TB_empty
f  3428/3840/4  3418/3841/4  3417/3836/4  3420/3835/4  3422/3842/4  3423/3843/4  3429/3834/4  3430/3837/4
usemtl __TB_empty
f  3427/3745/5  3415/3687/5  3418/3807/5  3428/3806/5
usemtl __TB_empty
f  3429/3844/296  3423/3845/296  3424/3846/296  3425/3847/296
usemtl __TB_empty
f  3430/3848/297  3429/3849/297  3425/3850/297  3426/3851/297
usemtl __TB_empty
f  3427/3803/6  3428/3804/6  3430/3817/6  3426/3816/6

o entity35_brush0
usemtl __TB_empty
f  3431/3852/298  3432/3853/298  3433/3854/298  3434/3855/298
usemtl __TB_empty
f  3435/3856/299  3433/3857/299  3432/3858/299  3436/3859/299
usemtl __TB_empty
f  3436/3860/3  3432/3861/3  3431/3862/3  3437/3863/3
usemtl __TB_empty
f  3438/3864/4  3434/3865/4  3433/3866/4  3435/3867/4
usemtl __TB_empty
f  3437/3859/300  3431/3858/300  3434/3857/300  3438/3856/300
usemtl __TB_empty
f  3438/3855/301  3435/3854/301  3436/3853/301  3437/3852/301

o entity35_brush1
usemtl __TB_empty
f  3439/3868/1  3440/3869/1  3441/3870/1
usemtl __TB_empty
f  3441/3871/302  3440/3854/302  3442/3872/302  3443/3873/302
usemtl __TB_empty
f  3444/3874/272  3442/3875/272  3440/3866/272  3445/3867/272
usemtl __TB_empty
f  3445/3867/3  3440/3866/3  3439/3876/3  3446/3877/3
usemtl __TB_empty
f  3447/3878/4  3443/3879/4  3442/3875/4  3444/3874/4
usemtl __TB_empty
f  3446/3856/5  3439/3857/5  3441/3880/5  3443/3881/5  3447/3882/5  3448/3883/5
usemtl __TB_empty
f  3448/3871/303  3447/3873/303  3444/3872/303  3445/3854/303
usemtl __TB_empty
f  3446/3868/6  3448/3870/6  3445/3869/6

o entity35_brush2
usemtl __TB_empty
f  3449/3884/1  3450/3885/1  3451/3886/1
usemtl __TB_empty
f  3451/3887/304  3450/3870/304  3452/3888/304
usemtl __TB_empty
f  3452/3889/305  3450/3885/305  3453/3890/305
usemtl __TB_empty
f  3454/3891/2  3455/3892/2  3453/3893/2  3450/3894/2  3449/3895/2  3456/3896/2
usemtl __TB_empty
f  3456/3877/3  3449/3876/3  3451/3865/3  3457/3864/3
usemtl __TB_empty
f  3458/3897/4  3452/3898/4  3453/3879/4  3455/3878/4
usemtl __TB_empty
f  3457/3856/5  3451/3857/5  3452/3899/5  3458/3900/5
usemtl __TB_empty
f  3458/3889/306  3455/3890/306  3454/3885/306
usemtl __TB_empty
f  3457/3887/307  3458/3888/307  3454/3870/307
usemtl __TB_empty
f  3454/3885/6  3456/3884/6  3457/3886/6

o entity35_brush3
usemtl __TB_empty
f  3459/3901/1  3460/3902/1  3461/3903/1  3462/3904/1
usemtl __TB_empty
f  3463/3905/308  3461/3906/308  3460/3907/308  3464/3908/308
usemtl __TB_empty
f  3464/3909/2  3460/3910/2  3459/3911/2  3465/3912/2
usemtl __TB_empty
f  3466/3912/5  3462/3911/5  3461/3910/5  3463/3909/5
usemtl __TB_empty
f  3465/3913/309  3459/3914/309  3462/3915/309  3466/3916/309
usemtl __TB_empty
f  3466/3917/6  3463/3918/6  3464/3919/6  3465/3920/6

o entity35_brush4
usemtl __TB_empty
f  3467/3904/251  3468/3901/251  3469/3921/251  3470/3922/251
usemtl __TB_empty
f  3471/3906/310  3470/3923/310  3469/3924/310  3472/3907/310
usemtl __TB_empty
f  3472/3910/2  3469/3925/2  3468/3926/2  3473/3911/2
usemtl __TB_empty
f  3473/3907/3  3468/3927/3  3467/3928/3  3474/3906/3
usemtl __TB_empty
f  3474/3911/5  3467/3926/5  3470/3925/5  3471/3910/5
usemtl __TB_empty
f  3473/3929/6  3474/3930/6  3471/3931/6  3472/3932/6

o entity35_brush5
usemtl __TB_empty
f  3475/3933/1  3476/3934/1  3477/3935/1  3478/3936/1
usemtl __TB_empty
f  3479/3937/311  3480/3938/311  3476/3939/311  3475/3940/311
usemtl __TB_empty
f  3481/3941/2  3477/3942/2  3476/3943/2  3480/3944/2  3482/3945/2  3483/3946/2
usemtl __TB_empty
f  3482/3947/3  3480/3948/3  3479/3949/3  3484/3950/3
usemtl __TB_empty
f  3485/3951/4  3478/3952/4  3477/3953/4  3481/3954/4
usemtl __TB_empty
f  3486/3946/5  3484/3945/5  3479/3944/5  3475/3943/5  3478/3942/5  3485/3941/5
usemtl __TB_empty
f  3483/3955/301  3482/3956/301  3484/3957/301  3486/3958/301
usemtl __TB_empty
f  3481/3959/6  3483/3960/6  3486/3961/6  3485/3962/6

o entity35_brush6
usemtl __TB_empty
f  3487/3963/1  3488/3964/1  3489/3965/1  3490/3966/1
usemtl __TB_empty
f  3491/3967/2  3489/3968/2  3488/3969/2  3492/3970/2
usemtl __TB_empty
f  3492/3971/3  3488/3972/3  3487/3973/3  3493/3974/3
usemtl __TB_empty
f  3494/3975/4  3490/3973/4  3489/3972/4  3491/3976/4
usemtl __TB_empty
f  3493/3970/5  3487/3969/5  3490/3968/5  3494/3967/5
usemtl __TB_empty
f  3494/3977/253  3491/3978/253  3492/3979/253  3493/3980/253

o entity35_brush7
usemtl __TB_empty
f  3495/3980/252  3496/3979/252  3497/3981/252  3498/3982/252
usemtl __TB_empty
f  3499/3983/2  3497/3984/2  3496/3970/2  3500/3985/2
usemtl __TB_empty
f  3500/3986/3  3496/3971/3  3495/3974/3  3501/3987/3
usemtl __TB_empty
f  3502/3987/4  3498/3988/4  3497/3989/4  3499/3986/4
usemtl __TB_empty
f  3501/3985/5  3495/3970/5  3498/3984/5  3502/3983/5
usemtl __TB_empty
f  3502/3966/6  3499/3965/6  3500/3964/6  3501/3963/6

o entity35_brush8
usemtl __TB_empty
f  3503/3980/252  3504/3979/252  3505/3981/252  3506/3982/252
usemtl __TB_empty
f  3507/3983/2  3505/3984/2  3504/3970/2  3508/3985/2
usemtl __TB_empty
f  3508/3986/3  3504/3971/3  3503/3974/3  3509/3987/3
usemtl __TB_empty
f  3510/3987/4  3506/3988/4  3505/3989/4  3507/3986/4
usemtl __TB_empty
f  3509/3985/5  3503/3970/5  3506/3984/5  3510/3983/5
usemtl __TB_empty
f  3510/3966/6  3507/3965/6  3508/3964/6  3509/3963/6

o entity35_brush9
usemtl __TB_empty
f  3511/3963/1  3512/3964/1  3513/3965/1  3514/3966/1
usemtl __TB_empty
f  3515/3967/2  3513/3968/2  3512/3969/2  3516/3970/2
usemtl __TB_empty
f  3516/3971/3  3512/3972/3  3511/3973/3  3517/3974/3
usemtl __TB_empty
f  3518/3975/4  3514/3973/4  3513/3972/4  3515/3976/4
usemtl __TB_empty
f  3517/3970/5  3511/3969/5  3514/3968/5  3518/3967/5
usemtl __TB_empty
f  3518/3977/253  3515/3978/253  3516/3979/253  3517/3980/253

o entity35_brush10
usemtl __TB_empty
f  3519/3990/1  3520/3991/1  3521/3992/1  3522/3993/1
usemtl __TB_empty
f  3523/3994/298  3524/3995/298  3520/3996/298  3519/3997/298
usemtl __TB_empty
f  3525/3998/2  3521/3999/2  3520/4000/2  3524/4001/2  3526/4002/2  3527/4003/2
usemtl __TB_empty
f  3526/4004/3  3524/4005/3  3523/4006/3  3528/4007/3
usemtl __TB_empty
f  3529/4008/4  3522/4009/4  3521/4010/4  3525/4011/4
usemtl __TB_empty
f  3530/4003/5  3528/4002/5  3523/4001/5  3519/4000/5  3522/3999/5  3529/3998/5
usemtl __TB_empty
f  3527/4012/312  3526/4013/312  3528/4014/312  3530/4015/312
usemtl __TB_empty
f  3525/4016/6  3527/4017/6  3530/4018/6  3529/4019/6

o entity35_brush11
usemtl __TB_empty
f  3531/4020/1  3532/4021/1  3533/4022/1  3534/4023/1
usemtl __TB_empty
f  3535/4024/2  3534/4025/2  3533/4026/2  3536/4027/2
usemtl __TB_empty
f  3536/4028/3  3533/4029/3  3532/4030/3  3537/4031/3
usemtl __TB_empty
f  3537/4027/5  3532/4026/5  3531/4025/5  3538/4024/5
usemtl __TB_empty
f  3538/4032/313  3531/4033/313  3534/4034/313  3535/4035/313
usemtl __TB_empty
f  3537/4036/254  3538/4037/254  3535/4038/254  3536/4039/254

o entity35_brush12
usemtl __TB_empty
f  3539/4040/1  3540/4041/1  3541/4042/1  3542/4043/1
usemtl __TB_empty
f  3543/4044/314  3541/4045/314  3540/4046/314  3544/4047/314
usemtl __TB_empty
f  3545/4025/2  3542/4048/2  3541/4049/2  3543/4026/2
usemtl __TB_empty
f  3544/4026/5  3540/4049/5  3539/4048/5  3546/4025/5
usemtl __TB_empty
f  3546/4030/315  3539/4050/315  3542/4051/315  3545/4029/315
usemtl __TB_empty
f  3545/4052/6  3543/4039/6  3544/4036/6  3546/4053/6

o entity36_brush0
usemtl __TB_empty
f  3547/4054/1  3548/4055/1  3549/4056/1  3550/4057/1
usemtl __TB_empty
f  3551/4058/2  3549/4059/2  3548/4060/2  3552/4061/2
usemtl __TB_empty
f  3552/4062/3  3548/4063/3  3547/4064/3  3553/4065/3
usemtl __TB_empty
f  3554/4065/4  3550/4064/4  3549/4063/4  3551/4062/4
usemtl __TB_empty
f  3553/4061/5  3547/4060/5  3550/4059/5  3554/4058/5
usemtl __TB_empty
f  3554/4057/6  3551/4056/6  3552/4055/6  3553/4054/6

o entity37_brush0
usemtl __TB_empty
f  3555/4066/1  3556/4067/1  3557/4068/1  3558/4069/1
usemtl __TB_empty
f  3559/4070/2  3557/4071/2  3556/4072/2  3560/4073/2
usemtl __TB_empty
f  3560/4074/3  3556/4075/3  3555/4076/3  3561/4077/3
usemtl __TB_empty
f  3562/4077/4  3558/4076/4  3557/4075/4  3559/4074/4
usemtl __TB_empty
f  3561/4073/5  3555/4072/5  3558/4071/5  3562/4070/5
usemtl __TB_empty
f  3562/4069/6  3559/4068/6  3560/4067/6  3561/4066/6

o entity37_brush1
usemtl __TB_empty
f  3563/4066/1  3564/4078/1  3565/4079/1  3566/4080/1
usemtl __TB_empty
f  3567/4081/2  3565/4082/2  3564/4072/2  3568/4073/2
usemtl __TB_empty
f  3568/4083/3  3564/4084/3  3563/4076/3  3569/4077/3
usemtl __TB_empty
f  3570/4077/4  3566/4076/4  3565/4084/4  3567/4083/4
usemtl __TB_empty
f  3569/4073/5  3563/4072/5  3566/4082/5  3570/4081/5
usemtl __TB_empty
f  3570/4080/6  3567/4079/6  3568/4078/6  3569/4066/6

o entity37_brush2
usemtl __TB_empty
f  3571/4085/1  3572/4078/1  3573/4079/1  3574/4086/1
usemtl __TB_empty
f  3575/4087/2  3573/4088/2  3572/4089/2  3576/4090/2
usemtl __TB_empty
f  3576/4091/3  3572/4092/3  3571/4093/3  3577/4094/3
usemtl __TB_empty
f  3578/4095/4  3574/4093/4  3573/4092/4  3575/4096/4
usemtl __TB_empty
f  3577/4090/5  3571/4089/5  3574/4088/5  3578/4087/5
usemtl __TB_empty
f  3578/4097/316  3575/4098/316  3576/4099/316  3577/4100/316

o entity37_brush3
usemtl __TB_empty
f  3579/4085/1  3580/4078/1  3581/4079/1  3582/4086/1
usemtl __TB_empty
f  3583/4081/2  3581/4082/2  3580/4072/2  3584/4073/2
usemtl __TB_empty
f  3584/4083/3  3580/4084/3  3579/4101/3  3585/4102/3
usemtl __TB_empty
f  3586/4102/4  3582/4101/4  3581/4084/4  3583/4083/4
usemtl __TB_empty
f  3585/4073/5  3579/4072/5  3582/4082/5  3586/4081/5
usemtl __TB_empty
f  3586/4086/6  3583/4079/6  3584/4078/6  3585/4085/6

o entity37_brush4
usemtl __TB_empty
f  3587/4103/317  3588/4100/317  3589/4104/317  3590/4105/317
usemtl __TB_empty
f  3591/4106/2  3589/4107/2  3588/4108/2  3592/4109/2
usemtl __TB_empty
f  3592/4110/3  3588/3761/3  3587/4111/3  3593/4112/3
usemtl __TB_empty
f  3594/4113/4  3590/4114/4  3589/4115/4  3591/4116/4
usemtl __TB_empty
f  3593/4109/5  3587/4108/5  3590/4107/5  3594/4106/5
usemtl __TB_empty
f  3594/4117/316  3591/4097/316  3592/4100/316  3593/4103/316

o entity37_brush5
usemtl __TB_empty
f  3595/4118/317  3596/4119/317  3597/4120/317  3598/4121/317
usemtl __TB_empty
f  3599/4122/2  3597/4087/2  3596/4072/2  3600/3910/2
usemtl __TB_empty
f  3600/4123/3  3596/4084/3  3595/4101/3  3601/4124/3
usemtl __TB_empty
f  3602/4124/4  3598/4095/4  3597/4096/4  3599/4123/4
usemtl __TB_empty
f  3601/3910/5  3595/4072/5  3598/4087/5  3602/4122/5
usemtl __TB_empty
f  3602/4086/6  3599/4079/6  3600/4078/6  3601/4085/6

o entity38_brush0
usemtl __TB_empty
f  3603/4068/1  3604/4067/1  3605/4125/1  3606/4126/1
usemtl __TB_empty
f  3606/4126/225  3605/4125/225  3607/4127/225  3608/1861/225
usemtl __TB_empty
f  3609/4066/318  3604/4067/318  3603/4068/318  3610/4069/318
usemtl __TB_empty
f  3611/4128/2  3608/4129/2  3607/4130/2  3612/4131/2
usemtl __TB_empty
f  3613/4132/3  3612/4133/3  3607/4134/3  3605/4135/3  3604/4136/3  3609/4137/3  3614/4138/3  3615/4139/3
usemtl __TB_empty
f  3616/4139/4  3617/4138/4  3610/4137/4  3603/4136/4  3606/4135/4  3608/4134/4  3611/4133/4  3618/4132/4
usemtl __TB_empty
f  3614/4131/5  3609/4130/5  3610/4129/5  3617/4128/5
usemtl __TB_empty
f  3618/4126/228  3611/1861/228  3612/4127/228  3613/4125/228
usemtl __TB_empty
f  3615/4067/319  3614/4066/319  3617/4069/319  3616/4068/319
usemtl __TB_empty
f  3618/4126/6  3613/4125/6  3615/4067/6  3616/4068/6

o entity38_brush1
usemtl __TB_empty
f  3619/4140/1  3620/4141/1  3621/4142/1  3622/4143/1  3623/4144/1  3624/4145/1  3625/4146/1
usemtl __TB_empty
f  3626/4147/2  3621/4148/2  3620/4149/2  3627/4150/2
usemtl __TB_empty
f  3628/4151/272  3622/4152/272  3621/4153/272  3626/4154/272
usemtl __TB_empty
f  3629/4155/320  3623/4156/320  3622/4152/320  3628/4151/320
usemtl __TB_empty
f  3627/4157/3  3620/4158/3  3619/4159/3  3630/4160/3
usemtl __TB_empty
f  3631/4161/321  3624/4162/321  3623/4163/321  3629/4164/321
usemtl __TB_empty
f  3632/4160/250  3625/4159/250  3624/4162/250  3631/4161/250
usemtl __TB_empty
f  3630/4150/5  3619/4149/5  3625/4148/5  3632/4147/5
usemtl __TB_empty
f  3628/4143/6  3626/4142/6  3627/4141/6  3630/4140/6  3632/4146/6  3631/4145/6  3629/4144/6

o entity38_brush2
usemtl __TB_empty
f  3633/4140/1  3634/4141/1  3635/4142/1  3636/4143/1  3637/4144/1  3638/4145/1  3639/4146/1
usemtl __TB_empty
f  3640/4147/2  3635/4148/2  3634/4149/2  3641/4150/2
usemtl __TB_empty
f  3642/4165/272  3636/4166/272  3635/4167/272  3640/4168/272
usemtl __TB_empty
f  3643/4169/320  3637/4170/320  3636/4166/320  3642/4165/320
usemtl __TB_empty
f  3641/4157/3  3634/4158/3  3633/4159/3  3644/4160/3
usemtl __TB_empty
f  3645/4171/321  3638/4172/321  3637/4173/321  3643/4174/321
usemtl __TB_empty
f  3646/4175/250  3639/4176/250  3638/4172/250  3645/4171/250
usemtl __TB_empty
f  3644/4150/5  3633/4149/5  3639/4148/5  3646/4147/5
usemtl __TB_empty
f  3642/4143/6  3640/4142/6  3641/4141/6  3644/4140/6  3646/4146/6  3645/4145/6  3643/4144/6

o entity38_brush3
usemtl __TB_empty
f  3647/4177/1  3648/4141/1  3649/4142/1  3650/4143/1  3651/4144/1  3652/4178/1
usemtl __TB_empty
f  3653/4147/2  3649/4148/2  3648/4149/2  3654/4150/2
usemtl __TB_empty
f  3655/4165/322  3650/4166/322  3649/4167/322  3653/4168/322
usemtl __TB_empty
f  3656/4169/323  3651/4170/323  3650/4166/323  3655/4165/323
usemtl __TB_empty
f  3654/4157/3  3648/4158/3  3647/4179/3  3657/4180/3
usemtl __TB_empty
f  3658/4181/4  3652/4182/4  3651/4183/4  3656/4184/4
usemtl __TB_empty
f  3657/4185/5  3647/4186/5  3652/4187/5  3658/4188/5
usemtl __TB_empty
f  3657/4177/6  3658/4178/6  3656/4144/6  3655/4143/6  3653/4142/6  3654/4141/6

o entity38_brush4
usemtl __TB_empty
f  3659/4177/1  3660/4141/1  3661/4142/1  3662/4143/1  3663/4144/1  3664/4178/1
usemtl __TB_empty
f  3665/4189/2  3661/4190/2  3660/4191/2  3666/4192/2
usemtl __TB_empty
f  3667/4193/322  3662/4194/322  3661/4195/322  3665/4196/322
usemtl __TB_empty
f  3668/4197/323  3663/4198/323  3662/4194/323  3667/4193/323
usemtl __TB_empty
f  3666/4199/3  3660/4200/3  3659/4201/3  3669/4202/3
usemtl __TB_empty
f  3670/4203/4  3664/4204/4  3663/4205/4  3668/4206/4
usemtl __TB_empty
f  3669/4207/5  3659/4208/5  3664/4209/5  3670/4210/5
usemtl __TB_empty
f  3669/4177/6  3670/4178/6  3668/4144/6  3667/4143/6  3665/4142/6  3666/4141/6

o entity38_brush5
usemtl __TB_empty
f  3671/4140/1  3672/4141/1  3673/4142/1  3674/4143/1  3675/4144/1  3676/4145/1  3677/4146/1
usemtl __TB_empty
f  3678/4189/2  3673/4190/2  3672/4191/2  3679/4192/2
usemtl __TB_empty
f  3680/4193/272  3674/4194/272  3673/4195/272  3678/4196/272
usemtl __TB_empty
f  3681/4197/320  3675/4198/320  3674/4194/320  3680/4193/320
usemtl __TB_empty
f  3679/4199/3  3672/4200/3  3671/4211/3  3682/4212/3
usemtl __TB_empty
f  3683/4213/321  3676/4214/321  3675/4215/321  3681/4216/321
usemtl __TB_empty
f  3684/4217/250  3677/4218/250  3676/4214/250  3683/4213/250
usemtl __TB_empty
f  3682/4192/5  3671/4191/5  3677/4190/5  3684/4189/5
usemtl __TB_empty
f  3680/4143/6  3678/4142/6  3679/4141/6  3682/4140/6  3684/4146/6  3683/4145/6  3681/4144/6

o entity38_brush6
usemtl __TB_empty
f  3685/4140/1  3686/4141/1  3687/4142/1  3688/4143/1  3689/4144/1  3690/4145/1  3691/4146/1
usemtl __TB_empty
f  3692/4189/2  3687/4190/2  3686/4191/2  3693/4192/2
usemtl __TB_empty
f  3694/4219/272  3688/4220/272  3687/4221/272  3692/4222/272
usemtl __TB_empty
f  3695/4223/320  3689/4224/320  3688/4220/320  3694/4219/320
usemtl __TB_empty
f  3693/4199/3  3686/4200/3  3685/4211/3  3696/4212/3
usemtl __TB_empty
f  3697/4225/321  3690/4226/321  3689/4227/321  3695/4228/321
usemtl __TB_empty
f  3698/4212/250  3691/4211/250  3690/4226/250  3697/4225/250
usemtl __TB_empty
f  3696/4192/5  3685/4191/5  3691/4190/5  3698/4189/5
usemtl __TB_empty
f  3694/4143/6  3692/4142/6  3693/4141/6  3696/4140/6  3698/4146/6  3697/4145/6  3695/4144/6

o entity38_brush7
usemtl __TB_empty
f  3699/4229/324  3700/4230/324  3701/4231/324  3702/4232/324
usemtl __TB_empty
f  3703/4233/2  3701/4234/2  3700/4235/2  3704/4236/2
usemtl __TB_empty
f  3704/4237/3  3700/4238/3  3699/4239/3  3705/4240/3  3706/4241/3
usemtl __TB_empty
f  3707/4241/4  3708/4240/4  3702/4242/4  3701/4243/4  3703/4237/4
usemtl __TB_empty
f  3705/4244/5  3699/4235/5  3702/4234/5  3708/4245/5
usemtl __TB_empty
f  3706/4246/325  3705/4247/325  3708/4248/325  3707/4249/325
usemtl __TB_empty
f  3706/4250/326  3707/4251/326  3703/4252/326  3704/4253/326

o entity38_brush8
usemtl __TB_empty
f  3709/4251/327  3710/4250/327  3711/4253/327  3712/4252/327
usemtl __TB_empty
f  3713/4254/328  3710/4255/328  3709/4256/328  3714/4257/328
usemtl __TB_empty
f  3715/4258/2  3712/4259/2  3711/4260/2  3716/4261/2
usemtl __TB_empty
f  3716/4262/3  3711/4263/3  3710/4264/3  3713/4265/3  3717/4266/3
usemtl __TB_empty
f  3718/4267/4  3714/4265/4  3709/4264/4  3712/4263/4  3715/4268/4
usemtl __TB_empty
f  3717/4261/5  3713/4269/5  3714/4270/5  3718/4258/5
usemtl __TB_empty
f  3717/4229/329  3718/4232/329  3715/4231/329  3716/4230/329

o entity38_brush9
usemtl __TB_empty
f  3719/4271/327  3720/4250/327  3721/4253/327  3722/4272/327
usemtl __TB_empty
f  3723/4273/330  3720/4274/330  3719/4275/330  3724/4276/330
usemtl __TB_empty
f  3725/4277/2  3722/4278/2  3721/4279/2  3726/4236/2
usemtl __TB_empty
f  3726/4237/3  3721/4280/3  3720/4281/3  3723/4282/3  3727/4240/3  3728/4241/3
usemtl __TB_empty
f  3729/4241/4  3730/4240/4  3724/4282/4  3719/4281/4  3722/4280/4  3725/4237/4
usemtl __TB_empty
f  3727/4244/5  3723/4273/5  3724/4276/5  3730/4283/5
usemtl __TB_empty
f  3728/4284/331  3727/4285/331  3730/4286/331  3729/4287/331
usemtl __TB_empty
f  3729/4271/326  3725/4272/326  3726/4253/326  3728/4250/326

o entity39_brush0
usemtl officeTextures/color_08
f  3731/4288/1  3732/4289/1  3733/4290/1  3734/4291/1
usemtl officeTextures/color_08
f  3735/4292/2  3733/4293/2  3732/4294/2  3736/4295/2
usemtl officeTextures/color_08
f  3736/4296/3  3732/4297/3  3731/4298/3  3737/4299/3
usemtl officeTextures/color_08
f  3738/4300/4  3734/4301/4  3733/4302/4  3735/4303/4
usemtl officeTextures/color_08
f  3737/4295/5  3731/4294/5  3734/4293/5  3738/4292/5
usemtl officeTextures/color_08
f  3738/4291/6  3735/4290/6  3736/4289/6  3737/4288/6

o entity39_brush1
usemtl officeTextures/color_08
f  3739/4304/1  3740/4305/1  3741/4306/1  3742/4307/1
usemtl officeTextures/color_08
f  3743/4308/2  3741/4309/2  3740/4310/2  3744/4311/2
usemtl officeTextures/color_08
f  3744/4312/3  3740/4313/3  3739/4314/3  3745/4315/3
usemtl officeTextures/color_08
f  3746/4299/4  3742/4298/4  3741/4297/4  3743/4296/4
usemtl officeTextures/color_08
f  3745/4311/5  3739/4310/5  3742/4309/5  3746/4308/5
usemtl officeTextures/color_08
f  3746/4307/6  3743/4306/6  3744/4305/6  3745/4304/6

o entity39_brush2
usemtl officeTextures/color_08
f  3747/4316/1  3748/4317/1  3749/4318/1  3750/4319/1
usemtl officeTextures/color_08
f  3751/4320/2  3749/4321/2  3748/4322/2  3752/4323/2
usemtl officeTextures/color_08
f  3752/4324/3  3748/4325/3  3747/4326/3  3753/4327/3
usemtl officeTextures/color_08
f  3754/4327/4  3750/4326/4  3749/4325/4  3751/4324/4
usemtl officeTextures/color_08
f  3753/4323/5  3747/4322/5  3750/4321/5  3754/4320/5
usemtl officeTextures/color_08
f  3754/4319/6  3751/4318/6  3752/4317/6  3753/4316/6

o entity39_brush3
usemtl officeTextures/color_08
f  3755/4316/1  3756/4317/1  3757/4318/1  3758/4319/1
usemtl officeTextures/color_08
f  3759/4328/2  3757/4329/2  3756/4330/2  3760/4331/2
usemtl officeTextures/color_08
f  3760/4303/3  3756/4332/3  3755/4333/3  3761/4300/3
usemtl officeTextures/color_08
f  3762/4300/4  3758/4333/4  3757/4332/4  3759/4303/4
usemtl officeTextures/color_08
f  3761/4331/5  3755/4330/5  3758/4329/5  3762/4328/5
usemtl officeTextures/color_08
f  3762/4319/6  3759/4318/6  3760/4317/6  3761/4316/6

o entity39_brush4
usemtl officeTextures/color_08
f  3763/4316/1  3764/4317/1  3765/4318/1  3766/4319/1
usemtl officeTextures/color_08
f  3767/4334/2  3765/4335/2  3764/4336/2  3768/4337/2
usemtl officeTextures/color_08
f  3768/4338/3  3764/4302/3  3763/4301/3  3769/4339/3
usemtl officeTextures/color_08
f  3770/4339/4  3766/4301/4  3765/4302/4  3767/4338/4
usemtl officeTextures/color_08
f  3769/4337/5  3763/4336/5  3766/4335/5  3770/4334/5
usemtl officeTextures/color_08
f  3770/4319/6  3767/4318/6  3768/4317/6  3769/4316/6

o entity40_brush0
usemtl officeTextures/color_08
f  3771/4340/1  3772/4341/1  3773/4342/1  3774/4343/1
usemtl officeTextures/color_08
f  3775/4344/2  3773/4345/2  3772/4346/2  3776/808/2
usemtl officeTextures/color_08
f  3776/4347/3  3772/4348/3  3771/4349/3  3777/4350/3
usemtl officeTextures/color_08
f  3778/4350/4  3774/4349/4  3773/4348/4  3775/4347/4
usemtl officeTextures/color_08
f  3777/808/5  3771/4346/5  3774/4345/5  3778/4344/5
usemtl officeTextures/color_08
f  3778/4343/6  3775/4342/6  3776/4341/6  3777/4340/6

o entity40_brush1
usemtl officeTextures/color_08
f  3779/4351/1  3780/4352/1  3781/4353/1  3782/4354/1
usemtl officeTextures/color_08
f  3783/4344/2  3781/4345/2  3780/4346/2  3784/808/2
usemtl officeTextures/color_08
f  3784/4355/3  3780/4356/3  3779/4357/3  3785/4358/3
usemtl officeTextures/color_08
f  3786/4358/4  3782/4357/4  3781/4356/4  3783/4355/4
usemtl officeTextures/color_08
f  3785/808/5  3779/4346/5  3782/4345/5  3786/4344/5
usemtl officeTextures/color_08
f  3786/4354/6  3783/4353/6  3784/4352/6  3785/4351/6

o entity40_brush2
usemtl officeTextures/color_08
f  3787/4359/1  3788/4360/1  3789/4361/1  3790/4362/1
usemtl officeTextures/color_08
f  3791/4363/2  3789/4364/2  3788/4365/2  3792/4366/2
usemtl officeTextures/color_08
f  3792/4367/3  3788/4368/3  3787/4357/3  3793/4358/3
usemtl officeTextures/color_08
f  3794/4358/4  3790/4357/4  3789/4368/4  3791/4367/4
usemtl officeTextures/color_08
f  3793/4366/5  3787/4365/5  3790/4364/5  3794/4363/5
usemtl officeTextures/color_08
f  3794/4362/6  3791/4361/6  3792/4360/6  3793/4359/6

o entity40_brush3
usemtl officeTextures/color_08
f  3795/4369/1  3796/4370/1  3797/4371/1  3798/4372/1
usemtl officeTextures/color_08
f  3799/4373/2  3797/4374/2  3796/4375/2  3800/4376/2
usemtl officeTextures/color_08
f  3800/4377/3  3796/4378/3  3795/4379/3  3801/4380/3
usemtl officeTextures/color_08
f  3802/4358/4  3798/4357/4  3797/4368/4  3799/4367/4
usemtl officeTextures/color_08
f  3801/4376/5  3795/4375/5  3798/4374/5  3802/4373/5
usemtl officeTextures/color_08
f  3802/4372/6  3799/4371/6  3800/4370/6  3801/4369/6

o entity40_brush4
usemtl officeTextures/color_08
f  3803/4381/1  3804/4382/1  3805/4383/1  3806/4384/1
usemtl officeTextures/color_08
f  3807/4344/2  3805/4345/2  3804/4346/2  3808/808/2
usemtl officeTextures/color_08
f  3808/4367/3  3804/4368/3  3803/4385/3  3809/4386/3
usemtl officeTextures/color_08
f  3810/4386/4  3806/4385/4  3805/4368/4  3807/4367/4
usemtl officeTextures/color_08
f  3809/808/5  3803/4346/5  3806/4345/5  3810/4344/5
usemtl officeTextures/color_08
f  3810/4384/6  3807/4383/6  3808/4382/6  3809/4381/6

o entity41_brush0
usemtl officeTextures/color_08
f  3811/4387/1  3812/4388/1  3813/4389/1  3814/4390/1
usemtl officeTextures/color_08
f  3815/4391/2  3813/4392/2  3812/4393/2  3816/4394/2
usemtl officeTextures/color_08
f  3816/4395/3  3812/4396/3  3811/4397/3  3817/4398/3
usemtl officeTextures/color_08
f  3818/4398/4  3814/4397/4  3813/4396/4  3815/4395/4
usemtl officeTextures/color_08
f  3817/4394/5  3811/4393/5  3814/4392/5  3818/4391/5
usemtl officeTextures/color_08
f  3818/4390/6  3815/4389/6  3816/4388/6  3817/4387/6

o entity41_brush1
usemtl officeTextures/color_08
f  3819/4399/1  3820/4400/1  3821/4401/1  3822/4402/1
usemtl officeTextures/color_08
f  3823/4403/2  3821/4404/2  3820/4405/2  3824/4406/2
usemtl officeTextures/color_08
f  3824/4407/3  3820/4408/3  3819/4409/3  3825/4410/3
usemtl officeTextures/color_08
f  3826/4410/4  3822/4409/4  3821/4408/4  3823/4407/4
usemtl officeTextures/color_08
f  3825/4406/5  3819/4405/5  3822/4404/5  3826/4403/5
usemtl officeTextures/color_08
f  3826/4402/6  3823/4401/6  3824/4400/6  3825/4399/6

o entity41_brush2
usemtl officeTextures/color_08
f  3827/4411/229  3828/4412/229  3829/4413/229
usemtl officeTextures/color_08
f  3829/4414/230  3828/4415/230  3830/4416/230
usemtl officeTextures/color_08
f  3831/4417/231  3830/4418/231  3828/4419/231  3832/4420/231
usemtl officeTextures/color_08
f  3832/4421/3  3828/4422/3  3827/4423/3  3833/4424/3
usemtl officeTextures/color_08
f  3833/4425/332  3827/4426/332  3829/4427/332  3834/4428/332
usemtl officeTextures/color_08
f  3834/4429/5  3829/4430/5  3830/4431/5  3831/4432/5
usemtl officeTextures/color_08
f  3833/4433/333  3834/4413/333  3831/4434/333
usemtl officeTextures/color_08
f  3832/4435/234  3833/4436/234  3831/4434/234

o entity41_brush3
usemtl officeTextures/color_08
f  3835/4437/235  3836/4438/235  3837/4439/235
usemtl officeTextures/color_08
f  3837/4440/236  3836/4438/236  3838/4441/236
usemtl officeTextures/color_08
f  3839/4442/2  3838/4443/2  3836/4444/2  3840/4445/2
usemtl officeTextures/color_08
f  3840/4446/237  3836/4447/237  3835/4448/237  3841/4449/237
usemtl officeTextures/color_08
f  3841/4450/3  3835/4451/3  3837/4452/3  3842/4453/3
usemtl officeTextures/color_08
f  3842/4454/238  3837/4455/238  3838/4456/238  3839/4457/238
usemtl officeTextures/color_08
f  3839/4441/239  3840/4438/239  3841/4458/239
usemtl officeTextures/color_08
f  3842/4459/234  3839/4441/234  3841/4460/234

o entity41_brush4
usemtl officeTextures/color_08
f  3843/4387/1  3844/4388/1  3845/4461/1  3846/4462/1
usemtl officeTextures/color_08
f  3847/4463/2  3845/4464/2  3844/4465/2  3848/4394/2
usemtl officeTextures/color_08
f  3848/4395/3  3844/4466/3  3843/4467/3  3849/4398/3
usemtl officeTextures/color_08
f  3850/4398/4  3846/4467/4  3845/4466/4  3847/4395/4
usemtl officeTextures/color_08
f  3849/4394/5  3843/4465/5  3846/4464/5  3850/4463/5
usemtl officeTextures/color_08
f  3850/4462/6  3847/4461/6  3848/4388/6  3849/4387/6

o entity41_brush5
usemtl officeTextures/color_08
f  3851/4387/1  3852/4388/1  3853/4389/1  3854/4390/1
usemtl officeTextures/color_08
f  3855/4468/2  3853/4469/2  3852/4470/2  3856/4465/2
usemtl officeTextures/color_08
f  3856/4466/3  3852/4471/3  3851/4472/3  3857/4467/3
usemtl officeTextures/color_08
f  3858/4467/4  3854/4472/4  3853/4471/4  3855/4466/4
usemtl officeTextures/color_08
f  3857/4465/5  3851/4470/5  3854/4469/5  3858/4468/5
usemtl officeTextures/color_08
f  3858/4390/6  3855/4389/6  3856/4388/6  3857/4387/6

o entity41_brush6
usemtl officeTextures/color_08
f  3859/4435/240  3860/4434/240  3861/4436/240
usemtl officeTextures/color_08
f  3862/4413/334  3861/4433/334  3860/4434/334
usemtl officeTextures/color_08
f  3863/4473/231  3860/4474/231  3859/4475/231  3864/4476/231
usemtl officeTextures/color_08
f  3864/4477/3  3859/4478/3  3861/4479/3  3865/4480/3
usemtl officeTextures/color_08
f  3865/4481/335  3861/4482/335  3862/4483/335  3866/4484/335
usemtl officeTextures/color_08
f  3866/4485/5  3862/4486/5  3860/4487/5  3863/4488/5
usemtl officeTextures/color_08
f  3866/4414/243  3863/4416/243  3864/4415/243
usemtl officeTextures/color_08
f  3866/4413/249  3864/4412/249  3865/4411/249

o entity41_brush7
usemtl officeTextures/color_08
f  3867/4459/245  3868/4460/245  3869/4441/245
usemtl officeTextures/color_08
f  3870/4438/246  3869/4441/246  3868/4458/246
usemtl officeTextures/color_08
f  3871/998/2  3869/4489/2  3870/4490/2  3872/4491/2
usemtl officeTextures/color_08
f  3872/4492/247  3870/4493/247  3868/4494/247  3873/4495/247
usemtl officeTextures/color_08
f  3873/4496/3  3868/4497/3  3867/4498/3  3874/4499/3
usemtl officeTextures/color_08
f  3874/4500/238  3867/4501/238  3869/4502/238  3871/4503/238
usemtl officeTextures/color_08
f  3874/4440/248  3871/4441/248  3872/4438/248
usemtl officeTextures/color_08
f  3873/4437/249  3874/4439/249  3872/4438/249

o entity41_brush8
usemtl officeTextures/color_08
f  3875/4399/1  3876/4400/1  3877/4401/1  3878/4402/1
usemtl officeTextures/color_08
f  3879/4504/2  3877/4505/2  3876/4506/2  3880/4507/2
usemtl officeTextures/color_08
f  3880/4508/3  3876/4509/3  3875/4510/3  3881/4511/3
usemtl officeTextures/color_08
f  3882/4511/4  3878/4510/4  3877/4509/4  3879/4508/4
usemtl officeTextures/color_08
f  3881/4507/5  3875/4506/5  3878/4505/5  3882/4504/5
usemtl officeTextures/color_08
f  3882/4402/6  3879/4401/6  3880/4400/6  3881/4399/6

o entity41_brush9
usemtl officeTextures/color_08
f  3883/4512/1  3884/4513/1  3885/4514/1  3886/4515/1
usemtl officeTextures/color_08
f  3887/4516/2  3885/4517/2  3884/4469/2  3888/4392/2
usemtl officeTextures/color_08
f  3888/4518/3  3884/4519/3  3883/4520/3  3889/4521/3
usemtl officeTextures/color_08
f  3890/4408/4  3886/4509/4  3885/4519/4  3887/4518/4
usemtl officeTextures/color_08
f  3889/4522/250  3883/4523/250  3886/4524/250  3890/4525/250
usemtl officeTextures/color_08
f  3890/4515/6  3887/4514/6  3888/4513/6  3889/4512/6

o entity41_brush10
usemtl officeTextures/color_08
f  3891/4515/1  3892/4514/1  3893/4526/1  3894/4527/1
usemtl officeTextures/color_08
f  3894/4527/251  3893/4526/251  3895/4528/251  3896/4529/251
usemtl officeTextures/color_08
f  3896/4530/252  3895/4531/252  3897/4532/252  3898/4533/252
usemtl officeTextures/color_08
f  3899/4534/2  3900/4535/2  3901/4536/2  3897/4537/2  3895/4538/2  3893/4539/2  3892/4517/2  3902/4516/2
usemtl officeTextures/color_08
f  3902/4518/3  3892/4519/3  3891/4509/3  3903/4408/3
usemtl officeTextures/color_08
f  3904/4540/4  3898/4508/4  3897/4541/4  3901/4542/4
usemtl officeTextures/color_08
f  3903/4516/5  3891/4517/5  3894/4539/5  3896/4538/5  3898/4537/5  3904/4536/5  3905/4535/5  3906/4534/5
usemtl officeTextures/color_08
f  3905/4543/253  3904/4544/253  3901/4545/253  3900/4546/253
usemtl officeTextures/color_08
f  3906/4527/254  3905/4529/254  3900/4528/254  3899/4526/254
usemtl officeTextures/color_08
f  3903/4515/6  3906/4527/6  3899/4526/6  3902/4514/6

o entity41_brush11
usemtl officeTextures/color_08
f  3907/4547/1  3908/4548/1  3909/4549/1  3910/4550/1
usemtl officeTextures/color_08
f  3911/4551/255  3909/4552/255  3908/4553/255  3912/4554/255
usemtl officeTextures/color_08
f  3912/4555/3  3908/4556/3  3907/4557/3  3913/4558/3
usemtl officeTextures/color_08
f  3914/4558/4  3910/4557/4  3909/4520/4  3911/4521/4
usemtl officeTextures/color_08
f  3913/4393/5  3907/4470/5  3910/4559/5  3914/4560/5
usemtl officeTextures/color_08
f  3914/4550/6  3911/4549/6  3912/4548/6  3913/4547/6

o entity41_brush12
usemtl officeTextures/color_08
f  3915/4561/1  3916/4562/1  3917/4547/1  3918/4550/1
usemtl officeTextures/color_08
f  3916/4563/288  3915/4564/288  3919/4565/288  3920/4566/288
usemtl officeTextures/color_08
f  3921/4567/289  3920/4568/289  3919/4569/289  3922/4570/289
usemtl officeTextures/color_08
f  3923/4560/2  3918/4559/2  3917/4470/2  3924/4393/2
usemtl officeTextures/color_08
f  3924/4558/3  3917/4557/3  3916/4571/3  3925/4572/3
usemtl officeTextures/color_08
f  3926/4572/4  3927/4573/4  3928/4574/4  3922/4575/4  3919/4576/4  3915/4571/4  3918/4557/4  3923/4558/4
usemtl officeTextures/color_08
f  3925/4572/258  3916/4571/258  3920/4576/258  3929/4573/258
usemtl officeTextures/color_08
f  3929/4577/290  3920/4578/290  3921/4579/290  3930/4580/290
usemtl officeTextures/color_08
f  3930/4581/5  3921/4582/5  3922/4583/5  3928/4584/5
usemtl officeTextures/color_08
f  3929/4585/260  3930/4586/260  3928/4587/260  3927/4588/260
usemtl officeTextures/color_08
f  3925/4589/291  3929/4590/291  3927/4591/291  3926/4592/291
usemtl officeTextures/color_08
f  3926/4561/6  3923/4550/6  3924/4547/6  3925/4562/6

o entity42_brush0
usemtl officeTextures/color_08
f  3931/4593/1  3932/4594/1  3933/4595/1  3934/4596/1
usemtl officeTextures/color_08
f  3935/4597/2  3933/4598/2  3932/4599/2  3936/4600/2
usemtl officeTextures/color_08
f  3936/4601/3  3932/4602/3  3931/4603/3  3937/4604/3
usemtl officeTextures/color_08
f  3938/4604/4  3934/4603/4  3933/4602/4  3935/4601/4
usemtl officeTextures/color_08
f  3937/4600/5  3931/4599/5  3934/4598/5  3938/4597/5
usemtl officeTextures/color_08
f  3938/4596/6  3935/4595/6  3936/4594/6  3937/4593/6

o entity43_brush0
usemtl officeTextures/color_08
f  3939/4605/1  3940/4606/1  3941/4607/1  3942/4608/1
usemtl officeTextures/color_08
f  3942/4608/225  3941/4607/225  3943/4609/225  3944/4610/225
usemtl officeTextures/color_08
f  3945/4611/318  3940/4606/318  3939/4605/318  3946/4612/318
usemtl officeTextures/color_08
f  3947/4613/2  3944/4614/2  3943/4615/2  3948/4616/2
usemtl officeTextures/color_08
f  3949/4617/3  3948/4618/3  3943/4619/3  3941/4620/3  3940/4621/3  3945/4622/3  3950/4623/3  3951/4624/3
usemtl officeTextures/color_08
f  3952/4624/4  3953/4623/4  3946/4622/4  3939/4621/4  3942/4620/4  3944/4619/4  3947/4618/4  3954/4617/4
usemtl officeTextures/color_08
f  3950/4616/5  3945/4615/5  3946/4614/5  3953/4613/5
usemtl officeTextures/color_08
f  3954/4608/228  3947/4610/228  3948/4609/228  3949/4607/228
usemtl officeTextures/color_08
f  3951/4606/319  3950/4611/319  3953/4612/319  3952/4605/319
usemtl officeTextures/color_08
f  3954/4608/6  3949/4607/6  3951/4606/6  3952/4605/6

o entity43_brush1
usemtl officeTextures/color_08
f  3955/4625/1  3956/4626/1  3957/4627/1  3958/4628/1  3959/4629/1  3960/4630/1  3961/4631/1
usemtl officeTextures/color_08
f  3962/4632/2  3957/4633/2  3956/4634/2  3963/4635/2
usemtl officeTextures/color_08
f  3964/4636/272  3958/4637/272  3957/4638/272  3962/4639/272
usemtl officeTextures/color_08
f  3965/4640/320  3959/4641/320  3958/4637/320  3964/4636/320
usemtl officeTextures/color_08
f  3963/4642/3  3956/4643/3  3955/4644/3  3966/4645/3
usemtl officeTextures/color_08
f  3967/4646/321  3960/4647/321  3959/4648/321  3965/4649/321
usemtl officeTextures/color_08
f  3968/4645/250  3961/4644/250  3960/4647/250  3967/4646/250
usemtl officeTextures/color_08
f  3966/4635/5  3955/4634/5  3961/4633/5  3968/4632/5
usemtl officeTextures/color_08
f  3964/4628/6  3962/4627/6  3963/4626/6  3966/4625/6  3968/4631/6  3967/4630/6  3965/4629/6

o entity43_brush2
usemtl officeTextures/color_08
f  3969/4625/1  3970/4626/1  3971/4627/1  3972/4628/1  3973/4629/1  3974/4630/1  3975/4631/1
usemtl officeTextures/color_08
f  3976/4632/2  3971/4633/2  3970/4634/2  3977/4635/2
usemtl officeTextures/color_08
f  3978/4636/272  3972/4637/272  3971/4638/272  3976/4639/272
usemtl officeTextures/color_08
f  3979/4640/320  3973/4641/320  3972/4637/320  3978/4636/320
usemtl officeTextures/color_08
f  3977/4642/3  3970/4643/3  3969/4644/3  3980/4645/3
usemtl officeTextures/color_08
f  3981/4650/321  3974/4651/321  3973/4652/321  3979/4653/321
usemtl officeTextures/color_08
f  3982/4654/250  3975/4655/250  3974/4651/250  3981/4650/250
usemtl officeTextures/color_08
f  3980/4635/5  3969/4634/5  3975/4633/5  3982/4632/5
usemtl officeTextures/color_08
f  3978/4628/6  3976/4627/6  3977/4626/6  3980/4625/6  3982/4631/6  3981/4630/6  3979/4629/6

o entity43_brush3
usemtl officeTextures/color_08
f  3983/4656/1  3984/4657/1  3985/4658/1  3986/4659/1  3987/4660/1  3988/4661/1
usemtl officeTextures/color_08
f  3989/4632/2  3985/4633/2  3984/4634/2  3990/4635/2
usemtl officeTextures/color_08
f  3991/4662/322  3986/4663/322  3985/4664/322  3989/4665/322
usemtl officeTextures/color_08
f  3992/4666/323  3987/4667/323  3986/4663/323  3991/4662/323
usemtl officeTextures/color_08
f  3990/4668/3  3984/4669/3  3983/4670/3  3993/4671/3
usemtl officeTextures/color_08
f  3994/4672/4  3988/4673/4  3987/4674/4  3992/4675/4
usemtl officeTextures/color_08
f  3993/4676/5  3983/993/5  3988/4677/5  3994/4678/5
usemtl officeTextures/color_08
f  3993/4656/6  3994/4661/6  3992/4660/6  3991/4659/6  3989/4658/6  3990/4657/6

o entity43_brush4
usemtl officeTextures/color_08
f  3995/4656/1  3996/4657/1  3997/4658/1  3998/4659/1  3999/4660/1  4000/4661/1
usemtl officeTextures/color_08
f  4001/4679/2  3997/4680/2  3996/4681/2  4002/4682/2
usemtl officeTextures/color_08
f  4003/4683/322  3998/4684/322  3997/4685/322  4001/4686/322
usemtl officeTextures/color_08
f  4004/4687/323  3999/4688/323  3998/4684/323  4003/4683/323
usemtl officeTextures/color_08
f  4002/4689/3  3996/4690/3  3995/4691/3  4005/4692/3
usemtl officeTextures/color_08
f  4006/4693/4  4000/4694/4  3999/4695/4  4004/4696/4
usemtl officeTextures/color_08
f  4005/4697/5  3995/4698/5  4000/4699/5  4006/4700/5
usemtl officeTextures/color_08
f  4005/4656/6  4006/4661/6  4004/4660/6  4003/4659/6  4001/4658/6  4002/4657/6

o entity43_brush5
usemtl officeTextures/color_08
f  4007/4625/1  4008/4626/1  4009/4627/1  4010/4628/1  4011/4629/1  4012/4630/1  4013/4631/1
usemtl officeTextures/color_08
f  4014/4679/2  4009/4680/2  4008/4681/2  4015/4682/2
usemtl officeTextures/color_08
f  4016/4701/272  4010/4702/272  4009/4703/272  4014/4704/272
usemtl officeTextures/color_08
f  4017/4705/320  4011/4706/320  4010/4702/320  4016/4701/320
usemtl officeTextures/color_08
f  4015/4707/3  4008/4708/3  4007/4709/3  4018/4710/3
usemtl officeTextures/color_08
f  4019/4711/321  4012/4712/321  4011/4713/321  4017/4714/321
usemtl officeTextures/color_08
f  4020/4715/250  4013/4716/250  4012/4712/250  4019/4711/250
usemtl officeTextures/color_08
f  4018/4682/5  4007/4681/5  4013/4680/5  4020/4679/5
usemtl officeTextures/color_08
f  4016/4628/6  4014/4627/6  4015/4626/6  4018/4625/6  4020/4631/6  4019/4630/6  4017/4629/6

o entity43_brush6
usemtl officeTextures/color_08
f  4021/4625/1  4022/4626/1  4023/4627/1  4024/4628/1  4025/4629/1  4026/4630/1  4027/4631/1
usemtl officeTextures/color_08
f  4028/4679/2  4023/4680/2  4022/4681/2  4029/4682/2
usemtl officeTextures/color_08
f  4030/4701/272  4024/4702/272  4023/4703/272  4028/4704/272
usemtl officeTextures/color_08
f  4031/4705/320  4025/4706/320  4024/4702/320  4030/4701/320
usemtl officeTextures/color_08
f  4029/4707/3  4022/4708/3  4021/4709/3  4032/4710/3
usemtl officeTextures/color_08
f  4033/4717/321  4026/4718/321  4025/4719/321  4031/4720/321
usemtl officeTextures/color_08
f  4034/4710/250  4027/4709/250  4026/4718/250  4033/4717/250
usemtl officeTextures/color_08
f  4032/4682/5  4021/4681/5  4027/4680/5  4034/4679/5
usemtl officeTextures/color_08
f  4030/4628/6  4028/4627/6  4029/4626/6  4032/4625/6  4034/4631/6  4033/4630/6  4031/4629/6

o entity43_brush7
usemtl officeTextures/color_08
f  4035/4721/324  4036/4722/324  4037/4723/324  4038/4724/324
usemtl officeTextures/color_08
f  4039/4725/2  4037/4726/2  4036/4727/2  4040/4728/2
usemtl officeTextures/color_08
f  4040/4729/3  4036/4730/3  4035/4731/3  4041/4732/3  4042/4733/3
usemtl officeTextures/color_08
f  4043/4734/4  4044/4735/4  4038/4736/4  4037/4737/4  4039/4738/4
usemtl officeTextures/color_08
f  4041/4739/5  4035/4727/5  4038/4726/5  4044/4740/5
usemtl officeTextures/color_08
f  4042/4741/325  4041/4742/325  4044/4743/325  4043/4744/325
usemtl officeTextures/color_08
f  4042/4745/326  4043/4746/326  4039/4747/326  4040/4748/326

o entity43_brush8
usemtl officeTextures/color_08
f  4045/4746/327  4046/4745/327  4047/4748/327  4048/4747/327
usemtl officeTextures/color_08
f  4049/4749/328  4046/4750/328  4045/4751/328  4050/4752/328
usemtl officeTextures/color_08
f  4051/4753/2  4048/4754/2  4047/4755/2  4052/4756/2
usemtl officeTextures/color_08
f  4052/4757/3  4047/4758/3  4046/4759/3  4049/4760/3  4053/4761/3
usemtl officeTextures/color_08
f  4054/4762/4  4050/4763/4  4045/4764/4  4048/4765/4  4051/4766/4
usemtl officeTextures/color_08
f  4053/4756/5  4049/4767/5  4050/4768/5  4054/4753/5
usemtl officeTextures/color_08
f  4053/4721/329  4054/4724/329  4051/4723/329  4052/4722/329

o entity43_brush9
usemtl officeTextures/color_08
f  4055/4769/327  4056/4745/327  4057/4748/327  4058/4770/327
usemtl officeTextures/color_08
f  4059/4771/330  4056/4772/330  4055/4773/330  4060/4774/330
usemtl officeTextures/color_08
f  4061/4775/2  4058/4776/2  4057/4777/2  4062/4728/2
usemtl officeTextures/color_08
f  4062/4778/3  4057/4779/3  4056/4780/3  4059/4781/3  4063/4782/3  4064/4783/3
usemtl officeTextures/color_08
f  4065/4783/4  4066/4782/4  4060/4781/4  4055/4780/4  4058/4779/4  4061/4778/4
usemtl officeTextures/color_08
f  4063/4739/5  4059/4784/5  4060/4785/5  4066/4786/5
usemtl officeTextures/color_08
f  4064/4787/331  4063/4788/331  4066/4789/331  4065/4790/331
usemtl officeTextures/color_08
f  4065/4769/326  4061/4770/326  4062/4748/326  4064/4745/326

o entity44_brush0
usemtl officeTextures/color_07
f  4067/4791/1  4068/4792/1  4069/4793/1  4070/4794/1
usemtl officeTextures/color_07
f  4071/4795/2  4069/4796/2  4068/4797/2  4072/4798/2
usemtl officeTextures/color_07
f  4072/4799/3  4068/4800/3  4067/4801/3  4073/4802/3
usemtl officeTextures/color_07
f  4074/4802/4  4070/4801/4  4069/4800/4  4071/4799/4
usemtl officeTextures/color_07
f  4073/4798/5  4067/4797/5  4070/4796/5  4074/4795/5
usemtl officeTextures/color_07
f  4074/4794/6  4071/4793/6  4072/4792/6  4073/4791/6

o entity44_brush1
usemtl officeTextures/color_07
f  4075/4803/1  4076/4804/1  4077/4805/1  4078/4806/1
usemtl officeTextures/color_07
f  4079/4796/2  4077/4807/2  4076/4808/2  4080/4809/2
usemtl officeTextures/color_07
f  4080/4810/3  4076/4811/3  4075/4812/3  4081/4813/3
usemtl officeTextures/color_07
f  4082/4813/4  4078/4812/4  4077/4811/4  4079/4810/4
usemtl officeTextures/color_07
f  4081/4809/5  4075/4808/5  4078/4807/5  4082/4796/5
usemtl officeTextures/color_07
f  4082/4806/6  4079/4805/6  4080/4804/6  4081/4803/6

o entity44_brush2
usemtl officeTextures/color_07
f  4083/4814/1  4084/4815/1  4085/4816/1  4086/4817/1
usemtl officeTextures/color_07
f  4087/4818/2  4085/4819/2  4084/4820/2  4088/4821/2
usemtl officeTextures/color_07
f  4088/4822/3  4084/4823/3  4083/4824/3  4089/4825/3
usemtl officeTextures/color_07
f  4090/4825/4  4086/4824/4  4085/4823/4  4087/4822/4
usemtl officeTextures/color_07
f  4089/4826/5  4083/4827/5  4086/4828/5  4090/4829/5
usemtl officeTextures/color_07
f  4090/4817/6  4087/4816/6  4088/4815/6  4089/4814/6

o entity44_brush3
usemtl officeTextures/color_07
f  4091/4830/1  4092/4831/1  4093/4832/1  4094/4833/1
usemtl officeTextures/color_07
f  4095/4834/2  4093/4835/2  4092/4836/2  4096/4837/2
usemtl officeTextures/color_07
f  4096/4838/3  4092/4839/3  4091/4840/3  4097/4841/3
usemtl officeTextures/color_07
f  4098/4841/4  4094/4840/4  4093/4839/4  4095/4838/4
usemtl officeTextures/color_07
f  4097/4837/5  4091/4836/5  4094/4835/5  4098/4834/5
usemtl officeTextures/color_07
f  4098/4833/6  4095/4832/6  4096/4831/6  4097/4830/6

o entity44_brush4
usemtl officeTextures/color_07
f  4099/4842/1  4100/4843/1  4101/4844/1  4102/4845/1
usemtl officeTextures/color_07
f  4103/4809/2  4101/4808/2  4100/4846/2  4104/4847/2
usemtl officeTextures/color_07
f  4104/4848/3  4100/4849/3  4099/4850/3  4105/4851/3
usemtl officeTextures/color_07
f  4106/4852/4  4102/4853/4  4101/4854/4  4103/4855/4
usemtl officeTextures/color_07
f  4105/4847/5  4099/4846/5  4102/4808/5  4106/4809/5
usemtl officeTextures/color_07
f  4106/4845/6  4103/4844/6  4104/4843/6  4105/4842/6

o entity44_brush5
usemtl officeTextures/color_07
f  4107/4856/1  4108/4857/1  4109/4858/1  4110/4842/1
usemtl officeTextures/color_07
f  4111/4847/2  4109/4846/2  4108/4859/2  4112/4860/2
usemtl officeTextures/color_07
f  4112/4861/3  4108/4862/3  4107/4853/3  4113/4852/3
usemtl officeTextures/color_07
f  4114/4851/4  4110/4850/4  4109/4863/4  4111/4864/4
usemtl officeTextures/color_07
f  4113/4860/5  4107/4859/5  4110/4846/5  4114/4847/5
usemtl officeTextures/color_07
f  4114/4842/6  4111/4858/6  4112/4857/6  4113/4856/6

o entity44_brush6
usemtl officeTextures/color_07
f  4115/4865/1  4116/4866/1  4117/4843/1  4118/4867/1
usemtl officeTextures/color_07
f  4119/4847/2  4117/4846/2  4116/4859/2  4120/4860/2
usemtl officeTextures/color_07
f  4120/4855/3  4116/4854/3  4115/4868/3  4121/4869/3
usemtl officeTextures/color_07
f  4122/4870/4  4118/4871/4  4117/4849/4  4119/4848/4
usemtl officeTextures/color_07
f  4121/4860/5  4115/4859/5  4118/4846/5  4122/4847/5
usemtl officeTextures/color_07
f  4122/4867/6  4119/4843/6  4120/4866/6  4121/4865/6

o entity44_brush7
usemtl officeTextures/color_07
f  4123/4865/1  4124/4866/1  4125/4843/1  4126/4867/1
usemtl officeTextures/color_07
f  4127/4872/2  4125/4821/2  4124/4873/2  4128/4874/2
usemtl officeTextures/color_07
f  4128/4875/3  4124/4876/3  4123/4877/3  4129/4878/3
usemtl officeTextures/color_07
f  4130/4879/4  4126/4880/4  4125/4881/4  4127/4882/4
usemtl officeTextures/color_07
f  4129/4874/5  4123/4873/5  4126/4821/5  4130/4872/5
usemtl officeTextures/color_07
f  4130/4867/6  4127/4843/6  4128/4866/6  4129/4865/6

o entity44_brush8
usemtl officeTextures/color_07
f  4131/4803/1  4132/4804/1  4133/4805/1  4134/4806/1
usemtl officeTextures/color_07
f  4135/4883/2  4133/4795/2  4132/4884/2  4136/4885/2
usemtl officeTextures/color_07
f  4136/4886/3  4132/4887/3  4131/4888/3  4137/4889/3
usemtl officeTextures/color_07
f  4138/4889/4  4134/4888/4  4133/4887/4  4135/4886/4
usemtl officeTextures/color_07
f  4137/4885/5  4131/4884/5  4134/4795/5  4138/4883/5
usemtl officeTextures/color_07
f  4138/4806/6  4135/4805/6  4136/4804/6  4137/4803/6

o entity44_brush9
usemtl officeTextures/color_07
f  4139/4856/1  4140/4857/1  4141/4858/1  4142/4842/1
usemtl officeTextures/color_07
f  4143/4872/2  4141/4821/2  4140/4873/2  4144/4874/2
usemtl officeTextures/color_07
f  4144/4890/3  4140/4891/3  4139/4892/3  4145/4893/3
usemtl officeTextures/color_07
f  4146/4894/4  4142/4895/4  4141/4896/4  4143/4897/4
usemtl officeTextures/color_07
f  4145/4874/5  4139/4873/5  4142/4821/5  4146/4872/5
usemtl officeTextures/color_07
f  4146/4842/6  4143/4858/6  4144/4857/6  4145/4856/6

o entity44_brush10
usemtl officeTextures/color_07
f  4147/4842/1  4148/4843/1  4149/4844/1  4150/4845/1
usemtl officeTextures/color_07
f  4151/4885/2  4149/4884/2  4148/4821/2  4152/4872/2
usemtl officeTextures/color_07
f  4152/4882/3  4148/4881/3  4147/4895/3  4153/4894/3
usemtl officeTextures/color_07
f  4154/4893/4  4150/4892/4  4149/4876/4  4151/4875/4
usemtl officeTextures/color_07
f  4153/4872/5  4147/4821/5  4150/4884/5  4154/4885/5
usemtl officeTextures/color_07
f  4154/4845/6  4151/4844/6  4152/4843/6  4153/4842/6

o entity44_brush11
usemtl officeTextures/color_07
f  4155/4860/1  4156/4898/1  4157/4899/1  4158/4847/1
usemtl officeTextures/color_07
f  4159/4900/2  4157/4820/2  4156/4901/2  4160/4902/2
usemtl officeTextures/color_07
f  4160/4903/3  4156/4904/3  4155/4905/3  4161/4906/3
usemtl officeTextures/color_07
f  4162/4907/4  4158/4908/4  4157/4909/4  4159/4910/4
usemtl officeTextures/color_07
f  4161/4902/5  4155/4901/5  4158/4820/5  4162/4900/5
usemtl officeTextures/color_07
f  4162/4847/6  4159/4899/6  4160/4898/6  4161/4860/6

o entity44_brush12
usemtl officeTextures/color_07
f  4163/4911/1  4164/4912/1  4165/4913/1  4166/4914/1
usemtl officeTextures/color_07
f  4167/4900/2  4165/4820/2  4164/4901/2  4168/4902/2
usemtl officeTextures/color_07
f  4168/4915/3  4164/4916/3  4163/4917/3  4169/4918/3
usemtl officeTextures/color_07
f  4170/4919/4  4166/4920/4  4165/4921/4  4167/4922/4
usemtl officeTextures/color_07
f  4169/4902/5  4163/4901/5  4166/4820/5  4170/4900/5
usemtl officeTextures/color_07
f  4170/4914/6  4167/4913/6  4168/4912/6  4169/4911/6

o entity44_brush13
usemtl officeTextures/color_07
f  4171/4911/1  4172/4912/1  4173/4913/1  4174/4914/1
usemtl officeTextures/color_07
f  4175/4821/2  4173/4923/2  4172/4924/2  4176/4873/2
usemtl officeTextures/color_07
f  4176/4925/3  4172/4926/3  4171/4927/3  4177/4928/3
usemtl officeTextures/color_07
f  4178/4929/4  4174/4930/4  4173/4931/4  4175/4932/4
usemtl officeTextures/color_07
f  4177/4873/5  4171/4924/5  4174/4923/5  4178/4821/5
usemtl officeTextures/color_07
f  4178/4914/6  4175/4913/6  4176/4912/6  4177/4911/6

o entity44_brush14
usemtl officeTextures/color_07
f  4179/4860/1  4180/4898/1  4181/4899/1  4182/4847/1
usemtl officeTextures/color_07
f  4183/4821/2  4181/4923/2  4180/4924/2  4184/4873/2
usemtl officeTextures/color_07
f  4184/4933/3  4180/4934/3  4179/4935/3  4185/4936/3
usemtl officeTextures/color_07
f  4186/4937/4  4182/4938/4  4181/4939/4  4183/4940/4
usemtl officeTextures/color_07
f  4185/4873/5  4179/4924/5  4182/4923/5  4186/4821/5
usemtl officeTextures/color_07
f  4186/4847/6  4183/4899/6  4184/4898/6  4185/4860/6

o entity45_brush0
usemtl officeTextures/color_08
f  4187/4611/1  4188/4606/1  4189/4605/1  4190/4612/1
usemtl officeTextures/color_08
f  4191/4941/2  4189/4942/2  4188/4943/2  4192/4944/2
usemtl officeTextures/color_08
f  4192/4945/3  4188/4946/3  4187/4947/3  4193/4948/3
usemtl officeTextures/color_08
f  4194/4948/4  4190/4947/4  4189/4946/4  4191/4945/4
usemtl officeTextures/color_08
f  4193/4944/5  4187/4943/5  4190/4942/5  4194/4941/5
usemtl officeTextures/color_08
f  4194/4612/6  4191/4605/6  4192/4606/6  4193/4611/6

o entity45_brush1
usemtl officeTextures/color_08
f  4195/4611/1  4196/4593/1  4197/4596/1  4198/4949/1
usemtl officeTextures/color_08
f  4199/4950/2  4197/4951/2  4196/4943/2  4200/4944/2
usemtl officeTextures/color_08
f  4200/4952/3  4196/4953/3  4195/4947/3  4201/4948/3
usemtl officeTextures/color_08
f  4202/4948/4  4198/4947/4  4197/4953/4  4199/4952/4
usemtl officeTextures/color_08
f  4201/4944/5  4195/4943/5  4198/4951/5  4202/4950/5
usemtl officeTextures/color_08
f  4202/4949/6  4199/4596/6  4200/4593/6  4201/4611/6

o entity45_brush2
usemtl officeTextures/color_08
f  4203/4954/1  4204/4593/1  4205/4596/1  4206/4955/1
usemtl officeTextures/color_08
f  4207/4956/2  4205/4957/2  4204/4958/2  4208/4959/2
usemtl officeTextures/color_08
f  4208/4960/3  4204/4961/3  4203/4962/3  4209/4963/3
usemtl officeTextures/color_08
f  4210/4964/4  4206/4962/4  4205/4961/4  4207/4965/4
usemtl officeTextures/color_08
f  4209/4959/5  4203/4958/5  4206/4957/5  4210/4956/5
usemtl officeTextures/color_08
f  4210/4966/316  4207/4967/316  4208/4968/316  4209/4969/316

o entity45_brush3
usemtl officeTextures/color_08
f  4211/4954/1  4212/4593/1  4213/4596/1  4214/4955/1
usemtl officeTextures/color_08
f  4215/4950/2  4213/4951/2  4212/4943/2  4216/4944/2
usemtl officeTextures/color_08
f  4216/4952/3  4212/4953/3  4211/4970/3  4217/4971/3
usemtl officeTextures/color_08
f  4218/4971/4  4214/4970/4  4213/4953/4  4215/4952/4
usemtl officeTextures/color_08
f  4217/4944/5  4211/4943/5  4214/4951/5  4218/4950/5
usemtl officeTextures/color_08
f  4218/4955/6  4215/4596/6  4216/4593/6  4217/4954/6

o entity45_brush4
usemtl officeTextures/color_08
f  4219/4972/317  4220/4969/317  4221/4973/317  4222/4974/317
usemtl officeTextures/color_08
f  4223/4975/2  4221/4976/2  4220/4977/2  4224/4978/2
usemtl officeTextures/color_08
f  4224/4979/3  4220/4980/3  4219/4981/3  4225/4982/3
usemtl officeTextures/color_08
f  4226/4983/4  4222/4984/4  4221/4985/4  4223/4986/4
usemtl officeTextures/color_08
f  4225/4978/5  4219/4977/5  4222/4976/5  4226/4975/5
usemtl officeTextures/color_08
f  4226/4987/316  4223/4966/316  4224/4969/316  4225/4972/316

o entity45_brush5
usemtl officeTextures/color_08
f  4227/4969/317  4228/4968/317  4229/4988/317  4230/4973/317
usemtl officeTextures/color_08
f  4231/4989/2  4229/4956/2  4228/4943/2  4232/4990/2
usemtl officeTextures/color_08
f  4232/4991/3  4228/4953/3  4227/4970/3  4233/4992/3
usemtl officeTextures/color_08
f  4234/4992/4  4230/4964/4  4229/4965/4  4231/4991/4
usemtl officeTextures/color_08
f  4233/4990/5  4227/4943/5  4230/4956/5  4234/4989/5
usemtl officeTextures/color_08
f  4234/4955/6  4231/4596/6  4232/4593/6  4233/4954/6

o entity46_brush0
usemtl officeTextures/color_08
f  4235/4993/298  4236/4994/298  4237/4995/298  4238/4996/298
usemtl officeTextures/color_08
f  4239/4997/299  4237/4998/299  4236/4999/299  4240/5000/299
usemtl officeTextures/color_08
f  4240/5001/3  4236/5002/3  4235/5003/3  4241/5004/3
usemtl officeTextures/color_08
f  4242/5005/4  4238/5006/4  4237/5007/4  4239/5008/4
usemtl officeTextures/color_08
f  4241/5000/300  4235/4999/300  4238/4998/300  4242/4997/300
usemtl officeTextures/color_08
f  4242/4996/301  4239/4995/301  4240/4994/301  4241/4993/301

o entity46_brush1
usemtl officeTextures/color_08
f  4243/5009/1  4244/5010/1  4245/5011/1
usemtl officeTextures/color_08
f  4245/5012/302  4244/4995/302  4246/5013/302  4247/5014/302
usemtl officeTextures/color_08
f  4248/5015/272  4246/5016/272  4244/5007/272  4249/5008/272
usemtl officeTextures/color_08
f  4249/5008/3  4244/5007/3  4243/5017/3  4250/5018/3
usemtl officeTextures/color_08
f  4251/5019/4  4247/5020/4  4246/5016/4  4248/5015/4
usemtl officeTextures/color_08
f  4250/4997/5  4243/4998/5  4245/5021/5  4247/5022/5  4251/5023/5  4252/5024/5
usemtl officeTextures/color_08
f  4252/5012/303  4251/5014/303  4248/5013/303  4249/4995/303
usemtl officeTextures/color_08
f  4250/5009/6  4252/5011/6  4249/5010/6

o entity46_brush2
usemtl officeTextures/color_08
f  4253/5025/1  4254/5026/1  4255/5027/1
usemtl officeTextures/color_08
f  4255/5028/304  4254/5011/304  4256/5029/304
usemtl officeTextures/color_08
f  4256/5030/305  4254/5026/305  4257/5031/305
usemtl officeTextures/color_08
f  4258/5032/2  4259/5033/2  4257/5034/2  4254/5035/2  4253/5036/2  4260/5037/2
usemtl officeTextures/color_08
f  4260/5018/3  4253/5017/3  4255/5006/3  4261/5005/3
usemtl officeTextures/color_08
f  4262/5038/4  4256/5039/4  4257/5020/4  4259/5019/4
usemtl officeTextures/color_08
f  4261/4997/5  4255/4998/5  4256/5040/5  4262/5041/5
usemtl officeTextures/color_08
f  4262/5030/306  4259/5031/306  4258/5026/306
usemtl officeTextures/color_08
f  4261/5028/307  4262/5029/307  4258/5011/307
usemtl officeTextures/color_08
f  4258/5026/6  4260/5025/6  4261/5027/6

o entity46_brush3
usemtl officeTextures/color_08
f  4263/5042/1  4264/5043/1  4265/5044/1  4266/5045/1
usemtl officeTextures/color_08
f  4267/5046/308  4265/5047/308  4264/5048/308  4268/5049/308
usemtl officeTextures/color_08
f  4268/5050/2  4264/4990/2  4263/5051/2  4269/5052/2
usemtl officeTextures/color_08
f  4270/5052/5  4266/5051/5  4265/4990/5  4267/5050/5
usemtl officeTextures/color_08
f  4269/5053/309  4263/5054/309  4266/5055/309  4270/5056/309
usemtl officeTextures/color_08
f  4270/5057/6  4267/5058/6  4268/5059/6  4269/5060/6

o entity46_brush4
usemtl officeTextures/color_08
f  4271/5045/251  4272/5042/251  4273/5061/251  4274/5062/251
usemtl officeTextures/color_08
f  4275/5063/310  4274/5064/310  4273/5065/310  4276/5066/310
usemtl officeTextures/color_08
f  4276/5067/2  4273/5068/2  4272/5069/2  4277/5070/2
usemtl officeTextures/color_08
f  4277/5048/3  4272/5071/3  4271/5072/3  4278/5047/3
usemtl officeTextures/color_08
f  4278/5070/5  4271/5069/5  4274/5068/5  4275/5067/5
usemtl officeTextures/color_08
f  4277/5073/6  4278/5074/6  4275/5075/6  4276/5076/6

o entity46_brush5
usemtl officeTextures/color_08
f  4279/5077/1  4280/5078/1  4281/5079/1  4282/5080/1
usemtl officeTextures/color_08
f  4283/5081/311  4284/5082/311  4280/5083/311  4279/5084/311
usemtl officeTextures/color_08
f  4285/5085/2  4281/5086/2  4280/5087/2  4284/5088/2  4286/5089/2  4287/5090/2
usemtl officeTextures/color_08
f  4286/5091/3  4284/5092/3  4283/5093/3  4288/5094/3
usemtl officeTextures/color_08
f  4289/5095/4  4282/5096/4  4281/5097/4  4285/5098/4
usemtl officeTextures/color_08
f  4290/5090/5  4288/5089/5  4283/5088/5  4279/5087/5  4282/5086/5  4289/5085/5
usemtl officeTextures/color_08
f  4287/5099/301  4286/5100/301  4288/5101/301  4290/5102/301
usemtl officeTextures/color_08
f  4285/5103/6  4287/5104/6  4290/5105/6  4289/5106/6

o entity46_brush6
usemtl officeTextures/color_08
f  4291/5107/1  4292/5108/1  4293/5109/1  4294/5110/1
usemtl officeTextures/color_08
f  4295/5111/2  4293/5112/2  4292/5113/2  4296/5114/2
usemtl officeTextures/color_08
f  4296/5115/3  4292/5116/3  4291/5117/3  4297/5118/3
usemtl officeTextures/color_08
f  4298/5119/4  4294/5117/4  4293/5116/4  4295/5120/4
usemtl officeTextures/color_08
f  4297/5114/5  4291/5113/5  4294/5112/5  4298/5111/5
usemtl officeTextures/color_08
f  4298/5121/253  4295/5122/253  4296/5123/253  4297/5124/253

o entity46_brush7
usemtl officeTextures/color_08
f  4299/5124/252  4300/5123/252  4301/5125/252  4302/5126/252
usemtl officeTextures/color_08
f  4303/5127/2  4301/5128/2  4300/5114/2  4304/5129/2
usemtl officeTextures/color_08
f  4304/5130/3  4300/5115/3  4299/5118/3  4305/5131/3
usemtl officeTextures/color_08
f  4306/5131/4  4302/5132/4  4301/5133/4  4303/5130/4
usemtl officeTextures/color_08
f  4305/5129/5  4299/5114/5  4302/5128/5  4306/5127/5
usemtl officeTextures/color_08
f  4306/5110/6  4303/5109/6  4304/5108/6  4305/5107/6

o entity46_brush8
usemtl officeTextures/color_08
f  4307/5124/252  4308/5123/252  4309/5125/252  4310/5126/252
usemtl officeTextures/color_08
f  4311/5127/2  4309/5128/2  4308/5114/2  4312/5129/2
usemtl officeTextures/color_08
f  4312/5130/3  4308/5115/3  4307/5118/3  4313/5131/3
usemtl officeTextures/color_08
f  4314/5131/4  4310/5132/4  4309/5133/4  4311/5130/4
usemtl officeTextures/color_08
f  4313/5129/5  4307/5114/5  4310/5128/5  4314/5127/5
usemtl officeTextures/color_08
f  4314/5110/6  4311/5109/6  4312/5108/6  4313/5107/6

o entity46_brush9
usemtl officeTextures/color_08
f  4315/5107/1  4316/5108/1  4317/5109/1  4318/5110/1
usemtl officeTextures/color_08
f  4319/5111/2  4317/5112/2  4316/5113/2  4320/5114/2
usemtl officeTextures/color_08
f  4320/5115/3  4316/5116/3  4315/5117/3  4321/5118/3
usemtl officeTextures/color_08
f  4322/5119/4  4318/5117/4  4317/5116/4  4319/5120/4
usemtl officeTextures/color_08
f  4321/5114/5  4315/5113/5  4318/5112/5  4322/5111/5
usemtl officeTextures/color_08
f  4322/5121/253  4319/5122/253  4320/5123/253  4321/5124/253

o entity46_brush10
usemtl officeTextures/color_08
f  4323/5134/1  4324/5135/1  4325/5136/1  4326/5137/1
usemtl officeTextures/color_08
f  4327/5138/298  4328/5139/298  4324/5140/298  4323/5141/298
usemtl officeTextures/color_08
f  4329/5142/2  4325/5143/2  4324/5144/2  4328/5145/2  4330/5146/2  4331/5147/2
usemtl officeTextures/color_08
f  4330/5148/3  4328/5149/3  4327/5150/3  4332/5151/3
usemtl officeTextures/color_08
f  4333/5152/4  4326/5153/4  4325/5154/4  4329/5155/4
usemtl officeTextures/color_08
f  4334/5147/5  4332/5146/5  4327/5145/5  4323/5144/5  4326/5143/5  4333/5142/5
usemtl officeTextures/color_08
f  4331/5156/312  4330/5157/312  4332/5158/312  4334/5159/312
usemtl officeTextures/color_08
f  4329/5160/6  4331/5161/6  4334/5162/6  4333/5163/6

o entity46_brush11
usemtl officeTextures/color_08
f  4335/5164/1  4336/5165/1  4337/5166/1  4338/5167/1
usemtl officeTextures/color_08
f  4339/5168/2  4338/5169/2  4337/5170/2  4340/5171/2
usemtl officeTextures/color_08
f  4340/5172/3  4337/5173/3  4336/5174/3  4341/5175/3
usemtl officeTextures/color_08
f  4341/5171/5  4336/5170/5  4335/5169/5  4342/5168/5
usemtl officeTextures/color_08
f  4342/5176/313  4335/5177/313  4338/5178/313  4339/5179/313
usemtl officeTextures/color_08
f  4341/5180/254  4342/5181/254  4339/5182/254  4340/5183/254

o entity46_brush12
usemtl officeTextures/color_08
f  4343/5184/1  4344/5185/1  4345/5186/1  4346/5187/1
usemtl officeTextures/color_08
f  4347/5188/314  4345/5189/314  4344/5190/314  4348/5191/314
usemtl officeTextures/color_08
f  4349/5192/2  4346/5193/2  4345/5194/2  4347/5195/2
usemtl officeTextures/color_08
f  4348/5195/5  4344/5194/5  4343/5193/5  4350/5192/5
usemtl officeTextures/color_08
f  4350/5174/315  4343/5196/315  4346/5197/315  4349/5173/315
usemtl officeTextures/color_08
f  4349/5198/6  4347/5183/6  4348/5180/6  4350/5199/6

o entity47_brush0
usemtl officeTextures/color_08
f  4351/5200/1  4352/5201/1  4353/5202/1  4354/5203/1
usemtl officeTextures/color_08
f  4355/5204/2  4353/5205/2  4352/5206/2  4356/5207/2
usemtl officeTextures/color_08
f  4356/5208/3  4352/5209/3  4351/5210/3  4357/5211/3
usemtl officeTextures/color_08
f  4358/5211/4  4354/5210/4  4353/5209/4  4355/5208/4
usemtl officeTextures/color_08
f  4357/5207/5  4351/5206/5  4354/5205/5  4358/5204/5
usemtl officeTextures/color_08
f  4358/5203/6  4355/5202/6  4356/5201/6  4357/5200/6

o entity47_brush1
usemtl officeTextures/color_08
f  4359/5212/1  4360/5213/1  4361/5214/1  4362/5215/1
usemtl officeTextures/color_08
f  4363/5216/2  4361/5217/2  4360/5218/2  4364/5219/2
usemtl officeTextures/color_08
f  4364/5220/3  4360/5221/3  4359/5222/3  4365/5223/3
usemtl officeTextures/color_08
f  4366/5223/4  4362/5222/4  4361/5221/4  4363/5220/4
usemtl officeTextures/color_08
f  4365/5219/5  4359/5218/5  4362/5217/5  4366/5216/5
usemtl officeTextures/color_08
f  4366/5215/6  4363/5214/6  4364/5213/6  4365/5212/6

o entity47_brush2
usemtl officeTextures/color_08
f  4367/5224/240  4368/5225/240  4369/5226/240
usemtl officeTextures/color_08
f  4370/5227/262  4369/5228/262  4368/5229/262
usemtl officeTextures/color_08
f  4371/4442/2  4369/4443/2  4370/4444/2  4372/4445/2
usemtl officeTextures/color_08
f  4372/4446/263  4370/4447/263  4368/5230/263  4373/5231/263
usemtl officeTextures/color_08
f  4373/5232/3  4368/5233/3  4367/5234/3  4374/5235/3
usemtl officeTextures/color_08
f  4374/5236/238  4367/5237/238  4369/4456/238  4371/4457/238
usemtl officeTextures/color_08
f  4374/5238/248  4371/5239/248  4372/5240/248
usemtl officeTextures/color_08
f  4373/5241/249  4374/5242/249  4372/5243/249

o entity47_brush3
usemtl officeTextures/color_08
f  4375/5244/240  4376/5245/240  4377/5246/240
usemtl officeTextures/color_08
f  4378/5247/264  4377/5248/264  4376/5249/264
usemtl officeTextures/color_08
f  4379/5250/231  4376/5251/231  4375/5252/231  4380/5253/231
usemtl officeTextures/color_08
f  4380/5254/3  4375/5255/3  4377/5256/3  4381/5257/3
usemtl officeTextures/color_08
f  4381/5258/265  4377/5259/265  4378/5260/265  4382/5261/265
usemtl officeTextures/color_08
f  4382/5262/5  4378/5263/5  4376/5264/5  4379/5265/5
usemtl officeTextures/color_08
f  4382/5266/243  4379/5267/243  4380/5268/243
usemtl officeTextures/color_08
f  4382/5269/266  4380/5270/266  4381/5271/266

o entity47_brush4
usemtl officeTextures/color_08
f  4383/5200/1  4384/5201/1  4385/5272/1  4386/5273/1
usemtl officeTextures/color_08
f  4387/5274/2  4385/5275/2  4384/5206/2  4388/5276/2
usemtl officeTextures/color_08
f  4388/5277/3  4384/5209/3  4383/5210/3  4389/5278/3
usemtl officeTextures/color_08
f  4390/5278/4  4386/5210/4  4385/5209/4  4387/5277/4
usemtl officeTextures/color_08
f  4389/5276/5  4383/5206/5  4386/5275/5  4390/5274/5
usemtl officeTextures/color_08
f  4390/5273/6  4387/5272/6  4388/5201/6  4389/5200/6

o entity47_brush5
usemtl officeTextures/color_08
f  4391/5200/1  4392/5201/1  4393/5202/1  4394/5203/1
usemtl officeTextures/color_08
f  4395/5279/2  4393/5280/2  4392/5276/2  4396/5281/2
usemtl officeTextures/color_08
f  4396/5282/3  4392/5277/3  4391/5278/3  4397/5283/3
usemtl officeTextures/color_08
f  4398/5283/4  4394/5278/4  4393/5277/4  4395/5282/4
usemtl officeTextures/color_08
f  4397/5281/5  4391/5276/5  4394/5280/5  4398/5279/5
usemtl officeTextures/color_08
f  4398/5203/6  4395/5202/6  4396/5201/6  4397/5200/6

o entity47_brush6
usemtl officeTextures/color_08
f  4399/5241/229  4400/5243/229  4401/5242/229
usemtl officeTextures/color_08
f  4401/5238/236  4400/5240/236  4402/5239/236
usemtl officeTextures/color_08
f  4403/5284/2  4402/5285/2  4400/5286/2  4404/5287/2
usemtl officeTextures/color_08
f  4404/5288/267  4400/5289/267  4399/5290/267  4405/5291/267
usemtl officeTextures/color_08
f  4405/5292/3  4399/5293/3  4401/5294/3  4406/5295/3
usemtl officeTextures/color_08
f  4406/5296/238  4401/5297/238  4402/5298/238  4403/5299/238
usemtl officeTextures/color_08
f  4403/5228/268  4404/5227/268  4405/5229/268
usemtl officeTextures/color_08
f  4406/5224/234  4403/5226/234  4405/5225/234

o entity47_brush7
usemtl officeTextures/color_08
f  4407/5271/229  4408/5270/229  4409/5269/229
usemtl officeTextures/color_08
f  4409/5266/230  4408/5268/230  4410/5267/230
usemtl officeTextures/color_08
f  4411/5300/231  4410/5301/231  4408/5302/231  4412/5303/231
usemtl officeTextures/color_08
f  4412/5304/3  4408/5305/3  4407/5306/3  4413/5307/3
usemtl officeTextures/color_08
f  4413/5308/269  4407/5309/269  4409/5310/269  4414/5311/269
usemtl officeTextures/color_08
f  4414/5312/5  4409/5313/5  4410/5314/5  4411/5315/5
usemtl officeTextures/color_08
f  4413/5248/270  4414/5247/270  4411/5249/270
usemtl officeTextures/color_08
f  4412/5244/271  4413/5246/271  4411/5245/271

o entity47_brush8
usemtl officeTextures/color_08
f  4415/5212/1  4416/5213/1  4417/5214/1  4418/5215/1
usemtl officeTextures/color_08
f  4419/5316/2  4417/5317/2  4416/5318/2  4420/5319/2
usemtl officeTextures/color_08
f  4420/5320/3  4416/5321/3  4415/5322/3  4421/5323/3
usemtl officeTextures/color_08
f  4422/5323/4  4418/5322/4  4417/5321/4  4419/5320/4
usemtl officeTextures/color_08
f  4421/5319/5  4415/5318/5  4418/5317/5  4422/5316/5
usemtl officeTextures/color_08
f  4422/5215/6  4419/5214/6  4420/5213/6  4421/5212/6

o entity47_brush9
usemtl officeTextures/color_08
f  4423/5324/1  4424/5325/1  4425/5326/1  4426/5327/1
usemtl officeTextures/color_08
f  4427/5328/272  4425/5329/272  4424/5330/272  4428/5331/272
usemtl officeTextures/color_08
f  4428/5332/3  4424/5333/3  4423/5334/3  4429/5335/3
usemtl officeTextures/color_08
f  4430/5335/4  4426/5334/4  4425/5223/4  4427/5323/4
usemtl officeTextures/color_08
f  4429/5279/5  4423/5204/5  4426/5336/5  4430/5337/5
usemtl officeTextures/color_08
f  4430/5327/6  4427/5326/6  4428/5325/6  4429/5324/6

o entity47_brush10
usemtl officeTextures/color_08
f  4431/5327/1  4432/5326/1  4433/5338/1  4434/980/1
usemtl officeTextures/color_08
f  4434/980/251  4433/5338/251  4435/5339/251  4436/5340/251
usemtl officeTextures/color_08
f  4436/5341/252  4435/5342/252  4437/5343/252  4438/5344/252
usemtl officeTextures/color_08
f  4439/5345/2  4440/5346/2  4441/5347/2  4437/5348/2  4435/5349/2  4433/978/2  4432/5336/2  4442/5337/2
usemtl officeTextures/color_08
f  4442/5323/3  4432/5223/3  4431/5334/3  4443/5335/3
usemtl officeTextures/color_08
f  4444/5350/4  4438/5351/4  4437/5352/4  4441/5322/4
usemtl officeTextures/color_08
f  4443/5337/5  4431/5336/5  4434/978/5  4436/5349/5  4438/5348/5  4444/5347/5  4445/5346/5  4446/5345/5
usemtl officeTextures/color_08
f  4445/5353/253  4444/5354/253  4441/5355/253  4440/5356/253
usemtl officeTextures/color_08
f  4446/980/254  4445/5340/254  4440/5339/254  4439/5338/254
usemtl officeTextures/color_08
f  4443/5327/6  4446/980/6  4439/5338/6  4442/5326/6

o entity47_brush11
usemtl officeTextures/color_08
f  4447/5357/1  4448/5358/1  4449/5359/1  4450/5360/1
usemtl officeTextures/color_08
f  4451/5361/2  4449/5362/2  4448/5207/2  4452/5281/2
usemtl officeTextures/color_08
f  4452/5363/3  4448/5364/3  4447/5365/3  4453/5366/3
usemtl officeTextures/color_08
f  4454/5332/4  4450/5333/4  4449/5364/4  4451/5363/4
usemtl officeTextures/color_08
f  4453/5367/273  4447/5368/273  4450/5369/273  4454/5370/273
usemtl officeTextures/color_08
f  4454/5360/6  4451/5359/6  4452/5358/6  4453/5357/6

o entity47_brush12
usemtl officeTextures/color_08
f  4455/5358/1  4456/5371/1  4457/5372/1  4458/5359/1
usemtl officeTextures/color_08
f  4457/5373/292  4456/5374/292  4459/5375/292  4460/5376/292
usemtl officeTextures/color_08
f  4460/5377/293  4459/5378/293  4461/5379/293  4462/5380/293
usemtl officeTextures/color_08
f  4463/3/2  4462/5381/2  4461/5382/2  4464/5383/2
usemtl officeTextures/color_08
f  4464/5384/294  4461/5385/294  4459/5386/294  4465/5387/294
usemtl officeTextures/color_08
f  4465/5388/295  4459/5389/295  4456/5390/295  4466/5391/295
usemtl officeTextures/color_08
f  4466/5392/3  4456/5393/3  4455/5364/3  4467/5363/3
usemtl officeTextures/color_08
f  4468/5394/4  4458/5395/4  4457/5396/4  4460/5397/4  4462/5398/4  4463/5399/4  4469/5400/4  4470/5401/4
usemtl officeTextures/color_08
f  4467/5281/5  4455/5207/5  4458/5362/5  4468/5361/5
usemtl officeTextures/color_08
f  4469/5402/296  4463/5403/296  4464/5404/296  4465/5405/296
usemtl officeTextures/color_08
f  4470/5406/297  4469/5407/297  4465/5408/297  4466/5409/297
usemtl officeTextures/color_08
f  4467/5358/6  4468/5359/6  4470/5372/6  4466/5371/6

o entity48_brush0
usemtl officeTextures/color_07
f  4471/5410/1  4472/5411/1  4473/5412/1  4474/5413/1
usemtl officeTextures/color_07
f  4475/5414/2  4473/5415/2  4472/5416/2  4476/5417/2
usemtl officeTextures/color_07
f  4476/5418/3  4472/5419/3  4471/5420/3  4477/5421/3
usemtl officeTextures/color_07
f  4478/5421/4  4474/5420/4  4473/5419/4  4475/5418/4
usemtl officeTextures/color_07
f  4477/5417/5  4471/5416/5  4474/5415/5  4478/5414/5
usemtl officeTextures/color_07
f  4478/5413/6  4475/5412/6  4476/5411/6  4477/5410/6

o entity48_brush1
usemtl officeTextures/color_07
f  4479/5422/1  4480/5423/1  4481/5424/1  4482/5425/1
usemtl officeTextures/color_07
f  4483/5426/2  4481/5427/2  4480/5428/2  4484/5429/2
usemtl officeTextures/color_07
f  4484/5430/3  4480/5431/3  4479/5432/3  4485/5433/3
usemtl officeTextures/color_07
f  4486/5434/4  4482/5435/4  4481/5419/4  4483/5418/4
usemtl officeTextures/color_07
f  4485/5429/5  4479/5428/5  4482/5427/5  4486/5426/5
usemtl officeTextures/color_07
f  4486/5425/6  4483/5424/6  4484/5423/6  4485/5422/6

o entity48_brush2
usemtl officeTextures/color_07
f  4487/5436/1  4488/5437/1  4489/5438/1  4490/5439/1
usemtl officeTextures/color_07
f  4491/5440/2  4489/5441/2  4488/5442/2  4492/5443/2
usemtl officeTextures/color_07
f  4492/5444/3  4488/5445/3  4487/5446/3  4493/5447/3
usemtl officeTextures/color_07
f  4494/5448/4  4490/5449/4  4489/5450/4  4491/5451/4
usemtl officeTextures/color_07
f  4493/5443/5  4487/5442/5  4490/5441/5  4494/5440/5
usemtl officeTextures/color_07
f  4494/5439/6  4491/5438/6  4492/5437/6  4493/5436/6

o entity48_brush3
usemtl officeTextures/color_07
f  4495/5452/1  4496/5453/1  4497/5423/1  4498/5422/1
usemtl officeTextures/color_07
f  4499/5429/2  4497/5428/2  4496/5454/2  4500/5455/2
usemtl officeTextures/color_07
f  4500/5418/3  4496/5419/3  4495/5435/3  4501/5434/3
usemtl officeTextures/color_07
f  4502/5434/4  4498/5435/4  4497/5419/4  4499/5418/4
usemtl officeTextures/color_07
f  4501/5455/5  4495/5454/5  4498/5428/5  4502/5429/5
usemtl officeTextures/color_07
f  4502/5422/6  4499/5423/6  4500/5453/6  4501/5452/6

o entity48_brush4
usemtl officeTextures/color_07
f  4503/5456/1  4504/5457/1  4505/5458/1  4506/5459/1
usemtl officeTextures/color_07
f  4507/5414/2  4505/5415/2  4504/5416/2  4508/5417/2
usemtl officeTextures/color_07
f  4508/5460/3  4504/5461/3  4503/5435/3  4509/5434/3
usemtl officeTextures/color_07
f  4510/5434/4  4506/5435/4  4505/5461/4  4507/5460/4
usemtl officeTextures/color_07
f  4509/5417/5  4503/5416/5  4506/5415/5  4510/5414/5
usemtl officeTextures/color_07
f  4510/5459/6  4507/5458/6  4508/5457/6  4509/5456/6

o entity48_brush5
usemtl officeTextures/color_07
f  4511/5422/1  4512/5423/1  4513/5424/1  4514/5425/1
usemtl officeTextures/color_07
f  4515/5462/2  4513/5463/2  4512/5464/2  4516/5465/2
usemtl officeTextures/color_07
f  4516/5466/3  4512/5467/3  4511/5468/3  4517/5469/3
usemtl officeTextures/color_07
f  4518/5470/4  4514/5448/4  4513/5471/4  4515/5472/4
usemtl officeTextures/color_07
f  4517/5465/5  4511/5464/5  4514/5463/5  4518/5462/5
usemtl officeTextures/color_07
f  4518/5425/6  4515/5424/6  4516/5423/6  4517/5422/6

o entity48_brush6
usemtl officeTextures/color_07
f  4519/5452/1  4520/5453/1  4521/5423/1  4522/5422/1
usemtl officeTextures/color_07
f  4523/5465/2  4521/5464/2  4520/5443/2  4524/5473/2
usemtl officeTextures/color_07
f  4524/5472/3  4520/5471/3  4519/5448/3  4525/5470/3
usemtl officeTextures/color_07
f  4526/5470/4  4522/5448/4  4521/5471/4  4523/5472/4
usemtl officeTextures/color_07
f  4525/5473/5  4519/5443/5  4522/5464/5  4526/5465/5
usemtl officeTextures/color_07
f  4526/5422/6  4523/5423/6  4524/5453/6  4525/5452/6

o entity48_brush7
usemtl officeTextures/color_07
f  4527/5410/1  4528/5411/1  4529/5412/1  4530/5413/1
usemtl officeTextures/color_07
f  4531/5474/2  4529/5475/2  4528/5476/2  4532/5477/2
usemtl officeTextures/color_07
f  4532/5472/3  4528/5471/3  4527/5478/3  4533/5479/3
usemtl officeTextures/color_07
f  4534/5479/4  4530/5478/4  4529/5471/4  4531/5472/4
usemtl officeTextures/color_07
f  4533/5477/5  4527/5476/5  4530/5475/5  4534/5474/5
usemtl officeTextures/color_07
f  4534/5413/6  4531/5412/6  4532/5411/6  4533/5410/6

o entity48_brush8
usemtl officeTextures/color_07
f  4535/5456/1  4536/5457/1  4537/5458/1  4538/5459/1
usemtl officeTextures/color_07
f  4539/5474/2  4537/5475/2  4536/5476/2  4540/5477/2
usemtl officeTextures/color_07
f  4540/5480/3  4536/5481/3  4535/5448/3  4541/5470/3
usemtl officeTextures/color_07
f  4542/5470/4  4538/5448/4  4537/5481/4  4539/5480/4
usemtl officeTextures/color_07
f  4541/5477/5  4535/5476/5  4538/5475/5  4542/5474/5
usemtl officeTextures/color_07
f  4542/5459/6  4539/5458/6  4540/5457/6  4541/5456/6

o entity48_brush9
usemtl officeTextures/color_07
f  4543/5482/1  4544/5483/1  4545/5484/1  4546/5485/1
usemtl officeTextures/color_07
f  4547/5486/2  4545/5487/2  4544/5442/2  4548/5443/2
usemtl officeTextures/color_07
f  4548/5488/3  4544/5489/3  4543/5430/3  4549/5490/3
usemtl officeTextures/color_07
f  4550/5448/4  4546/5449/4  4545/5491/4  4547/5471/4
usemtl officeTextures/color_07
f  4549/5443/5  4543/5442/5  4546/5487/5  4550/5486/5
usemtl officeTextures/color_07
f  4550/5485/6  4547/5484/6  4548/5483/6  4549/5482/6

o entity48_brush10
usemtl officeTextures/color_07
f  4551/5482/1  4552/5483/1  4553/5484/1  4554/5485/1
usemtl officeTextures/color_07
f  4555/5486/2  4553/5487/2  4552/5442/2  4556/5443/2
usemtl officeTextures/color_07
f  4556/5488/3  4552/5489/3  4551/5430/3  4557/5490/3
usemtl officeTextures/color_07
f  4558/5448/4  4554/5449/4  4553/5491/4  4555/5471/4
usemtl officeTextures/color_07
f  4557/5443/5  4551/5442/5  4554/5487/5  4558/5486/5
usemtl officeTextures/color_07
f  4558/5485/6  4555/5484/6  4556/5483/6  4557/5482/6

o entity48_brush11
usemtl officeTextures/color_07
f  4559/5492/1  4560/5493/1  4561/5494/1  4562/5495/1
usemtl officeTextures/color_07
f  4563/5496/2  4561/5497/2  4560/5498/2  4564/5499/2
usemtl officeTextures/color_07
f  4564/5488/3  4560/5489/3  4559/5430/3  4565/5490/3
usemtl officeTextures/color_07
f  4566/5448/4  4562/5449/4  4561/5491/4  4563/5471/4
usemtl officeTextures/color_07
f  4565/5499/5  4559/5498/5  4562/5497/5  4566/5496/5
usemtl officeTextures/color_07
f  4566/5495/6  4563/5494/6  4564/5493/6  4565/5492/6

o entity48_brush12
usemtl officeTextures/color_07
f  4567/5500/1  4568/5501/1  4569/5502/1  4570/5503/1
usemtl officeTextures/color_07
f  4571/5504/2  4569/5505/2  4568/5506/2  4572/5507/2
usemtl officeTextures/color_07
f  4572/5488/3  4568/5489/3  4567/5430/3  4573/5490/3
usemtl officeTextures/color_07
f  4574/5448/4  4570/5449/4  4569/5491/4  4571/5471/4
usemtl officeTextures/color_07
f  4573/5507/5  4567/5506/5  4570/5505/5  4574/5504/5
usemtl officeTextures/color_07
f  4574/5503/6  4571/5502/6  4572/5501/6  4573/5500/6

o entity48_brush13
usemtl officeTextures/color_07
f  4575/5500/1  4576/5501/1  4577/5502/1  4578/5503/1
usemtl officeTextures/color_07
f  4579/5504/2  4577/5505/2  4576/5506/2  4580/5507/2
usemtl officeTextures/color_07
f  4580/5488/3  4576/5489/3  4575/5430/3  4581/5490/3
usemtl officeTextures/color_07
f  4582/5448/4  4578/5449/4  4577/5491/4  4579/5471/4
usemtl officeTextures/color_07
f  4581/5507/5  4575/5506/5  4578/5505/5  4582/5504/5
usemtl officeTextures/color_07
f  4582/5503/6  4579/5502/6  4580/5501/6  4581/5500/6

o entity49_brush0
usemtl officeTextures/color_07
f  4583/5410/1  4584/5411/1  4585/5412/1  4586/5413/1
usemtl officeTextures/color_07
f  4587/5508/2  4585/5509/2  4584/5510/2  4588/5511/2
usemtl officeTextures/color_07
f  4588/5512/3  4584/5513/3  4583/5514/3  4589/5515/3
usemtl officeTextures/color_07
f  4590/5515/4  4586/5514/4  4585/5513/4  4587/5512/4
usemtl officeTextures/color_07
f  4589/5511/5  4583/5510/5  4586/5509/5  4590/5508/5
usemtl officeTextures/color_07
f  4590/5413/6  4587/5412/6  4588/5411/6  4589/5410/6

o entity49_brush1
usemtl officeTextures/color_07
f  4591/5422/1  4592/5423/1  4593/5424/1  4594/5425/1
usemtl officeTextures/color_07
f  4595/5516/2  4593/5517/2  4592/5518/2  4596/5519/2
usemtl officeTextures/color_07
f  4596/5466/3  4592/5467/3  4591/5468/3  4597/5469/3
usemtl officeTextures/color_07
f  4598/5520/4  4594/5521/4  4593/5513/4  4595/5512/4
usemtl officeTextures/color_07
f  4597/5519/5  4591/5518/5  4594/5517/5  4598/5516/5
usemtl officeTextures/color_07
f  4598/5425/6  4595/5424/6  4596/5423/6  4597/5422/6

o entity49_brush2
usemtl officeTextures/color_07
f  4599/5436/1  4600/5437/1  4601/5438/1  4602/5439/1
usemtl officeTextures/color_07
f  4603/5522/2  4601/5523/2  4600/5524/2  4604/5525/2
usemtl officeTextures/color_07
f  4604/5526/3  4600/5527/3  4599/5528/3  4605/5529/3
usemtl officeTextures/color_07
f  4606/5530/4  4602/5531/4  4601/5532/4  4603/5533/4
usemtl officeTextures/color_07
f  4605/5525/5  4599/5524/5  4602/5523/5  4606/5522/5
usemtl officeTextures/color_07
f  4606/5439/6  4603/5438/6  4604/5437/6  4605/5436/6

o entity49_brush3
usemtl officeTextures/color_07
f  4607/5452/1  4608/5453/1  4609/5423/1  4610/5422/1
usemtl officeTextures/color_07
f  4611/5519/2  4609/5518/2  4608/4459/2  4612/5534/2
usemtl officeTextures/color_07
f  4612/5512/3  4608/5513/3  4607/5521/3  4613/5520/3
usemtl officeTextures/color_07
f  4614/5520/4  4610/5521/4  4609/5513/4  4611/5512/4
usemtl officeTextures/color_07
f  4613/5534/5  4607/4459/5  4610/5518/5  4614/5519/5
usemtl officeTextures/color_07
f  4614/5422/6  4611/5423/6  4612/5453/6  4613/5452/6

o entity49_brush4
usemtl officeTextures/color_07
f  4615/5456/1  4616/5457/1  4617/5458/1  4618/5459/1
usemtl officeTextures/color_07
f  4619/5508/2  4617/5509/2  4616/5510/2  4620/5511/2
usemtl officeTextures/color_07
f  4620/5535/3  4616/5536/3  4615/5521/3  4621/5520/3
usemtl officeTextures/color_07
f  4622/5520/4  4618/5521/4  4617/5536/4  4619/5535/4
usemtl officeTextures/color_07
f  4621/5511/5  4615/5510/5  4618/5509/5  4622/5508/5
usemtl officeTextures/color_07
f  4622/5459/6  4619/5458/6  4620/5457/6  4621/5456/6

o entity49_brush5
usemtl officeTextures/color_07
f  4623/5422/1  4624/5423/1  4625/5424/1  4626/5425/1
usemtl officeTextures/color_07
f  4627/5537/2  4625/5538/2  4624/5539/2  4628/5540/2
usemtl officeTextures/color_07
f  4628/5541/3  4624/5542/3  4623/5543/3  4629/5544/3
usemtl officeTextures/color_07
f  4630/5545/4  4626/5530/4  4625/5546/4  4627/5547/4
usemtl officeTextures/color_07
f  4629/5540/5  4623/5539/5  4626/5538/5  4630/5537/5
usemtl officeTextures/color_07
f  4630/5425/6  4627/5424/6  4628/5423/6  4629/5422/6

o entity49_brush6
usemtl officeTextures/color_07
f  4631/5452/1  4632/5453/1  4633/5423/1  4634/5422/1
usemtl officeTextures/color_07
f  4635/5540/2  4633/5539/2  4632/5525/2  4636/5548/2
usemtl officeTextures/color_07
f  4636/5547/3  4632/5546/3  4631/5530/3  4637/5545/3
usemtl officeTextures/color_07
f  4638/5545/4  4634/5530/4  4633/5546/4  4635/5547/4
usemtl officeTextures/color_07
f  4637/5548/5  4631/5525/5  4634/5539/5  4638/5540/5
usemtl officeTextures/color_07
f  4638/5422/6  4635/5423/6  4636/5453/6  4637/5452/6

o entity49_brush7
usemtl officeTextures/color_07
f  4639/5410/1  4640/5411/1  4641/5412/1  4642/5413/1
usemtl officeTextures/color_07
f  4643/5549/2  4641/5550/2  4640/5551/2  4644/5552/2
usemtl officeTextures/color_07
f  4644/5547/3  4640/5546/3  4639/5553/3  4645/5554/3
usemtl officeTextures/color_07
f  4646/5554/4  4642/5553/4  4641/5546/4  4643/5547/4
usemtl officeTextures/color_07
f  4645/5552/5  4639/5551/5  4642/5550/5  4646/5549/5
usemtl officeTextures/color_07
f  4646/5413/6  4643/5412/6  4644/5411/6  4645/5410/6

o entity49_brush8
usemtl officeTextures/color_07
f  4647/5456/1  4648/5457/1  4649/5458/1  4650/5459/1
usemtl officeTextures/color_07
f  4651/5549/2  4649/5550/2  4648/5551/2  4652/5552/2
usemtl officeTextures/color_07
f  4652/5555/3  4648/5556/3  4647/5530/3  4653/5545/3
usemtl officeTextures/color_07
f  4654/5545/4  4650/5530/4  4649/5556/4  4651/5555/4
usemtl officeTextures/color_07
f  4653/5552/5  4647/5551/5  4650/5550/5  4654/5549/5
usemtl officeTextures/color_07
f  4654/5459/6  4651/5458/6  4652/5457/6  4653/5456/6

o entity49_brush9
usemtl officeTextures/color_07
f  4655/5482/1  4656/5483/1  4657/5484/1  4658/5485/1
usemtl officeTextures/color_07
f  4659/5557/2  4657/5558/2  4656/5524/2  4660/5525/2
usemtl officeTextures/color_07
f  4660/5559/3  4656/5560/3  4655/5466/3  4661/5561/3
usemtl officeTextures/color_07
f  4662/5530/4  4658/5531/4  4657/5562/4  4659/5546/4
usemtl officeTextures/color_07
f  4661/5525/5  4655/5524/5  4658/5558/5  4662/5557/5
usemtl officeTextures/color_07
f  4662/5485/6  4659/5484/6  4660/5483/6  4661/5482/6

o entity49_brush10
usemtl officeTextures/color_07
f  4663/5482/1  4664/5483/1  4665/5484/1  4666/5485/1
usemtl officeTextures/color_07
f  4667/5557/2  4665/5558/2  4664/5524/2  4668/5525/2
usemtl officeTextures/color_07
f  4668/5559/3  4664/5560/3  4663/5466/3  4669/5561/3
usemtl officeTextures/color_07
f  4670/5530/4  4666/5531/4  4665/5562/4  4667/5546/4
usemtl officeTextures/color_07
f  4669/5525/5  4663/5524/5  4666/5558/5  4670/5557/5
usemtl officeTextures/color_07
f  4670/5485/6  4667/5484/6  4668/5483/6  4669/5482/6

o entity49_brush11
usemtl officeTextures/color_07
f  4671/5492/1  4672/5493/1  4673/5494/1  4674/5495/1
usemtl officeTextures/color_07
f  4675/5563/2  4673/5564/2  4672/5565/2  4676/5566/2
usemtl officeTextures/color_07
f  4676/5559/3  4672/5560/3  4671/5466/3  4677/5561/3
usemtl officeTextures/color_07
f  4678/5530/4  4674/5531/4  4673/5562/4  4675/5546/4
usemtl officeTextures/color_07
f  4677/5566/5  4671/5565/5  4674/5564/5  4678/5563/5
usemtl officeTextures/color_07
f  4678/5495/6  4675/5494/6  4676/5493/6  4677/5492/6

o entity49_brush12
usemtl officeTextures/color_07
f  4679/5500/1  4680/5501/1  4681/5502/1  4682/5503/1
usemtl officeTextures/color_07
f  4683/5567/2  4681/5568/2  4680/5569/2  4684/5570/2
usemtl officeTextures/color_07
f  4684/5559/3  4680/5560/3  4679/5466/3  4685/5561/3
usemtl officeTextures/color_07
f  4686/5530/4  4682/5531/4  4681/5562/4  4683/5546/4
usemtl officeTextures/color_07
f  4685/5570/5  4679/5569/5  4682/5568/5  4686/5567/5
usemtl officeTextures/color_07
f  4686/5503/6  4683/5502/6  4684/5501/6  4685/5500/6

o entity49_brush13
usemtl officeTextures/color_07
f  4687/5500/1  4688/5501/1  4689/5502/1  4690/5503/1
usemtl officeTextures/color_07
f  4691/5567/2  4689/5568/2  4688/5569/2  4692/5570/2
usemtl officeTextures/color_07
f  4692/5559/3  4688/5560/3  4687/5466/3  4693/5561/3
usemtl officeTextures/color_07
f  4694/5530/4  4690/5531/4  4689/5562/4  4691/5546/4
usemtl officeTextures/color_07
f  4693/5570/5  4687/5569/5  4690/5568/5  4694/5567/5
usemtl officeTextures/color_07
f  4694/5503/6  4691/5502/6  4692/5501/6  4693/5500/6

o entity50_brush0
usemtl officeTextures/color_07
f  4695/5571/1  4696/5572/1  4697/5573/1  4698/5574/1
usemtl officeTextures/color_07
f  4699/5575/2  4697/5576/2  4696/5577/2  4700/5578/2
usemtl officeTextures/color_07
f  4700/5579/3  4696/5580/3  4695/5581/3  4701/5582/3
usemtl officeTextures/color_07
f  4702/5582/4  4698/5581/4  4697/5580/4  4699/5579/4
usemtl officeTextures/color_07
f  4701/5578/5  4695/5577/5  4698/5576/5  4702/5575/5
usemtl officeTextures/color_07
f  4702/5574/6  4699/5573/6  4700/5572/6  4701/5571/6

o entity50_brush1
usemtl officeTextures/color_07
f  4703/5583/1  4704/5584/1  4705/5585/1  4706/5586/1
usemtl officeTextures/color_07
f  4707/5587/2  4705/5588/2  4704/5589/2  4708/5590/2
usemtl officeTextures/color_07
f  4708/5591/3  4704/5592/3  4703/5593/3  4709/5594/3
usemtl officeTextures/color_07
f  4710/5594/4  4706/5593/4  4705/5592/4  4707/5591/4
usemtl officeTextures/color_07
f  4709/5590/5  4703/5589/5  4706/5588/5  4710/5587/5
usemtl officeTextures/color_07
f  4710/5586/6  4707/5585/6  4708/5584/6  4709/5583/6

o entity50_brush2
usemtl officeTextures/color_07
f  4711/5595/1  4712/5596/1  4713/5597/1  4714/5585/1
usemtl officeTextures/color_07
f  4715/5598/2  4713/5599/2  4712/5600/2  4716/5601/2
usemtl officeTextures/color_07
f  4716/5602/3  4712/5603/3  4711/5604/3  4717/5605/3
usemtl officeTextures/color_07
f  4718/5605/4  4714/5604/4  4713/5603/4  4715/5602/4
usemtl officeTextures/color_07
f  4717/5601/5  4711/5600/5  4714/5599/5  4718/5598/5
usemtl officeTextures/color_07
f  4718/5585/6  4715/5597/6  4716/5596/6  4717/5595/6

o entity50_brush3
usemtl officeTextures/color_07
f  4719/5606/1  4720/5607/1  4721/5586/1  4722/5608/1
usemtl officeTextures/color_07
f  4723/5598/2  4721/5599/2  4720/5600/2  4724/5601/2
usemtl officeTextures/color_07
f  4724/5609/3  4720/5610/3  4719/5611/3  4725/5612/3
usemtl officeTextures/color_07
f  4726/5612/4  4722/5611/4  4721/5610/4  4723/5609/4
usemtl officeTextures/color_07
f  4725/5601/5  4719/5600/5  4722/5599/5  4726/5598/5
usemtl officeTextures/color_07
f  4726/5608/6  4723/5586/6  4724/5607/6  4725/5606/6

o entity50_brush4
usemtl officeTextures/color_07
f  4727/5613/1  4728/5614/1  4729/5615/1  4730/5616/1
usemtl officeTextures/color_07
f  4731/5617/2  4729/5618/2  4728/5619/2  4732/5620/2
usemtl officeTextures/color_07
f  4732/5621/3  4728/5622/3  4727/5623/3  4733/5624/3
usemtl officeTextures/color_07
f  4734/5624/4  4730/5623/4  4729/5622/4  4731/5621/4
usemtl officeTextures/color_07
f  4733/5620/5  4727/5619/5  4730/5618/5  4734/5617/5
usemtl officeTextures/color_07
f  4734/5625/6  4731/5584/6  4732/5595/6  4733/5626/6

o entity50_brush5
usemtl officeTextures/color_07
f  4735/5627/1  4736/5628/1  4737/5629/1  4738/5630/1
usemtl officeTextures/color_07
f  4739/5617/2  4737/5618/2  4736/5619/2  4740/5620/2
usemtl officeTextures/color_07
f  4740/5631/3  4736/5632/3  4735/5633/3  4741/5634/3
usemtl officeTextures/color_07
f  4742/5634/4  4738/5633/4  4737/5632/4  4739/5631/4
usemtl officeTextures/color_07
f  4741/5620/5  4735/5619/5  4738/5618/5  4742/5617/5
usemtl officeTextures/color_07
f  4742/5583/6  4739/5635/6  4740/5636/6  4741/5607/6

o entity50_brush6
usemtl officeTextures/color_07
f  4743/5637/1  4744/5638/1  4745/5596/1  4746/5595/1
usemtl officeTextures/color_07
f  4747/5639/2  4745/5640/2  4744/5641/2  4748/5642/2
usemtl officeTextures/color_07
f  4748/5643/3  4744/5644/3  4743/5645/3  4749/5646/3
usemtl officeTextures/color_07
f  4750/5646/4  4746/5645/4  4745/5644/4  4747/5643/4
usemtl officeTextures/color_07
f  4749/5642/5  4743/5641/5  4746/5640/5  4750/5639/5
usemtl officeTextures/color_07
f  4750/5595/6  4747/5596/6  4748/5638/6  4749/5637/6

o entity50_brush7
usemtl officeTextures/color_07
f  4751/5647/1  4752/5648/1  4753/5638/1  4754/5637/1
usemtl officeTextures/color_07
f  4755/5642/2  4753/5649/2  4752/5650/2  4756/5651/2
usemtl officeTextures/color_07
f  4756/5643/3  4752/5652/3  4751/5653/3  4757/5646/3
usemtl officeTextures/color_07
f  4758/5646/4  4754/5653/4  4753/5652/4  4755/5643/4
usemtl officeTextures/color_07
f  4757/5651/5  4751/5650/5  4754/5649/5  4758/5642/5
usemtl officeTextures/color_07
f  4758/5637/6  4755/5638/6  4756/5648/6  4757/5647/6

o entity50_brush8
usemtl officeTextures/color_07
f  4759/5647/1  4760/5648/1  4761/5638/1  4762/5637/1
usemtl officeTextures/color_07
f  4763/5654/2  4761/5641/2  4760/5655/2  4764/5656/2
usemtl officeTextures/color_07
f  4764/5657/3  4760/5644/3  4759/5645/3  4765/5658/3
usemtl officeTextures/color_07
f  4766/5658/4  4762/5645/4  4761/5644/4  4763/5657/4
usemtl officeTextures/color_07
f  4765/5656/5  4759/5655/5  4762/5641/5  4766/5654/5
usemtl officeTextures/color_07
f  4766/5637/6  4763/5638/6  4764/5648/6  4765/5647/6

o entity50_brush9
usemtl officeTextures/color_07
f  4767/5659/1  4768/5660/1  4769/5661/1  4770/5662/1
usemtl officeTextures/color_07
f  4771/5642/2  4769/5649/2  4768/5650/2  4772/5651/2
usemtl officeTextures/color_07
f  4772/5663/3  4768/5664/3  4767/5665/3  4773/5666/3
usemtl officeTextures/color_07
f  4774/5667/4  4770/5668/4  4769/5669/4  4771/5670/4
usemtl officeTextures/color_07
f  4773/5651/5  4767/5650/5  4770/5649/5  4774/5642/5
usemtl officeTextures/color_07
f  4774/5662/6  4771/5661/6  4772/5660/6  4773/5659/6

o entity50_brush10
usemtl officeTextures/color_07
f  4775/5662/1  4776/5661/1  4777/5607/1  4778/5606/1
usemtl officeTextures/color_07
f  4779/5639/2  4777/5640/2  4776/5641/2  4780/5642/2
usemtl officeTextures/color_07
f  4780/5670/3  4776/5671/3  4775/5672/3  4781/5667/3
usemtl officeTextures/color_07
f  4782/5666/4  4778/5673/4  4777/5674/4  4779/5663/4
usemtl officeTextures/color_07
f  4781/5642/5  4775/5641/5  4778/5640/5  4782/5639/5
usemtl officeTextures/color_07
f  4782/5606/6  4779/5607/6  4780/5661/6  4781/5662/6

o entity50_brush11
usemtl officeTextures/color_07
f  4783/5659/1  4784/5660/1  4785/5661/1  4786/5662/1
usemtl officeTextures/color_07
f  4787/5654/2  4785/5641/2  4784/5655/2  4788/5656/2
usemtl officeTextures/color_07
f  4788/5675/3  4784/5674/3  4783/5673/3  4789/5676/3
usemtl officeTextures/color_07
f  4790/5677/4  4786/5672/4  4785/5671/4  4787/5678/4
usemtl officeTextures/color_07
f  4789/5656/5  4783/5655/5  4786/5641/5  4790/5654/5
usemtl officeTextures/color_07
f  4790/5662/6  4787/5661/6  4788/5660/6  4789/5659/6

o entity51_brush0
usemtl officeTextures/color_08
f  4791/4465/1  4792/4470/1  4793/4469/1  4794/4468/1
usemtl officeTextures/color_08
f  4795/5679/2  4793/5680/2  4792/5681/2  4796/5682/2
usemtl officeTextures/color_08
f  4796/5683/3  4792/5684/3  4791/5685/3  4797/5686/3
usemtl officeTextures/color_08
f  4798/5686/4  4794/5685/4  4793/5684/4  4795/5683/4
usemtl officeTextures/color_08
f  4797/5682/5  4791/5681/5  4794/5680/5  4798/5679/5
usemtl officeTextures/color_08
f  4798/4468/6  4795/4469/6  4796/4470/6  4797/4465/6

o entity51_brush1
usemtl officeTextures/color_08
f  4799/4507/1  4800/4506/1  4801/4505/1  4802/4504/1
usemtl officeTextures/color_08
f  4803/5687/2  4801/5688/2  4800/5689/2  4804/5690/2
usemtl officeTextures/color_08
f  4804/5691/3  4800/5692/3  4799/5693/3  4805/5694/3
usemtl officeTextures/color_08
f  4806/5694/4  4802/5693/4  4801/5692/4  4803/5691/4
usemtl officeTextures/color_08
f  4805/5690/5  4799/5689/5  4802/5688/5  4806/5687/5
usemtl officeTextures/color_08
f  4806/4504/6  4803/4505/6  4804/4506/6  4805/4507/6

o entity51_brush2
usemtl officeTextures/color_08
f  4807/4488/1  4808/4485/1  4809/4486/1  4810/4487/1
usemtl officeTextures/color_08
f  4811/5695/336  4809/4483/336  4808/4484/336  4812/5696/336
usemtl officeTextures/color_08
f  4812/5697/337  4808/5698/337  4807/5699/337
usemtl officeTextures/color_08
f  4809/5698/338  4811/5700/338  4813/5701/338
usemtl officeTextures/color_08
f  4813/5702/3  4811/5703/3  4812/5704/3  4814/5705/3
usemtl officeTextures/color_08
f  4814/5706/339  4812/5707/339  4807/5699/339
usemtl officeTextures/color_08
f  4810/5699/340  4809/5698/340  4813/5708/340
usemtl officeTextures/color_08
f  4810/4474/341  4813/5709/341  4814/5710/341  4807/4473/341

o entity51_brush3
usemtl officeTextures/color_08
f  4815/4503/342  4816/5711/342  4817/5712/342  4818/4502/342
usemtl officeTextures/color_08
f  4818/5713/343  4817/5714/343  4819/5715/343
usemtl officeTextures/color_08
f  4819/5715/344  4817/5716/344  4820/5717/344
usemtl officeTextures/color_08
f  4820/5718/3  4817/5719/3  4816/5720/3  4821/5721/3
usemtl officeTextures/color_08
f  4821/5722/339  4816/5723/339  4815/5713/339
usemtl officeTextures/color_08
f  4822/5715/345  4821/5724/345  4815/5713/345
usemtl officeTextures/color_08
f  4819/4493/346  4820/5725/346  4821/5726/346  4822/4492/346
usemtl officeTextures/color_08
f  4822/4491/6  4815/998/6  4818/4489/6  4819/4490/6

o entity51_brush4
usemtl officeTextures/color_08
f  4823/4465/1  4824/5727/1  4825/5728/1  4826/4464/1
usemtl officeTextures/color_08
f  4827/5729/2  4825/5730/2  4824/5681/2  4828/5682/2
usemtl officeTextures/color_08
f  4828/5731/3  4824/5732/3  4823/5685/3  4829/5686/3
usemtl officeTextures/color_08
f  4830/5686/4  4826/5685/4  4825/5732/4  4827/5731/4
usemtl officeTextures/color_08
f  4829/5682/5  4823/5681/5  4826/5730/5  4830/5729/5
usemtl officeTextures/color_08
f  4830/4464/6  4827/5728/6  4828/5727/6  4829/4465/6

o entity51_brush5
usemtl officeTextures/color_08
f  4831/5727/1  4832/5733/1  4833/5734/1  4834/5735/1
usemtl officeTextures/color_08
f  4835/5679/2  4833/5680/2  4832/5681/2  4836/5682/2
usemtl officeTextures/color_08
f  4836/5736/3  4832/5737/3  4831/5732/3  4837/5731/3
usemtl officeTextures/color_08
f  4838/5731/4  4834/5732/4  4833/5737/4  4835/5736/4
usemtl officeTextures/color_08
f  4837/5682/5  4831/5681/5  4834/5680/5  4838/5679/5
usemtl officeTextures/color_08
f  4838/5735/6  4835/5734/6  4836/5733/6  4837/5727/6

o entity51_brush6
usemtl officeTextures/color_08
f  4839/5738/1  4840/5739/1  4841/5740/1  4842/5741/1
usemtl officeTextures/color_08
f  4843/5742/347  4844/5743/347  4841/5744/347  4840/5745/347
usemtl officeTextures/color_08
f  4842/5699/348  4841/5698/348  4844/5697/348
usemtl officeTextures/color_08
f  4842/5699/349  4844/5707/349  4845/5706/349
usemtl officeTextures/color_08
f  4845/5746/3  4844/5747/3  4843/5748/3  4846/5749/3
usemtl officeTextures/color_08
f  4846/5701/350  4843/5700/350  4840/5698/350
usemtl officeTextures/color_08
f  4846/5708/351  4840/5698/351  4839/5699/351
usemtl officeTextures/color_08
f  4842/5750/341  4845/5751/341  4846/5752/341  4839/5753/341

o entity51_brush7
usemtl officeTextures/color_08
f  4847/5754/342  4848/5755/342  4849/5756/342  4850/5757/342
usemtl officeTextures/color_08
f  4851/5715/352  4848/5714/352  4847/5713/352
usemtl officeTextures/color_08
f  4850/5713/353  4849/5723/353  4852/5722/353
usemtl officeTextures/color_08
f  4852/5758/3  4849/5759/3  4848/5760/3  4853/5761/3
usemtl officeTextures/color_08
f  4853/5717/354  4848/5716/354  4851/5715/354
usemtl officeTextures/color_08
f  4850/5713/355  4852/5724/355  4854/5715/355
usemtl officeTextures/color_08
f  4854/5762/356  4852/5763/356  4853/5764/356  4851/5765/356
usemtl officeTextures/color_08
f  4847/5766/6  4850/5767/6  4854/5768/6  4851/5769/6

o entity51_brush8
usemtl officeTextures/color_08
f  4855/5770/1  4856/5771/1  4857/5772/1  4858/5773/1
usemtl officeTextures/color_08
f  4859/5687/2  4857/5688/2  4856/5689/2  4860/5690/2
usemtl officeTextures/color_08
f  4860/5774/3  4856/5775/3  4855/5776/3  4861/5777/3
usemtl officeTextures/color_08
f  4862/5777/4  4858/5776/4  4857/5775/4  4859/5774/4
usemtl officeTextures/color_08
f  4861/5690/5  4855/5689/5  4858/5688/5  4862/5687/5
usemtl officeTextures/color_08
f  4862/5773/6  4859/5772/6  4860/5771/6  4861/5770/6

o entity51_brush9
usemtl officeTextures/color_08
f  4863/5778/317  4864/5779/317  4865/5780/317  4866/5781/317
usemtl officeTextures/color_08
f  4867/5782/2  4865/5783/2  4864/5784/2  4868/5785/2
usemtl officeTextures/color_08
f  4868/5786/3  4864/5787/3  4863/5788/3  4869/5789/3
usemtl officeTextures/color_08
f  4870/5789/4  4866/5691/4  4865/5774/4  4867/5786/4
usemtl officeTextures/color_08
f  4869/5785/5  4863/5784/5  4866/5783/5  4870/5782/5
usemtl officeTextures/color_08
f  4870/4517/6  4867/5790/6  4868/5734/6  4869/4469/6

o entity51_brush10
usemtl officeTextures/color_08
f  4871/4517/1  4872/5790/1  4873/5791/1  4874/5792/1  4875/5793/1  4876/5794/1  4877/5795/1  4878/4539/1
usemtl officeTextures/color_08
f  4879/5796/2  4873/5797/2  4872/5783/2  4880/5782/2
usemtl officeTextures/color_08
f  4881/5798/357  4874/5799/357  4873/5797/357  4879/5796/357
usemtl officeTextures/color_08
f  4882/5800/358  4875/5801/358  4874/5802/358  4881/5803/358
usemtl officeTextures/color_08
f  4880/5786/3  4872/5774/3  4871/5691/3  4883/5789/3
usemtl officeTextures/color_08
f  4884/5804/4  4876/5805/4  4875/5777/4  4882/5806/4
usemtl officeTextures/color_08
f  4885/5807/359  4877/5808/359  4876/5809/359  4884/5810/359
usemtl officeTextures/color_08
f  4886/5796/360  4878/5797/360  4877/5799/360  4885/5798/360
usemtl officeTextures/color_08
f  4883/5782/5  4871/5783/5  4878/5797/5  4886/5796/5
usemtl officeTextures/color_08
f  4885/5795/6  4884/5794/6  4882/5793/6  4881/5792/6  4879/5791/6  4880/5790/6  4883/4517/6  4886/4539/6

o entity51_brush11
usemtl officeTextures/color_08
f  4887/4470/1  4888/5733/1  4889/5811/1  4890/4559/1
usemtl officeTextures/color_08
f  4891/5812/2  4889/5813/2  4888/5814/2  4892/5815/2
usemtl officeTextures/color_08
f  4892/5816/3  4888/5817/3  4887/5818/3  4893/5819/3
usemtl officeTextures/color_08
f  4894/5788/4  4890/5818/4  4889/5817/4  4891/5787/4
usemtl officeTextures/color_08
f  4893/5815/5  4887/5814/5  4890/5813/5  4894/5812/5
usemtl officeTextures/color_08
f  4894/5820/361  4891/5821/361  4892/5822/361  4893/5823/361

o entity51_brush12
usemtl officeTextures/color_08
f  4895/5824/1  4896/5825/1  4897/5826/1  4898/5827/1
usemtl officeTextures/color_08
f  4898/5828/362  4897/5829/362  4899/5830/362  4900/5831/362
usemtl officeTextures/color_08
f  4901/5832/363  4902/5833/363  4896/5834/363  4895/5835/363
usemtl officeTextures/color_08
f  4899/5836/364  4897/5837/364  4896/5838/364  4902/5839/364
usemtl officeTextures/color_08
f  4903/5840/365  4902/5841/365  4901/5842/365  4904/5843/365
usemtl officeTextures/color_08
f  4900/5844/366  4899/5845/366  4905/5846/366  4906/5847/366
usemtl officeTextures/color_08
f  4905/5848/367  4899/5849/367  4902/5850/367  4903/5851/367
usemtl officeTextures/color_08
f  4907/5813/2  4906/5852/2  4905/5853/2  4908/5814/2
usemtl officeTextures/color_08
f  4908/5817/3  4905/5848/3  4903/5851/3  4909/5818/3
usemtl officeTextures/color_08
f  4910/5818/4  4904/5851/4  4901/5850/4  4895/5854/4  4898/5855/4  4900/5849/4  4906/5848/4  4907/5817/4
usemtl officeTextures/color_08
f  4909/5814/5  4903/5853/5  4904/5852/5  4910/5813/5
usemtl officeTextures/color_08
f  4910/4559/6  4907/5811/6  4908/5733/6  4909/4470/6

o entity52_brush0
usemtl officeTextures/color_07
f  4911/5856/1  4912/135/1  4913/5857/1  4914/5858/1
usemtl officeTextures/color_07
f  4915/5859/2  4913/5860/2  4912/5861/2  4916/5862/2
usemtl officeTextures/color_07
f  4916/5863/3  4912/5864/3  4911/5865/3  4917/5866/3
usemtl officeTextures/color_07
f  4918/5866/4  4914/5865/4  4913/5864/4  4915/5863/4
usemtl officeTextures/color_07
f  4917/5862/5  4911/5861/5  4914/5860/5  4918/5859/5
usemtl officeTextures/color_07
f  4918/5858/6  4915/5857/6  4916/135/6  4917/5856/6

o entity52_brush1
usemtl officeTextures/color_07
f  4919/5867/1  4920/5857/1  4921/5868/1  4922/5869/1
usemtl officeTextures/color_07
f  4923/5870/2  4921/5871/2  4920/5872/2  4924/5859/2
usemtl officeTextures/color_07
f  4924/5863/3  4920/5873/3  4919/5874/3  4925/5875/3
usemtl officeTextures/color_07
f  4926/5875/4  4922/5874/4  4921/5873/4  4923/5863/4
usemtl officeTextures/color_07
f  4925/5859/5  4919/5872/5  4922/5871/5  4926/5870/5
usemtl officeTextures/color_07
f  4926/5869/6  4923/5868/6  4924/5857/6  4925/5867/6

o entity52_brush2
usemtl officeTextures/color_07
f  4927/5876/1  4928/5877/1  4929/5878/1  4930/5879/1
usemtl officeTextures/color_07
f  4931/5880/2  4929/5881/2  4928/5882/2  4932/5883/2
usemtl officeTextures/color_07
f  4932/5863/3  4928/5864/3  4927/5865/3  4933/5866/3
usemtl officeTextures/color_07
f  4934/5866/4  4930/5865/4  4929/5864/4  4931/5863/4
usemtl officeTextures/color_07
f  4933/5883/5  4927/5882/5  4930/5881/5  4934/5880/5
usemtl officeTextures/color_07
f  4934/5879/6  4931/5878/6  4932/5877/6  4933/5876/6

o entity52_brush3
usemtl officeTextures/color_07
f  4935/5867/1  4936/5857/1  4937/5868/1  4938/5869/1
usemtl officeTextures/color_07
f  4939/5884/2  4937/5885/2  4936/5860/2  4940/5886/2
usemtl officeTextures/color_07
f  4940/5887/3  4936/5864/3  4935/5888/3  4941/5889/3
usemtl officeTextures/color_07
f  4942/5889/4  4938/5888/4  4937/5864/4  4939/5887/4
usemtl officeTextures/color_07
f  4941/5886/5  4935/5860/5  4938/5885/5  4942/5884/5
usemtl officeTextures/color_07
f  4942/5869/6  4939/5868/6  4940/5857/6  4941/5867/6

o entity52_brush4
usemtl officeTextures/color_07
f  4943/5890/1  4944/5891/1  4945/659/1  4946/5892/1
usemtl officeTextures/color_07
f  4947/5870/2  4945/5885/2  4944/5860/2  4948/5859/2
usemtl officeTextures/color_07
f  4948/5893/3  4944/5894/3  4943/5895/3  4949/5896/3
usemtl officeTextures/color_07
f  4950/5896/4  4946/5895/4  4945/5894/4  4947/5893/4
usemtl officeTextures/color_07
f  4949/5859/5  4943/5860/5  4946/5885/5  4950/5870/5
usemtl officeTextures/color_07
f  4950/5892/6  4947/659/6  4948/5891/6  4949/5890/6

o entity52_brush5
usemtl officeTextures/color_07
f  4951/5897/1  4952/5898/1  4953/5899/1  4954/5900/1
usemtl officeTextures/color_07
f  4955/5901/2  4953/5902/2  4952/5886/2  4956/5872/2
usemtl officeTextures/color_07
f  4956/5903/3  4952/5904/3  4951/5905/3  4957/5906/3
usemtl officeTextures/color_07
f  4958/5906/4  4954/5905/4  4953/5904/4  4955/5903/4
usemtl officeTextures/color_07
f  4957/5872/5  4951/5886/5  4954/5902/5  4958/5901/5
usemtl officeTextures/color_07
f  4958/5900/6  4955/5899/6  4956/5898/6  4957/5897/6

o entity52_brush6
usemtl officeTextures/color_07
f  4959/5897/1  4960/5898/1  4961/5899/1  4962/5900/1
usemtl officeTextures/color_07
f  4963/5901/2  4961/5902/2  4960/5886/2  4964/5872/2
usemtl officeTextures/color_07
f  4964/5903/3  4960/5904/3  4959/5905/3  4965/5906/3
usemtl officeTextures/color_07
f  4966/5906/4  4962/5905/4  4961/5904/4  4963/5903/4
usemtl officeTextures/color_07
f  4965/5872/5  4959/5886/5  4962/5902/5  4966/5901/5
usemtl officeTextures/color_07
f  4966/5900/6  4963/5899/6  4964/5898/6  4965/5897/6

o entity53_brush0
usemtl officeTextures/color_08
f  4967/5907/298  4968/5908/298  4969/5909/298  4970/5910/298
usemtl officeTextures/color_08
f  4971/5911/299  4969/5912/299  4968/5913/299  4972/5914/299
usemtl officeTextures/color_08
f  4972/5915/3  4968/5916/3  4967/5917/3  4973/5918/3
usemtl officeTextures/color_08
f  4974/5919/4  4970/5920/4  4969/5921/4  4971/5922/4
usemtl officeTextures/color_08
f  4973/5914/300  4967/5913/300  4970/5912/300  4974/5911/300
usemtl officeTextures/color_08
f  4974/5910/301  4971/5909/301  4972/5908/301  4973/5907/301

o entity53_brush1
usemtl officeTextures/color_08
f  4975/5923/1  4976/5910/1  4977/5909/1  4978/5924/1  4979/5925/1  4980/5926/1
usemtl officeTextures/color_08
f  4978/5927/2  4977/5928/2  4981/5929/2
usemtl officeTextures/color_08
f  4981/5922/3  4977/5930/3  4976/5931/3  4982/5919/3
usemtl officeTextures/color_08
f  4983/5932/4  4980/5933/4  4979/5934/4  4984/5935/4
usemtl officeTextures/color_08
f  4982/5929/5  4976/5928/5  4975/5927/5
usemtl officeTextures/color_08
f  4984/5936/368  4979/5937/368  4978/5938/368  4981/5911/368
usemtl officeTextures/color_08
f  4982/5911/369  4975/5938/369  4980/5937/369  4983/5936/369
usemtl officeTextures/color_08
f  4984/5935/316  4981/5922/316  4982/5919/316  4983/5932/316

o entity53_brush2
usemtl officeTextures/color_08
f  4985/5939/1  4986/5910/1  4987/5909/1  4988/5940/1
usemtl officeTextures/color_08
f  4989/5927/370  4988/5941/370  4987/5942/370
usemtl officeTextures/color_08
f  4986/5942/371  4985/5941/371  4990/5927/371
usemtl officeTextures/color_08
f  4991/5943/372  4988/5944/372  4989/5945/372
usemtl officeTextures/color_08
f  4990/5945/373  4985/5944/373  4992/5943/373
usemtl officeTextures/color_08
f  4989/5945/2  4987/5946/2  4993/5947/2
usemtl officeTextures/color_08
f  4993/5930/3  4987/5921/3  4986/5920/3  4994/5931/3
usemtl officeTextures/color_08
f  4992/5933/4  4985/5948/4  4988/5949/4  4991/5934/4
usemtl officeTextures/color_08
f  4994/5947/5  4986/5946/5  4990/5945/5
usemtl officeTextures/color_08
f  4990/5950/6  4992/5951/6  4991/5952/6  4989/5953/6  4993/5954/6  4994/5955/6

o entity53_brush3
usemtl officeTextures/color_08
f  4995/5956/1  4996/5957/1  4997/5958/1  4998/5959/1
usemtl officeTextures/color_08
f  4999/5960/374  4996/5961/374  4995/5962/374  5000/5963/374
usemtl officeTextures/color_08
f  5001/5964/2  4997/5965/2  4996/5966/2  4999/5967/2
usemtl officeTextures/color_08
f  5002/5968/375  4998/5969/375  4997/5970/375  5001/5971/375
usemtl officeTextures/color_08
f  5000/5972/5  4995/5973/5  4998/5974/5  5002/5975/5
usemtl officeTextures/color_08
f  5002/5959/6  5001/5958/6  4999/5957/6  5000/5956/6

o entity53_brush4
usemtl officeTextures/color_08
f  5003/5976/1  5004/5977/1  5005/5978/1  5006/5979/1
usemtl officeTextures/color_08
f  5007/5980/357  5005/5981/357  5004/5966/357  5008/5967/357
usemtl officeTextures/color_08
f  5009/5982/320  5006/5983/320  5005/5984/320  5007/5985/320
usemtl officeTextures/color_08
f  5008/5986/3  5004/5987/3  5003/5970/3  5010/5971/3
usemtl officeTextures/color_08
f  5010/5988/5  5003/5989/5  5006/5990/5  5009/5991/5
usemtl officeTextures/color_08
f  5007/5978/6  5008/5977/6  5010/5976/6  5009/5979/6

o entity53_brush5
usemtl officeTextures/color_08
f  5011/5992/1  5012/5993/1  5013/5994/1  5014/5995/1  5015/5996/1  5016/5997/1
usemtl officeTextures/color_08
f  5017/5998/2  5015/5999/2  5014/6000/2  5018/6001/2
usemtl officeTextures/color_08
f  5018/6002/376  5014/6003/376  5013/6004/376  5019/6005/376
usemtl officeTextures/color_08
f  5019/6006/3  5013/6007/3  5012/6008/3  5020/6009/3
usemtl officeTextures/color_08
f  5021/6010/4  5016/6011/4  5015/6012/4  5017/6013/4
usemtl officeTextures/color_08
f  5020/6014/300  5012/6015/300  5011/6016/300  5022/6017/300
usemtl officeTextures/color_08
f  5022/6018/5  5011/6019/5  5016/6020/5  5021/6021/5
usemtl officeTextures/color_08
f  5018/5995/6  5019/5994/6  5020/5993/6  5022/5992/6  5021/5997/6  5017/5996/6

o entity53_brush6
usemtl officeTextures/color_08
f  5023/6022/1  5024/6023/1  5025/6024/1  5026/6025/1
usemtl officeTextures/color_08
f  5027/6026/2  5025/6027/2  5024/6028/2  5028/6029/2
usemtl officeTextures/color_08
f  5028/6030/3  5024/6031/3  5023/6032/3  5029/6033/3
usemtl officeTextures/color_08
f  5030/6034/4  5026/6035/4  5025/6031/4  5027/6030/4
usemtl officeTextures/color_08
f  5029/6036/359  5023/6037/359  5026/6038/359  5030/6039/359
usemtl officeTextures/color_08
f  5030/6025/6  5027/6024/6  5028/6023/6  5029/6022/6

o entity53_brush7
usemtl officeTextures/color_08
f  5031/6040/1  5032/6022/1  5033/6041/1  5034/6042/1
usemtl officeTextures/color_08
f  5035/6043/358  5033/6044/358  5032/6037/358  5036/6036/358
usemtl officeTextures/color_08
f  5036/6033/3  5032/6032/3  5031/6045/3  5037/6046/3
usemtl officeTextures/color_08
f  5038/6046/4  5034/6045/4  5033/6047/4  5035/6048/4
usemtl officeTextures/color_08
f  5037/6029/5  5031/6028/5  5034/6027/5  5038/6026/5
usemtl officeTextures/color_08
f  5038/6042/6  5035/6041/6  5036/6022/6  5037/6040/6

o entity53_brush8
usemtl officeTextures/color_08
f  5039/6040/1  5040/6022/1  5041/6041/1  5042/6042/1
usemtl officeTextures/color_08
f  5043/6043/358  5041/6044/358  5040/6037/358  5044/6036/358
usemtl officeTextures/color_08
f  5044/6033/3  5040/6032/3  5039/6045/3  5045/6046/3
usemtl officeTextures/color_08
f  5046/6046/4  5042/6045/4  5041/6047/4  5043/6048/4
usemtl officeTextures/color_08
f  5045/6029/5  5039/6028/5  5042/6027/5  5046/6026/5
usemtl officeTextures/color_08
f  5046/6042/6  5043/6041/6  5044/6022/6  5045/6040/6

o entity53_brush9
usemtl officeTextures/color_08
f  5047/6022/1  5048/6023/1  5049/6024/1  5050/6025/1
usemtl officeTextures/color_08
f  5051/6026/2  5049/6027/2  5048/6028/2  5052/6029/2
usemtl officeTextures/color_08
f  5052/6030/3  5048/6031/3  5047/6032/3  5053/6033/3
usemtl officeTextures/color_08
f  5054/6034/4  5050/6035/4  5049/6031/4  5051/6030/4
usemtl officeTextures/color_08
f  5053/6036/359  5047/6037/359  5050/6038/359  5054/6039/359
usemtl officeTextures/color_08
f  5054/6025/6  5051/6024/6  5052/6023/6  5053/6022/6

o entity53_brush10
usemtl officeTextures/color_08
f  5055/6049/1  5056/6050/1  5057/6051/1  5058/6052/1  5059/6053/1  5060/6054/1
usemtl officeTextures/color_08
f  5061/6055/2  5059/6056/2  5058/6057/2  5062/6058/2
usemtl officeTextures/color_08
f  5062/6059/299  5058/6060/299  5057/6061/299  5063/6062/299
usemtl officeTextures/color_08
f  5063/6063/3  5057/6064/3  5056/6065/3  5064/6066/3
usemtl officeTextures/color_08
f  5065/6067/4  5060/6068/4  5059/6069/4  5061/6070/4
usemtl officeTextures/color_08
f  5064/6071/377  5056/6072/377  5055/6073/377  5066/6074/377
usemtl officeTextures/color_08
f  5066/6075/5  5055/6076/5  5060/6077/5  5065/6078/5
usemtl officeTextures/color_08
f  5065/6054/6  5061/6053/6  5062/6052/6  5063/6051/6  5064/6050/6  5066/6049/6

o entity53_brush11
usemtl officeTextures/color_08
f  5067/6079/1  5068/6080/1  5069/6081/1  5070/6082/1
usemtl officeTextures/color_08
f  5071/6083/2  5069/6084/2  5068/6085/2  5072/6086/2
usemtl officeTextures/color_08
f  5072/6087/3  5068/6088/3  5067/6089/3  5073/6090/3
usemtl officeTextures/color_08
f  5074/6091/321  5070/6092/321  5069/6093/321  5071/6094/321
usemtl officeTextures/color_08
f  5073/6095/360  5067/6096/360  5070/6097/360  5074/6098/360
usemtl officeTextures/color_08
f  5074/6082/6  5071/6081/6  5072/6080/6  5073/6079/6

o entity53_brush12
usemtl officeTextures/color_08
f  5075/6099/1  5076/6100/1  5077/6081/1  5078/6080/1
usemtl officeTextures/color_08
f  5079/6101/2  5076/6102/2  5075/6103/2  5080/6104/2
usemtl officeTextures/color_08
f  5081/6087/378  5077/6088/378  5076/6105/378  5079/6106/378
usemtl officeTextures/color_08
f  5082/6095/5  5078/6096/5  5077/6107/5  5081/6108/5
usemtl officeTextures/color_08
f  5080/6109/379  5075/6110/379  5078/6111/379  5082/6112/379
usemtl officeTextures/color_08
f  5082/6080/6  5081/6081/6  5079/6100/6  5080/6099/6

o entity54_brush0
usemtl officeTextures/color_08
f  5083/6113/1  5084/6114/1  5085/6115/1  5086/4634/1
usemtl officeTextures/color_08
f  5087/6116/2  5085/6117/2  5084/6118/2  5088/6119/2
usemtl officeTextures/color_08
f  5088/6120/3  5084/6121/3  5083/6122/3  5089/6123/3
usemtl officeTextures/color_08
f  5090/6123/4  5086/6122/4  5085/6121/4  5087/6120/4
usemtl officeTextures/color_08
f  5089/6119/5  5083/6118/5  5086/6117/5  5090/6116/5
usemtl officeTextures/color_08
f  5090/4634/6  5087/6115/6  5088/6114/6  5089/6113/6

o entity55_brush0
usemtl officeTextures/color_08
f  5091/6124/1  5092/6125/1  5093/6126/1  5094/6127/1
usemtl officeTextures/color_08
f  5094/6127/225  5093/6126/225  5095/6128/225  5096/6129/225
usemtl officeTextures/color_08
f  5097/6130/318  5092/6125/318  5091/6124/318  5098/6131/318
usemtl officeTextures/color_08
f  5099/6132/2  5096/6133/2  5095/6134/2  5100/6135/2
usemtl officeTextures/color_08
f  5101/6136/3  5100/6137/3  5095/6138/3  5093/6139/3  5092/6140/3  5097/6141/3  5102/6142/3  5103/6143/3
usemtl officeTextures/color_08
f  5104/6143/4  5105/6142/4  5098/6141/4  5091/6140/4  5094/6139/4  5096/6138/4  5099/6137/4  5106/6136/4
usemtl officeTextures/color_08
f  5102/6135/5  5097/6134/5  5098/6133/5  5105/6132/5
usemtl officeTextures/color_08
f  5106/6127/228  5099/6129/228  5100/6128/228  5101/6126/228
usemtl officeTextures/color_08
f  5103/6125/319  5102/6130/319  5105/6131/319  5104/6124/319
usemtl officeTextures/color_08
f  5106/6127/6  5101/6126/6  5103/6125/6  5104/6124/6

o entity55_brush1
usemtl officeTextures/color_08
f  5107/6144/1  5108/6145/1  5109/6146/1  5110/6147/1  5111/6148/1  5112/6149/1  5113/6150/1
usemtl officeTextures/color_08
f  5114/6151/2  5109/6152/2  5108/6153/2  5115/6154/2
usemtl officeTextures/color_08
f  5116/6155/272  5110/6156/272  5109/6157/272  5114/6158/272
usemtl officeTextures/color_08
f  5117/6159/320  5111/6160/320  5110/6156/320  5116/6155/320
usemtl officeTextures/color_08
f  5115/6161/3  5108/6162/3  5107/6163/3  5118/6164/3
usemtl officeTextures/color_08
f  5119/6165/321  5112/6166/321  5111/6160/321  5117/6159/321
usemtl officeTextures/color_08
f  5120/6167/250  5113/6168/250  5112/6166/250  5119/6165/250
usemtl officeTextures/color_08
f  5118/6154/5  5107/6153/5  5113/6152/5  5120/6151/5
usemtl officeTextures/color_08
f  5116/6147/6  5114/6146/6  5115/6145/6  5118/6144/6  5120/6150/6  5119/6149/6  5117/6148/6

o entity55_brush2
usemtl officeTextures/color_08
f  5121/6144/1  5122/6145/1  5123/6146/1  5124/6147/1  5125/6148/1  5126/6149/1  5127/6150/1
usemtl officeTextures/color_08
f  5128/6151/2  5123/6152/2  5122/6153/2  5129/6154/2
usemtl officeTextures/color_08
f  5130/6155/272  5124/6156/272  5123/6157/272  5128/6158/272
usemtl officeTextures/color_08
f  5131/6159/320  5125/6160/320  5124/6156/320  5130/6155/320
usemtl officeTextures/color_08
f  5129/6161/3  5122/6162/3  5121/6163/3  5132/6164/3
usemtl officeTextures/color_08
f  5133/6169/321  5126/6170/321  5125/6171/321  5131/6172/321
usemtl officeTextures/color_08
f  5134/6173/250  5127/6174/250  5126/6170/250  5133/6169/250
usemtl officeTextures/color_08
f  5132/6154/5  5121/6153/5  5127/6152/5  5134/6151/5
usemtl officeTextures/color_08
f  5130/6147/6  5128/6146/6  5129/6145/6  5132/6144/6  5134/6150/6  5133/6149/6  5131/6148/6

o entity55_brush3
usemtl officeTextures/color_08
f  5135/6175/1  5136/6145/1  5137/6146/1  5138/6147/1  5139/6148/1  5140/6176/1
usemtl officeTextures/color_08
f  5141/6151/2  5137/6152/2  5136/6153/2  5142/6154/2
usemtl officeTextures/color_08
f  5143/6155/322  5138/6156/322  5137/6157/322  5141/6158/322
usemtl officeTextures/color_08
f  5144/6159/323  5139/6160/323  5138/6156/323  5143/6155/323
usemtl officeTextures/color_08
f  5142/6161/3  5136/6162/3  5135/6177/3  5145/6178/3
usemtl officeTextures/color_08
f  5146/6179/4  5140/6180/4  5139/6181/4  5144/6182/4
usemtl officeTextures/color_08
f  5145/6183/5  5135/6184/5  5140/6185/5  5146/6186/5
usemtl officeTextures/color_08
f  5145/6175/6  5146/6176/6  5144/6148/6  5143/6147/6  5141/6146/6  5142/6145/6

o entity55_brush4
usemtl officeTextures/color_08
f  5147/6175/1  5148/6145/1  5149/6146/1  5150/6147/1  5151/6148/1  5152/6176/1
usemtl officeTextures/color_08
f  5153/6187/2  5149/6188/2  5148/6189/2  5154/6190/2
usemtl officeTextures/color_08
f  5155/6191/322  5150/6192/322  5149/6193/322  5153/6194/322
usemtl officeTextures/color_08
f  5156/6195/323  5151/6196/323  5150/6192/323  5155/6191/323
usemtl officeTextures/color_08
f  5154/6197/3  5148/6198/3  5147/6199/3  5157/6200/3
usemtl officeTextures/color_08
f  5158/6201/4  5152/6202/4  5151/6203/4  5156/6204/4
usemtl officeTextures/color_08
f  5157/6205/5  5147/6206/5  5152/6207/5  5158/6208/5
usemtl officeTextures/color_08
f  5157/6175/6  5158/6176/6  5156/6148/6  5155/6147/6  5153/6146/6  5154/6145/6

o entity55_brush5
usemtl officeTextures/color_08
f  5159/6144/1  5160/6145/1  5161/6146/1  5162/6147/1  5163/6148/1  5164/6149/1  5165/6150/1
usemtl officeTextures/color_08
f  5166/6187/2  5161/6188/2  5160/6189/2  5167/6190/2
usemtl officeTextures/color_08
f  5168/6191/272  5162/6192/272  5161/6193/272  5166/6194/272
usemtl officeTextures/color_08
f  5169/6195/320  5163/6196/320  5162/6192/320  5168/6191/320
usemtl officeTextures/color_08
f  5167/6197/3  5160/6198/3  5159/6209/3  5170/6210/3
usemtl officeTextures/color_08
f  5171/6211/321  5164/6212/321  5163/6213/321  5169/6214/321
usemtl officeTextures/color_08
f  5172/6215/250  5165/6216/250  5164/6212/250  5171/6211/250
usemtl officeTextures/color_08
f  5170/6190/5  5159/6189/5  5165/6188/5  5172/6187/5
usemtl officeTextures/color_08
f  5168/6147/6  5166/6146/6  5167/6145/6  5170/6144/6  5172/6150/6  5171/6149/6  5169/6148/6

o entity55_brush6
usemtl officeTextures/color_08
f  5173/6144/1  5174/6145/1  5175/6146/1  5176/6147/1  5177/6148/1  5178/6149/1  5179/6150/1
usemtl officeTextures/color_08
f  5180/6187/2  5175/6188/2  5174/6189/2  5181/6190/2
usemtl officeTextures/color_08
f  5182/6191/272  5176/6192/272  5175/6193/272  5180/6194/272
usemtl officeTextures/color_08
f  5183/6195/320  5177/6196/320  5176/6192/320  5182/6191/320
usemtl officeTextures/color_08
f  5181/6197/3  5174/6198/3  5173/6209/3  5184/6210/3
usemtl officeTextures/color_08
f  5185/6217/321  5178/6218/321  5177/6196/321  5183/6195/321
usemtl officeTextures/color_08
f  5186/6219/250  5179/6220/250  5178/6218/250  5185/6217/250
usemtl officeTextures/color_08
f  5184/6190/5  5173/6189/5  5179/6188/5  5186/6187/5
usemtl officeTextures/color_08
f  5182/6147/6  5180/6146/6  5181/6145/6  5184/6144/6  5186/6150/6  5185/6149/6  5183/6148/6

o entity55_brush7
usemtl officeTextures/color_08
f  5187/6221/324  5188/6222/324  5189/6223/324  5190/6224/324
usemtl officeTextures/color_08
f  5191/6225/2  5189/6226/2  5188/6227/2  5192/6228/2
usemtl officeTextures/color_08
f  5192/6229/3  5188/6230/3  5187/6231/3  5193/6232/3  5194/6233/3
usemtl officeTextures/color_08
f  5195/6234/4  5196/6235/4  5190/6236/4  5189/6237/4  5191/6238/4
usemtl officeTextures/color_08
f  5193/6239/5  5187/6227/5  5190/6226/5  5196/6240/5
usemtl officeTextures/color_08
f  5194/6241/325  5193/6242/325  5196/6243/325  5195/6244/325
usemtl officeTextures/color_08
f  5194/6245/326  5195/6246/326  5191/6247/326  5192/6248/326

o entity55_brush8
usemtl officeTextures/color_08
f  5197/6246/327  5198/6245/327  5199/6248/327  5200/6247/327
usemtl officeTextures/color_08
f  5201/6249/328  5198/6250/328  5197/6251/328  5202/6252/328
usemtl officeTextures/color_08
f  5203/6253/2  5200/6254/2  5199/6135/2  5204/6255/2
usemtl officeTextures/color_08
f  5204/6256/3  5199/6257/3  5198/6258/3  5201/6259/3  5205/6260/3
usemtl officeTextures/color_08
f  5206/6261/4  5202/6262/4  5197/6263/4  5200/6264/4  5203/6265/4
usemtl officeTextures/color_08
f  5205/6255/5  5201/6266/5  5202/6267/5  5206/6253/5
usemtl officeTextures/color_08
f  5205/6221/329  5206/6224/329  5203/6223/329  5204/6222/329

o entity55_brush9
usemtl officeTextures/color_08
f  5207/6268/327  5208/6245/327  5209/6248/327  5210/6269/327
usemtl officeTextures/color_08
f  5211/6270/330  5208/6271/330  5207/6272/330  5212/6273/330
usemtl officeTextures/color_08
f  5213/6274/2  5210/6275/2  5209/6276/2  5214/6228/2
usemtl officeTextures/color_08
f  5214/6277/3  5209/6278/3  5208/6279/3  5211/6280/3  5215/6281/3  5216/6282/3
usemtl officeTextures/color_08
f  5217/6282/4  5218/6281/4  5212/6280/4  5207/6279/4  5210/6278/4  5213/6277/4
usemtl officeTextures/color_08
f  5215/6239/5  5211/6283/5  5212/6284/5  5218/6285/5
usemtl officeTextures/color_08
f  5216/6286/331  5215/6287/331  5218/6288/331  5217/6289/331
usemtl officeTextures/color_08
f  5217/6268/326  5213/6269/326  5214/6248/326  5216/6245/326

